cClassTrib;anexo_lc214;descricao_item_anexo;tipo_codigo;ncm_nbs;condicao;excecao;tipo_permissao;observacao;ini_vig;fim_vig;fonte
200003;I;Arroz das subposições 1006.20 e 1006.30 e do código 1006.40.00 da NCM/SH;NCM;10062010;DESTINADOS À ALIMENTAÇÃO HUMANA;;PERMITIDO;;2026-01-01;;https://dfe-portal.svrs.rs.gov.br/DFE/TabelaClassificacaoTributaria
200003;I;Arroz das subposições 1006.20 e 1006.30 e do código 1006.40.00 da NCM/SH;NCM;10062020;DESTINADOS À ALIMENTAÇÃO HUMANA;;PERMITIDO;;2026-01-01;;https://dfe-portal.svrs.rs.gov.br/DFE/TabelaClassificacaoTributaria
200003;I;Arroz das subposições 1006.20 e 1006.30 e do código 1006.40.00 da NCM/SH;NCM;10063011;DESTINADOS À ALIMENTAÇÃO HUMANA;;PERMITIDO;;2026-01-01;;https://dfe-portal.svrs.rs.gov.br/DFE/TabelaClassificacaoTributaria
200003;I;Arroz das subposições 1006.20 e 1006.30 e do código 1006.40.00 da NCM/SH;NCM;10063019;DESTINADOS À ALIMENTAÇÃO HUMANA;;PERMITIDO;;2026-01-01;;https://dfe-portal.svrs.rs.gov.br/DFE/TabelaClassificacaoTributaria
200003;I;Arroz das subposições 1006.20 e 1006.30 e do código 1006.40.00 da NCM/SH;NCM;10063021;DESTINADOS À ALIMENTAÇÃO HUMANA;;PERMITIDO;;2026-01-01;;https://dfe-portal.svrs.rs.gov.br/DFE/TabelaClassificacaoTributaria
200003;I;Arroz das subposições 1006.20 e 1006.30 e do código 1006.40.00 da NCM/SH;NCM;10063029;DESTINADOS À ALIMENTAÇÃO HUMANA;;PERMITIDO;;2026-01-01;;https://dfe-portal.svrs.rs.gov.br/DFE/TabelaClassificacaoTributaria
200003;I;Arroz das subposições 1006.20 e 1006.30 e do código 1006.40.00 da NCM/SH;NCM;10064000;DESTINADOS À ALIMENTAÇÃO HUMANA;;PERMITIDO;;2026-01-01;;https://dfe-portal.svrs.rs.gov.br/DFE/TabelaClassificacaoTributaria
200003;I;Leite, em conformidade com os requisitos da legislação específica relativos ao consumo direto pela população, classificado nos códigos 0401.10.10, 0401.10.90, 0401.20.10, 0401.20.90, 0401.40.10 e 0401.50.10 da NCM/SH;NCM;04011010;DESTINADOS À ALIMENTAÇÃO HUMANA;;PERMITIDO;;2026-01-01;;https://dfe-portal.svrs.rs.gov.br/DFE/TabelaClassificacaoTributaria
200003;I;Leite, em conformidade com os requisitos da legislação específica relativos ao consumo direto pela população, classificado nos códigos 0401.10.10, 0401.10.90, 0401.20.10, 0401.20.90, 0401.40.10 e 0401.50.10 da NCM/SH;NCM;04011090;DESTINADOS À ALIMENTAÇÃO HUMANA;;PERMITIDO;;2026-01-01;;https://dfe-portal.svrs.rs.gov.br/DFE/TabelaClassificacaoTributaria
200003;I;Leite, em conformidade com os requisitos da legislação específica relativos ao consumo direto pela população, classificado nos códigos 0401.10.10, 0401.10.90, 0401.20.10, 0401.20.90, 0401.40.10 e 0401.50.10 da NCM/SH;NCM;04012010;DESTINADOS À ALIMENTAÇÃO HUMANA;;PERMITIDO;;2026-01-01;;https://dfe-portal.svrs.rs.gov.br/DFE/TabelaClassificacaoTributaria
200003;I;Leite, em conformidade com os requisitos da legislação específica relativos ao consumo direto pela população, classificado nos códigos 0401.10.10, 0401.10.90, 0401.20.10, 0401.20.90, 0401.40.10 e 0401.50.10 da NCM/SH;NCM;04012090;DESTINADOS À ALIMENTAÇÃO HUMANA;;PERMITIDO;;2026-01-01;;https://dfe-portal.svrs.rs.gov.br/DFE/TabelaClassificacaoTributaria
200003;I;Leite, em conformidade com os requisitos da legislação específica relativos ao consumo direto pela população, classificado nos códigos 0401.10.10, 0401.10.90, 0401.20.10, 0401.20.90, 0401.40.10 e 0401.50.10 da NCM/SH;NCM;04014010;DESTINADOS À ALIMENTAÇÃO HUMANA;;PERMITIDO;;2026-01-01;;https://dfe-portal.svrs.rs.gov.br/DFE/TabelaClassificacaoTributaria
200003;I;Leite, em conformidade com os requisitos da legislação específica relativos ao consumo direto pela população, classificado nos códigos 0401.10.10, 0401.10.90, 0401.20.10, 0401.20.90, 0401.40.10 e 0401.50.10 da NCM/SH;NCM;04015010;DESTINADOS À ALIMENTAÇÃO HUMANA;;PERMITIDO;;2026-01-01;;https://dfe-portal.svrs.rs.gov.br/DFE/TabelaClassificacaoTributaria
200003;I;Leite em pó, em conformidade com os requisitos da legislação específica, classificado nos códigos 0402.10.10, 0402.10.90, 0402.21.10, 0402.21.20, 0402.29.10 e 0402.29.20 da NCM/SH;NCM;04021010;DESTINADOS À ALIMENTAÇÃO HUMANA;;PERMITIDO;;2026-01-01;;https://dfe-portal.svrs.rs.gov.br/DFE/TabelaClassificacaoTributaria
200003;I;Leite em pó, em conformidade com os requisitos da legislação específica, classificado nos códigos 0402.10.10, 0402.10.90, 0402.21.10, 0402.21.20, 0402.29.10 e 0402.29.20 da NCM/SH;NCM;04021090;DESTINADOS À ALIMENTAÇÃO HUMANA;;PERMITIDO;;2026-01-01;;https://dfe-portal.svrs.rs.gov.br/DFE/TabelaClassificacaoTributaria
200003;I;Leite em pó, em conformidade com os requisitos da legislação específica, classificado nos códigos 0402.10.10, 0402.10.90, 0402.21.10, 0402.21.20, 0402.29.10 e 0402.29.20 da NCM/SH;NCM;04022110;DESTINADOS À ALIMENTAÇÃO HUMANA;;PERMITIDO;;2026-01-01;;https://dfe-portal.svrs.rs.gov.br/DFE/TabelaClassificacaoTributaria
200003;I;Leite em pó, em conformidade com os requisitos da legislação específica, classificado nos códigos 0402.10.10, 0402.10.90, 0402.21.10, 0402.21.20, 0402.29.10 e 0402.29.20 da NCM/SH;NCM;04022120;DESTINADOS À ALIMENTAÇÃO HUMANA;;PERMITIDO;;2026-01-01;;https://dfe-portal.svrs.rs.gov.br/DFE/TabelaClassificacaoTributaria
200003;I;Leite em pó, em conformidade com os requisitos da legislação específica, classificado nos códigos 0402.10.10, 0402.10.90, 0402.21.10, 0402.21.20, 0402.29.10 e 0402.29.20 da NCM/SH;NCM;04022910;DESTINADOS À ALIMENTAÇÃO HUMANA;;PERMITIDO;;2026-01-01;;https://dfe-portal.svrs.rs.gov.br/DFE/TabelaClassificacaoTributaria
200003;I;Leite em pó, em conformidade com os requisitos da legislação específica, classificado nos códigos 0402.10.10, 0402.10.90, 0402.21.10, 0402.21.20, 0402.29.10 e 0402.29.20 da NCM/SH;NCM;04022920;DESTINADOS À ALIMENTAÇÃO HUMANA;;PERMITIDO;;2026-01-01;;https://dfe-portal.svrs.rs.gov.br/DFE/TabelaClassificacaoTributaria
200003;I;Fórmulas infantis, em conformidade com os requisitos da legislação específica, classificadas nos códigos 1901.10.10, 1901.10.90 e 2106.90.90 da NCM/SH;NCM;19011010;DESTINADOS À ALIMENTAÇÃO HUMANA;;PERMITIDO;;2026-01-01;;https://dfe-portal.svrs.rs.gov.br/DFE/TabelaClassificacaoTributaria
200003;I;Fórmulas infantis, em conformidade com os requisitos da legislação específica, classificadas nos códigos 1901.10.10, 1901.10.90 e 2106.90.90 da NCM/SH;NCM;19011090;DESTINADOS À ALIMENTAÇÃO HUMANA;;PERMITIDO;;2026-01-01;;https://dfe-portal.svrs.rs.gov.br/DFE/TabelaClassificacaoTributaria
200003;I;Fórmulas infantis, em conformidade com os requisitos da legislação específica, classificadas nos códigos 1901.10.10, 1901.10.90 e 2106.90.90 da NCM/SH;NCM;21069090;DESTINADOS À ALIMENTAÇÃO HUMANA;;PERMITIDO;;2026-01-01;;https://dfe-portal.svrs.rs.gov.br/DFE/TabelaClassificacaoTributaria
200003;I;Manteiga do código 0405.10.00 da NCM/SH;NCM;04051000;DESTINADOS À ALIMENTAÇÃO HUMANA;;PERMITIDO;;2026-01-01;;https://dfe-portal.svrs.rs.gov.br/DFE/TabelaClassificacaoTributaria
200003;I;Margarina do código 1517.10.00 da NCM/SH;NCM;15171000;DESTINADOS À ALIMENTAÇÃO HUMANA;;PERMITIDO;;2026-01-01;;https://dfe-portal.svrs.rs.gov.br/DFE/TabelaClassificacaoTributaria
200003;I;Feijões dos códigos 0713.33.19, 0713.33.29, 0713.33.99 e 0713.35.90 da NCM/SH;NCM;07133319;DESTINADOS À ALIMENTAÇÃO HUMANA;;PERMITIDO;;2026-01-01;;https://dfe-portal.svrs.rs.gov.br/DFE/TabelaClassificacaoTributaria
200003;I;Feijões dos códigos 0713.33.19, 0713.33.29, 0713.33.99 e 0713.35.90 da NCM/SH;NCM;07133329;DESTINADOS À ALIMENTAÇÃO HUMANA;;PERMITIDO;;2026-01-01;;https://dfe-portal.svrs.rs.gov.br/DFE/TabelaClassificacaoTributaria
200003;I;Feijões dos códigos 0713.33.19, 0713.33.29, 0713.33.99 e 0713.35.90 da NCM/SH;NCM;07133399;DESTINADOS À ALIMENTAÇÃO HUMANA;;PERMITIDO;;2026-01-01;;https://dfe-portal.svrs.rs.gov.br/DFE/TabelaClassificacaoTributaria
200003;I;Feijões dos códigos 0713.33.19, 0713.33.29, 0713.33.99 e 0713.35.90 da NCM/SH;NCM;07133590;DESTINADOS À ALIMENTAÇÃO HUMANA;;PERMITIDO;;2026-01-01;;https://dfe-portal.svrs.rs.gov.br/DFE/TabelaClassificacaoTributaria
200003;I;Café da posição 09.01 e da subposição 2101.1, ambos da NCM/SH;NCM;09011110;DESTINADOS À ALIMENTAÇÃO HUMANA;;PERMITIDO;;2026-01-01;;https://dfe-portal.svrs.rs.gov.br/DFE/TabelaClassificacaoTributaria
200003;I;Café da posição 09.01 e da subposição 2101.1, ambos da NCM/SH;NCM;09011190;DESTINADOS À ALIMENTAÇÃO HUMANA;;PERMITIDO;;2026-01-01;;https://dfe-portal.svrs.rs.gov.br/DFE/TabelaClassificacaoTributaria
200003;I;Café da posição 09.01 e da subposição 2101.1, ambos da NCM/SH;NCM;09011200;DESTINADOS À ALIMENTAÇÃO HUMANA;;PERMITIDO;;2026-01-01;;https://dfe-portal.svrs.rs.gov.br/DFE/TabelaClassificacaoTributaria
200003;I;Café da posição 09.01 e da subposição 2101.1, ambos da NCM/SH;NCM;09012100;DESTINADOS À ALIMENTAÇÃO HUMANA;;PERMITIDO;;2026-01-01;;https://dfe-portal.svrs.rs.gov.br/DFE/TabelaClassificacaoTributaria
200003;I;Café da posição 09.01 e da subposição 2101.1, ambos da NCM/SH;NCM;09012200;DESTINADOS À ALIMENTAÇÃO HUMANA;;PERMITIDO;;2026-01-01;;https://dfe-portal.svrs.rs.gov.br/DFE/TabelaClassificacaoTributaria
200003;I;Café da posição 09.01 e da subposição 2101.1, ambos da NCM/SH;NCM;09019000;DESTINADOS À ALIMENTAÇÃO HUMANA;;PERMITIDO;;2026-01-01;;https://dfe-portal.svrs.rs.gov.br/DFE/TabelaClassificacaoTributaria
200003;I;Café da posição 09.01 e da subposição 2101.1, ambos da NCM/SH;NCM;21011110;DESTINADOS À ALIMENTAÇÃO HUMANA;;PERMITIDO;;2026-01-01;;https://dfe-portal.svrs.rs.gov.br/DFE/TabelaClassificacaoTributaria
200003;I;Café da posição 09.01 e da subposição 2101.1, ambos da NCM/SH;NCM;21011190;DESTINADOS À ALIMENTAÇÃO HUMANA;;PERMITIDO;;2026-01-01;;https://dfe-portal.svrs.rs.gov.br/DFE/TabelaClassificacaoTributaria
200003;I;Café da posição 09.01 e da subposição 2101.1, ambos da NCM/SH;NCM;21011200;DESTINADOS À ALIMENTAÇÃO HUMANA;;PERMITIDO;;2026-01-01;;https://dfe-portal.svrs.rs.gov.br/DFE/TabelaClassificacaoTributaria
200003;I;Óleo de babaçu do código 1513.21.20 da NCM/SH, em conformidade com os requisitos da legislação específica relativos ao consumo como alimento;NCM;15132120;DESTINADOS À ALIMENTAÇÃO HUMANA;;PERMITIDO;;2026-01-01;;https://dfe-portal.svrs.rs.gov.br/DFE/TabelaClassificacaoTributaria
200003;I;Farinha de mandioca classificada no código 1106.20.00 da NCM/SH e tapioca e seus sucedâneos do código 1903.00.00 da NCM/SH;NCM;11062000;DESTINADOS À ALIMENTAÇÃO HUMANA;;PERMITIDO;;2026-01-01;;https://dfe-portal.svrs.rs.gov.br/DFE/TabelaClassificacaoTributaria
200003;I;Farinha de mandioca classificada no código 1106.20.00 da NCM/SH e tapioca e seus sucedâneos do código 1903.00.00 da NCM/SH;NCM;19030000;DESTINADOS À ALIMENTAÇÃO HUMANA;;PERMITIDO;;2026-01-01;;https://dfe-portal.svrs.rs.gov.br/DFE/TabelaClassificacaoTributaria
200003;I;Farinha, grumos e sêmolas, de milho, dos códigos 1102.20.00 e 1103.13.00 da NCM;NCM;11022000;DESTINADOS À ALIMENTAÇÃO HUMANA;;PERMITIDO;;2026-01-01;;https://dfe-portal.svrs.rs.gov.br/DFE/TabelaClassificacaoTributaria
200003;I;Farinha, grumos e sêmolas, de milho, dos códigos 1102.20.00 e 1103.13.00 da NCM;NCM;11031300;DESTINADOS À ALIMENTAÇÃO HUMANA;;PERMITIDO;;2026-01-01;;https://dfe-portal.svrs.rs.gov.br/DFE/TabelaClassificacaoTributaria
200003;I;Grãos de milho classificados no código 1104.19.00 e do código 1104.23.00 da NCM/SH;NCM;11041900;DESTINADOS À ALIMENTAÇÃO HUMANA;;PERMITIDO;;2026-01-01;;https://dfe-portal.svrs.rs.gov.br/DFE/TabelaClassificacaoTributaria
200003;I;Grãos de milho classificados no código 1104.19.00 e do código 1104.23.00 da NCM/SH;NCM;11042300;DESTINADOS À ALIMENTAÇÃO HUMANA;;PERMITIDO;;2026-01-01;;https://dfe-portal.svrs.rs.gov.br/DFE/TabelaClassificacaoTributaria
200003;I;Farinha de trigo do código 1101.00.10 da NCM/SH;NCM;11010010;DESTINADOS À ALIMENTAÇÃO HUMANA;;PERMITIDO;;2026-01-01;;https://dfe-portal.svrs.rs.gov.br/DFE/TabelaClassificacaoTributaria
200003;I;Açúcar classificado nos códigos 1701.14.00 e 1701.99.00 da NCM/SH;NCM;17011400;DESTINADOS À ALIMENTAÇÃO HUMANA;;PERMITIDO;;2026-01-01;;https://dfe-portal.svrs.rs.gov.br/DFE/TabelaClassificacaoTributaria
200003;I;Açúcar classificado nos códigos 1701.14.00 e 1701.99.00 da NCM/SH;NCM;17019900;DESTINADOS À ALIMENTAÇÃO HUMANA;;PERMITIDO;;2026-01-01;;https://dfe-portal.svrs.rs.gov.br/DFE/TabelaClassificacaoTributaria
200003;I;Massas alimentícias da subposição 1902.1 da NCM/SH;NCM;19021100;DESTINADOS À ALIMENTAÇÃO HUMANA;;PERMITIDO;;2026-01-01;;https://dfe-portal.svrs.rs.gov.br/DFE/TabelaClassificacaoTributaria
200003;I;Massas alimentícias da subposição 1902.1 da NCM/SH;NCM;19021900;DESTINADOS À ALIMENTAÇÃO HUMANA;;PERMITIDO;;2026-01-01;;https://dfe-portal.svrs.rs.gov.br/DFE/TabelaClassificacaoTributaria
200003;I;Pão comumente denominado pão francês, de formato cilíndrico e alongado, com miolo branco creme e macio, e casca dourada e crocante, elaborado a partir da mistura ou pré-mistura de farinha de trigo, fermento biológico, água, sal, açúcar, aditivos alimentares e produtos de fortificação de farinhas, em conformidade com a legislação vigente, classificado no código 1905.90.90 da NCM/SH e a pré-mistura ou massa, para preparação do pão comumente denominado pão francês, dos códigos 1901.20.10 e 1901.20.90 da NCM/SH;NCM;19012010;DESTINADOS À ALIMENTAÇÃO HUMANA;;PERMITIDO;;2026-01-01;;https://dfe-portal.svrs.rs.gov.br/DFE/TabelaClassificacaoTributaria
200003;I;Pão comumente denominado pão francês, de formato cilíndrico e alongado, com miolo branco creme e macio, e casca dourada e crocante, elaborado a partir da mistura ou pré-mistura de farinha de trigo, fermento biológico, água, sal, açúcar, aditivos alimentares e produtos de fortificação de farinhas, em conformidade com a legislação vigente, classificado no código 1905.90.90 da NCM/SH e a pré-mistura ou massa, para preparação do pão comumente denominado pão francês, dos códigos 1901.20.10 e 1901.20.90 da NCM/SH;NCM;19059090;DESTINADOS À ALIMENTAÇÃO HUMANA;;PERMITIDO;;2026-01-01;;https://dfe-portal.svrs.rs.gov.br/DFE/TabelaClassificacaoTributaria
200003;I;Grãos de aveia dos códigos 1104.12.00 e 1104.22.00 da NCM/SH;NCM;11041200;DESTINADOS À ALIMENTAÇÃO HUMANA;;PERMITIDO;;2026-01-01;;https://dfe-portal.svrs.rs.gov.br/DFE/TabelaClassificacaoTributaria
200003;I;Pão comumente denominado pão francês, de formato cilíndrico e alongado, com miolo branco creme e macio, e casca dourada e crocante, elaborado a partir da mistura ou pré-mistura de farinha de trigo, fermento biológico, água, sal, açúcar, aditivos alimentares e produtos de fortificação de farinhas, em conformidade com a legislação vigente, classificado no código 1905.90.90 da NCM/SH e a pré-mistura ou massa, para preparação do pão comumente denominado pão francês, dos códigos 1901.20.10 e 1901.20.90 da NCM/SH;NCM;19012090;DESTINADOS À ALIMENTAÇÃO HUMANA;;PERMITIDO;;2026-01-01;;https://dfe-portal.svrs.rs.gov.br/DFE/TabelaClassificacaoTributaria
200003;I;Grãos de aveia dos códigos 1104.12.00 e 1104.22.00 da NCM/SH;NCM;11042200;DESTINADOS À ALIMENTAÇÃO HUMANA;;PERMITIDO;;2026-01-01;;https://dfe-portal.svrs.rs.gov.br/DFE/TabelaClassificacaoTributaria
200003;I;Farinha de aveia classificada no código 1102.90.00 da NCM/SH;NCM;11029000;DESTINADOS À ALIMENTAÇÃO HUMANA;;PERMITIDO;;2026-01-01;;https://dfe-portal.svrs.rs.gov.br/DFE/TabelaClassificacaoTributaria
200003;I;Carnes bovina, suína, ovina, caprina e de aves e produtos de origem animal (exceto foies gras) dos seguintes códigos, subposições e posições da NCM/SH: a) 02.01, 02.02, 0206.10.00, 0206.2 e 0210.20.00, b) 02.03, 0206.30.00, 0206.4, 0209.10 e 0210.1, c) 02.04 e 0210.99.20, carne caprina classificada no código 0210.99.90 e miudezas comestíveis de ovinos e caprinos classificadas nos códigos 0206.80.00 e 0206.90.00, d) 02.07, 0209.90.00 e 0210.99.1, exceto os produtos dos códigos 0207.43.00 e 0207.53.00;NCM;02011000;DESTINADOS À ALIMENTAÇÃO HUMANA;Produtos de origem animal (foies gras), Códigos 0207.43.00 e 0207.53.00;PERMITIDO;;2026-01-01;;https://dfe-portal.svrs.rs.gov.br/DFE/TabelaClassificacaoTributaria
200003;I;Carnes bovina, suína, ovina, caprina e de aves e produtos de origem animal (exceto foies gras) dos seguintes códigos, subposições e posições da NCM/SH: a) 02.01, 02.02, 0206.10.00, 0206.2 e 0210.20.00, b) 02.03, 0206.30.00, 0206.4, 0209.10 e 0210.1, c) 02.04 e 0210.99.20, carne caprina classificada no código 0210.99.90 e miudezas comestíveis de ovinos e caprinos classificadas nos códigos 0206.80.00 e 0206.90.00, d) 02.07, 0209.90.00 e 0210.99.1, exceto os produtos dos códigos 0207.43.00 e 0207.53.00;NCM;02012010;DESTINADOS À ALIMENTAÇÃO HUMANA;Produtos de origem animal (foies gras), Códigos 0207.43.00 e 0207.53.00;PERMITIDO;;2026-01-01;;https://dfe-portal.svrs.rs.gov.br/DFE/TabelaClassificacaoTributaria
200003;I;Carnes bovina, suína, ovina, caprina e de aves e produtos de origem animal (exceto foies gras) dos seguintes códigos, subposições e posições da NCM/SH: a) 02.01, 02.02, 0206.10.00, 0206.2 e 0210.20.00, b) 02.03, 0206.30.00, 0206.4, 0209.10 e 0210.1, c) 02.04 e 0210.99.20, carne caprina classificada no código 0210.99.90 e miudezas comestíveis de ovinos e caprinos classificadas nos códigos 0206.80.00 e 0206.90.00, d) 02.07, 0209.90.00 e 0210.99.1, exceto os produtos dos códigos 0207.43.00 e 0207.53.00;NCM;02012020;DESTINADOS À ALIMENTAÇÃO HUMANA;Produtos de origem animal (foies gras), Códigos 0207.43.00 e 0207.53.00;PERMITIDO;;2026-01-01;;https://dfe-portal.svrs.rs.gov.br/DFE/TabelaClassificacaoTributaria
200003;I;Carnes bovina, suína, ovina, caprina e de aves e produtos de origem animal (exceto foies gras) dos seguintes códigos, subposições e posições da NCM/SH: a) 02.01, 02.02, 0206.10.00, 0206.2 e 0210.20.00, b) 02.03, 0206.30.00, 0206.4, 0209.10 e 0210.1, c) 02.04 e 0210.99.20, carne caprina classificada no código 0210.99.90 e miudezas comestíveis de ovinos e caprinos classificadas nos códigos 0206.80.00 e 0206.90.00, d) 02.07, 0209.90.00 e 0210.99.1, exceto os produtos dos códigos 0207.43.00 e 0207.53.00;NCM;02012090;DESTINADOS À ALIMENTAÇÃO HUMANA;Produtos de origem animal (foies gras), Códigos 0207.43.00 e 0207.53.00;PERMITIDO;;2026-01-01;;https://dfe-portal.svrs.rs.gov.br/DFE/TabelaClassificacaoTributaria
200003;I;Carnes bovina, suína, ovina, caprina e de aves e produtos de origem animal (exceto foies gras) dos seguintes códigos, subposições e posições da NCM/SH: a) 02.01, 02.02, 0206.10.00, 0206.2 e 0210.20.00, b) 02.03, 0206.30.00, 0206.4, 0209.10 e 0210.1, c) 02.04 e 0210.99.20, carne caprina classificada no código 0210.99.90 e miudezas comestíveis de ovinos e caprinos classificadas nos códigos 0206.80.00 e 0206.90.00, d) 02.07, 0209.90.00 e 0210.99.1, exceto os produtos dos códigos 0207.43.00 e 0207.53.00;NCM;02013000;DESTINADOS À ALIMENTAÇÃO HUMANA;Produtos de origem animal (foies gras), Códigos 0207.43.00 e 0207.53.00;PERMITIDO;;2026-01-01;;https://dfe-portal.svrs.rs.gov.br/DFE/TabelaClassificacaoTributaria
200003;I;Carnes bovina, suína, ovina, caprina e de aves e produtos de origem animal (exceto foies gras) dos seguintes códigos, subposições e posições da NCM/SH: a) 02.01, 02.02, 0206.10.00, 0206.2 e 0210.20.00, b) 02.03, 0206.30.00, 0206.4, 0209.10 e 0210.1, c) 02.04 e 0210.99.20, carne caprina classificada no código 0210.99.90 e miudezas comestíveis de ovinos e caprinos classificadas nos códigos 0206.80.00 e 0206.90.00, d) 02.07, 0209.90.00 e 0210.99.1, exceto os produtos dos códigos 0207.43.00 e 0207.53.00;NCM;02021000;DESTINADOS À ALIMENTAÇÃO HUMANA;Produtos de origem animal (foies gras), Códigos 0207.43.00 e 0207.53.00;PERMITIDO;;2026-01-01;;https://dfe-portal.svrs.rs.gov.br/DFE/TabelaClassificacaoTributaria
200003;I;Carnes bovina, suína, ovina, caprina e de aves e produtos de origem animal (exceto foies gras) dos seguintes códigos, subposições e posições da NCM/SH: a) 02.01, 02.02, 0206.10.00, 0206.2 e 0210.20.00, b) 02.03, 0206.30.00, 0206.4, 0209.10 e 0210.1, c) 02.04 e 0210.99.20, carne caprina classificada no código 0210.99.90 e miudezas comestíveis de ovinos e caprinos classificadas nos códigos 0206.80.00 e 0206.90.00, d) 02.07, 0209.90.00 e 0210.99.1, exceto os produtos dos códigos 0207.43.00 e 0207.53.00;NCM;02022010;DESTINADOS À ALIMENTAÇÃO HUMANA;Produtos de origem animal (foies gras), Códigos 0207.43.00 e 0207.53.00;PERMITIDO;;2026-01-01;;https://dfe-portal.svrs.rs.gov.br/DFE/TabelaClassificacaoTributaria
200003;I;Carnes bovina, suína, ovina, caprina e de aves e produtos de origem animal (exceto foies gras) dos seguintes códigos, subposições e posições da NCM/SH: a) 02.01, 02.02, 0206.10.00, 0206.2 e 0210.20.00, b) 02.03, 0206.30.00, 0206.4, 0209.10 e 0210.1, c) 02.04 e 0210.99.20, carne caprina classificada no código 0210.99.90 e miudezas comestíveis de ovinos e caprinos classificadas nos códigos 0206.80.00 e 0206.90.00, d) 02.07, 0209.90.00 e 0210.99.1, exceto os produtos dos códigos 0207.43.00 e 0207.53.00;NCM;02022020;DESTINADOS À ALIMENTAÇÃO HUMANA;Produtos de origem animal (foies gras), Códigos 0207.43.00 e 0207.53.00;PERMITIDO;;2026-01-01;;https://dfe-portal.svrs.rs.gov.br/DFE/TabelaClassificacaoTributaria
200003;I;Carnes bovina, suína, ovina, caprina e de aves e produtos de origem animal (exceto foies gras) dos seguintes códigos, subposições e posições da NCM/SH: a) 02.01, 02.02, 0206.10.00, 0206.2 e 0210.20.00, b) 02.03, 0206.30.00, 0206.4, 0209.10 e 0210.1, c) 02.04 e 0210.99.20, carne caprina classificada no código 0210.99.90 e miudezas comestíveis de ovinos e caprinos classificadas nos códigos 0206.80.00 e 0206.90.00, d) 02.07, 0209.90.00 e 0210.99.1, exceto os produtos dos códigos 0207.43.00 e 0207.53.00;NCM;02022090;DESTINADOS À ALIMENTAÇÃO HUMANA;Produtos de origem animal (foies gras), Códigos 0207.43.00 e 0207.53.00;PERMITIDO;;2026-01-01;;https://dfe-portal.svrs.rs.gov.br/DFE/TabelaClassificacaoTributaria
200003;I;Carnes bovina, suína, ovina, caprina e de aves e produtos de origem animal (exceto foies gras) dos seguintes códigos, subposições e posições da NCM/SH: a) 02.01, 02.02, 0206.10.00, 0206.2 e 0210.20.00, b) 02.03, 0206.30.00, 0206.4, 0209.10 e 0210.1, c) 02.04 e 0210.99.20, carne caprina classificada no código 0210.99.90 e miudezas comestíveis de ovinos e caprinos classificadas nos códigos 0206.80.00 e 0206.90.00, d) 02.07, 0209.90.00 e 0210.99.1, exceto os produtos dos códigos 0207.43.00 e 0207.53.00;NCM;02023000;DESTINADOS À ALIMENTAÇÃO HUMANA;Produtos de origem animal (foies gras), Códigos 0207.43.00 e 0207.53.00;PERMITIDO;;2026-01-01;;https://dfe-portal.svrs.rs.gov.br/DFE/TabelaClassificacaoTributaria
200003;I;Carnes bovina, suína, ovina, caprina e de aves e produtos de origem animal (exceto foies gras) dos seguintes códigos, subposições e posições da NCM/SH: a) 02.01, 02.02, 0206.10.00, 0206.2 e 0210.20.00, b) 02.03, 0206.30.00, 0206.4, 0209.10 e 0210.1, c) 02.04 e 0210.99.20, carne caprina classificada no código 0210.99.90 e miudezas comestíveis de ovinos e caprinos classificadas nos códigos 0206.80.00 e 0206.90.00, d) 02.07, 0209.90.00 e 0210.99.1, exceto os produtos dos códigos 0207.43.00 e 0207.53.00;NCM;02031100;DESTINADOS À ALIMENTAÇÃO HUMANA;Produtos de origem animal (foies gras), Códigos 0207.43.00 e 0207.53.00;PERMITIDO;;2026-01-01;;https://dfe-portal.svrs.rs.gov.br/DFE/TabelaClassificacaoTributaria
200003;I;Carnes bovina, suína, ovina, caprina e de aves e produtos de origem animal (exceto foies gras) dos seguintes códigos, subposições e posições da NCM/SH: a) 02.01, 02.02, 0206.10.00, 0206.2 e 0210.20.00, b) 02.03, 0206.30.00, 0206.4, 0209.10 e 0210.1, c) 02.04 e 0210.99.20, carne caprina classificada no código 0210.99.90 e miudezas comestíveis de ovinos e caprinos classificadas nos códigos 0206.80.00 e 0206.90.00, d) 02.07, 0209.90.00 e 0210.99.1, exceto os produtos dos códigos 0207.43.00 e 0207.53.00;NCM;02031200;DESTINADOS À ALIMENTAÇÃO HUMANA;Produtos de origem animal (foies gras), Códigos 0207.43.00 e 0207.53.00;PERMITIDO;;2026-01-01;;https://dfe-portal.svrs.rs.gov.br/DFE/TabelaClassificacaoTributaria
200003;I;Peixes e carnes de peixes (exceto salmonídeos, atuns, bacalhaus, hadoque, saithe e ovas e outros subprodutos) dos seguintes códigos, subposições e posições da NCM/SH: a) 03.02, exceto os produtos das subposições e dos códigos 0302.1, 0302.3, 0302.51.00, 0302.52.00, 0302.53.00 e 0302.9 da NCM/SH, b) 03.03, exceto os produtos das subposições e dos códigos 0303.1, 0303.4, 0303.63.00, 0303.64.00, 0303.65.00 e 0303.9 da NCM/SH, c) 03.04, exceto os salmonídeos, atuns, bacalhaus, hadoque e saithe classificados nas subposições 0304.4, 0304.5, 0304.7, 0304.8 e 0304.9 da NCM/SH;NCM;03024700;DESTINADOS À ALIMENTAÇÃO HUMANA;Produtos das subposições e dos códigos 0302.1, 0302.3, 0302.51.00, 0302.52.00, 0302.53.00 e 0302.9 da NCM/SH, produtos das subposições e dos códigos 0303.1, 0303.4, 0303.63.00, 0303.64.00, 0303.65.00 e 0303.9 da NCM/SH, salmonídeos, atuns, bacalhaus, hadoque e saithe classificados nas subposições 0304.4, 0304.5, 0304.7, 0304.8 e 0304.9 da NCM/SH;PERMITIDO;;2026-01-01;;https://dfe-portal.svrs.rs.gov.br/DFE/TabelaClassificacaoTributaria
200003;I;Peixes e carnes de peixes (exceto salmonídeos, atuns, bacalhaus, hadoque, saithe e ovas e outros subprodutos) dos seguintes códigos, subposições e posições da NCM/SH: a) 03.02, exceto os produtos das subposições e dos códigos 0302.1, 0302.3, 0302.51.00, 0302.52.00, 0302.53.00 e 0302.9 da NCM/SH, b) 03.03, exceto os produtos das subposições e dos códigos 0303.1, 0303.4, 0303.63.00, 0303.64.00, 0303.65.00 e 0303.9 da NCM/SH, c) 03.04, exceto os salmonídeos, atuns, bacalhaus, hadoque e saithe classificados nas subposições 0304.4, 0304.5, 0304.7, 0304.8 e 0304.9 da NCM/SH;NCM;03024910;DESTINADOS À ALIMENTAÇÃO HUMANA;Produtos das subposições e dos códigos 0302.1, 0302.3, 0302.51.00, 0302.52.00, 0302.53.00 e 0302.9 da NCM/SH, produtos das subposições e dos códigos 0303.1, 0303.4, 0303.63.00, 0303.64.00, 0303.65.00 e 0303.9 da NCM/SH, salmonídeos, atuns, bacalhaus, hadoque e saithe classificados nas subposições 0304.4, 0304.5, 0304.7, 0304.8 e 0304.9 da NCM/SH;PERMITIDO;;2026-01-01;;https://dfe-portal.svrs.rs.gov.br/DFE/TabelaClassificacaoTributaria
200003;I;Peixes e carnes de peixes (exceto salmonídeos, atuns, bacalhaus, hadoque, saithe e ovas e outros subprodutos) dos seguintes códigos, subposições e posições da NCM/SH: a) 03.02, exceto os produtos das subposições e dos códigos 0302.1, 0302.3, 0302.51.00, 0302.52.00, 0302.53.00 e 0302.9 da NCM/SH, b) 03.03, exceto os produtos das subposições e dos códigos 0303.1, 0303.4, 0303.63.00, 0303.64.00, 0303.65.00 e 0303.9 da NCM/SH, c) 03.04, exceto os salmonídeos, atuns, bacalhaus, hadoque e saithe classificados nas subposições 0304.4, 0304.5, 0304.7, 0304.8 e 0304.9 da NCM/SH;NCM;03021900;;Produtos das subposições e dos códigos 0302.1, 0302.3, 0302.51.00, 0302.52.00, 0302.53.00 e 0302.9 da NCM/SH, produtos das subposições e dos códigos 0303.1, 0303.4, 0303.63.00, 0303.64.00, 0303.65.00 e 0303.9 da NCM/SH, salmonídeos, atuns, bacalhaus, hadoque e saithe classificados nas subposições 0304.4, 0304.5, 0304.7, 0304.8 e 0304.9 da NCM/SH;VEDADO;;2026-01-01;;https://dfe-portal.svrs.rs.gov.br/DFE/TabelaClassificacaoTributaria
200003;I;Carnes bovina, suína, ovina, caprina e de aves e produtos de origem animal (exceto foies gras) dos seguintes códigos, subposições e posições da NCM/SH: a) 02.01, 02.02, 0206.10.00, 0206.2 e 0210.20.00, b) 02.03, 0206.30.00, 0206.4, 0209.10 e 0210.1, c) 02.04 e 0210.99.20, carne caprina classificada no código 0210.99.90 e miudezas comestíveis de ovinos e caprinos classificadas nos códigos 0206.80.00 e 0206.90.00, d) 02.07, 0209.90.00 e 0210.99.1, exceto os produtos dos códigos 0207.43.00 e 0207.53.00;NCM;02031900;DESTINADOS À ALIMENTAÇÃO HUMANA;Produtos de origem animal (foies gras), Códigos 0207.43.00 e 0207.53.00;PERMITIDO;;2026-01-01;;https://dfe-portal.svrs.rs.gov.br/DFE/TabelaClassificacaoTributaria
200003;I;Peixes e carnes de peixes (exceto salmonídeos, atuns, bacalhaus, hadoque, saithe e ovas e outros subprodutos) dos seguintes códigos, subposições e posições da NCM/SH: a) 03.02, exceto os produtos das subposições e dos códigos 0302.1, 0302.3, 0302.51.00, 0302.52.00, 0302.53.00 e 0302.9 da NCM/SH, b) 03.03, exceto os produtos das subposições e dos códigos 0303.1, 0303.4, 0303.63.00, 0303.64.00, 0303.65.00 e 0303.9 da NCM/SH, c) 03.04, exceto os salmonídeos, atuns, bacalhaus, hadoque e saithe classificados nas subposições 0304.4, 0304.5, 0304.7, 0304.8 e 0304.9 da NCM/SH;NCM;03024990;DESTINADOS À ALIMENTAÇÃO HUMANA;Produtos das subposições e dos códigos 0302.1, 0302.3, 0302.51.00, 0302.52.00, 0302.53.00 e 0302.9 da NCM/SH, produtos das subposições e dos códigos 0303.1, 0303.4, 0303.63.00, 0303.64.00, 0303.65.00 e 0303.9 da NCM/SH, salmonídeos, atuns, bacalhaus, hadoque e saithe classificados nas subposições 0304.4, 0304.5, 0304.7, 0304.8 e 0304.9 da NCM/SH;PERMITIDO;;2026-01-01;;https://dfe-portal.svrs.rs.gov.br/DFE/TabelaClassificacaoTributaria
200003;I;Peixes e carnes de peixes (exceto salmonídeos, atuns, bacalhaus, hadoque, saithe e ovas e outros subprodutos) dos seguintes códigos, subposições e posições da NCM/SH: a) 03.02, exceto os produtos das subposições e dos códigos 0302.1, 0302.3, 0302.51.00, 0302.52.00, 0302.53.00 e 0302.9 da NCM/SH, b) 03.03, exceto os produtos das subposições e dos códigos 0303.1, 0303.4, 0303.63.00, 0303.64.00, 0303.65.00 e 0303.9 da NCM/SH, c) 03.04, exceto os salmonídeos, atuns, bacalhaus, hadoque e saithe classificados nas subposições 0304.4, 0304.5, 0304.7, 0304.8 e 0304.9 da NCM/SH;NCM;03025400;DESTINADOS À ALIMENTAÇÃO HUMANA;Produtos das subposições e dos códigos 0302.1, 0302.3, 0302.51.00, 0302.52.00, 0302.53.00 e 0302.9 da NCM/SH, produtos das subposições e dos códigos 0303.1, 0303.4, 0303.63.00, 0303.64.00, 0303.65.00 e 0303.9 da NCM/SH, salmonídeos, atuns, bacalhaus, hadoque e saithe classificados nas subposições 0304.4, 0304.5, 0304.7, 0304.8 e 0304.9 da NCM/SH;PERMITIDO;;2026-01-01;;https://dfe-portal.svrs.rs.gov.br/DFE/TabelaClassificacaoTributaria
200003;I;Peixes e carnes de peixes (exceto salmonídeos, atuns, bacalhaus, hadoque, saithe e ovas e outros subprodutos) dos seguintes códigos, subposições e posições da NCM/SH: a) 03.02, exceto os produtos das subposições e dos códigos 0302.1, 0302.3, 0302.51.00, 0302.52.00, 0302.53.00 e 0302.9 da NCM/SH, b) 03.03, exceto os produtos das subposições e dos códigos 0303.1, 0303.4, 0303.63.00, 0303.64.00, 0303.65.00 e 0303.9 da NCM/SH, c) 03.04, exceto os salmonídeos, atuns, bacalhaus, hadoque e saithe classificados nas subposições 0304.4, 0304.5, 0304.7, 0304.8 e 0304.9 da NCM/SH;NCM;03029200;;Produtos das subposições e dos códigos 0302.1, 0302.3, 0302.51.00, 0302.52.00, 0302.53.00 e 0302.9 da NCM/SH, produtos das subposições e dos códigos 0303.1, 0303.4, 0303.63.00, 0303.64.00, 0303.65.00 e 0303.9 da NCM/SH, salmonídeos, atuns, bacalhaus, hadoque e saithe classificados nas subposições 0304.4, 0304.5, 0304.7, 0304.8 e 0304.9 da NCM/SH;VEDADO;;2026-01-01;;https://dfe-portal.svrs.rs.gov.br/DFE/TabelaClassificacaoTributaria
200003;I;Carnes bovina, suína, ovina, caprina e de aves e produtos de origem animal (exceto foies gras) dos seguintes códigos, subposições e posições da NCM/SH: a) 02.01, 02.02, 0206.10.00, 0206.2 e 0210.20.00, b) 02.03, 0206.30.00, 0206.4, 0209.10 e 0210.1, c) 02.04 e 0210.99.20, carne caprina classificada no código 0210.99.90 e miudezas comestíveis de ovinos e caprinos classificadas nos códigos 0206.80.00 e 0206.90.00, d) 02.07, 0209.90.00 e 0210.99.1, exceto os produtos dos códigos 0207.43.00 e 0207.53.00;NCM;02032100;DESTINADOS À ALIMENTAÇÃO HUMANA;Produtos de origem animal (foies gras), Códigos 0207.43.00 e 0207.53.00;PERMITIDO;;2026-01-01;;https://dfe-portal.svrs.rs.gov.br/DFE/TabelaClassificacaoTributaria
200003;I;Peixes e carnes de peixes (exceto salmonídeos, atuns, bacalhaus, hadoque, saithe e ovas e outros subprodutos) dos seguintes códigos, subposições e posições da NCM/SH: a) 03.02, exceto os produtos das subposições e dos códigos 0302.1, 0302.3, 0302.51.00, 0302.52.00, 0302.53.00 e 0302.9 da NCM/SH, b) 03.03, exceto os produtos das subposições e dos códigos 0303.1, 0303.4, 0303.63.00, 0303.64.00, 0303.65.00 e 0303.9 da NCM/SH, c) 03.04, exceto os salmonídeos, atuns, bacalhaus, hadoque e saithe classificados nas subposições 0304.4, 0304.5, 0304.7, 0304.8 e 0304.9 da NCM/SH;NCM;03025500;DESTINADOS À ALIMENTAÇÃO HUMANA;Produtos das subposições e dos códigos 0302.1, 0302.3, 0302.51.00, 0302.52.00, 0302.53.00 e 0302.9 da NCM/SH, produtos das subposições e dos códigos 0303.1, 0303.4, 0303.63.00, 0303.64.00, 0303.65.00 e 0303.9 da NCM/SH, salmonídeos, atuns, bacalhaus, hadoque e saithe classificados nas subposições 0304.4, 0304.5, 0304.7, 0304.8 e 0304.9 da NCM/SH;PERMITIDO;;2026-01-01;;https://dfe-portal.svrs.rs.gov.br/DFE/TabelaClassificacaoTributaria
200003;I;Peixes e carnes de peixes (exceto salmonídeos, atuns, bacalhaus, hadoque, saithe e ovas e outros subprodutos) dos seguintes códigos, subposições e posições da NCM/SH: a) 03.02, exceto os produtos das subposições e dos códigos 0302.1, 0302.3, 0302.51.00, 0302.52.00, 0302.53.00 e 0302.9 da NCM/SH, b) 03.03, exceto os produtos das subposições e dos códigos 0303.1, 0303.4, 0303.63.00, 0303.64.00, 0303.65.00 e 0303.9 da NCM/SH, c) 03.04, exceto os salmonídeos, atuns, bacalhaus, hadoque e saithe classificados nas subposições 0304.4, 0304.5, 0304.7, 0304.8 e 0304.9 da NCM/SH;NCM;03025600;DESTINADOS À ALIMENTAÇÃO HUMANA;Produtos das subposições e dos códigos 0302.1, 0302.3, 0302.51.00, 0302.52.00, 0302.53.00 e 0302.9 da NCM/SH, produtos das subposições e dos códigos 0303.1, 0303.4, 0303.63.00, 0303.64.00, 0303.65.00 e 0303.9 da NCM/SH, salmonídeos, atuns, bacalhaus, hadoque e saithe classificados nas subposições 0304.4, 0304.5, 0304.7, 0304.8 e 0304.9 da NCM/SH;PERMITIDO;;2026-01-01;;https://dfe-portal.svrs.rs.gov.br/DFE/TabelaClassificacaoTributaria
200003;I;Peixes e carnes de peixes (exceto salmonídeos, atuns, bacalhaus, hadoque, saithe e ovas e outros subprodutos) dos seguintes códigos, subposições e posições da NCM/SH: a) 03.02, exceto os produtos das subposições e dos códigos 0302.1, 0302.3, 0302.51.00, 0302.52.00, 0302.53.00 e 0302.9 da NCM/SH, b) 03.03, exceto os produtos das subposições e dos códigos 0303.1, 0303.4, 0303.63.00, 0303.64.00, 0303.65.00 e 0303.9 da NCM/SH, c) 03.04, exceto os salmonídeos, atuns, bacalhaus, hadoque e saithe classificados nas subposições 0304.4, 0304.5, 0304.7, 0304.8 e 0304.9 da NCM/SH;NCM;03031300;;Produtos das subposições e dos códigos 0302.1, 0302.3, 0302.51.00, 0302.52.00, 0302.53.00 e 0302.9 da NCM/SH, produtos das subposições e dos códigos 0303.1, 0303.4, 0303.63.00, 0303.64.00, 0303.65.00 e 0303.9 da NCM/SH, salmonídeos, atuns, bacalhaus, hadoque e saithe classificados nas subposições 0304.4, 0304.5, 0304.7, 0304.8 e 0304.9 da NCM/SH;VEDADO;;2026-01-01;;https://dfe-portal.svrs.rs.gov.br/DFE/TabelaClassificacaoTributaria
200003;I;Peixes e carnes de peixes (exceto salmonídeos, atuns, bacalhaus, hadoque, saithe e ovas e outros subprodutos) dos seguintes códigos, subposições e posições da NCM/SH: a) 03.02, exceto os produtos das subposições e dos códigos 0302.1, 0302.3, 0302.51.00, 0302.52.00, 0302.53.00 e 0302.9 da NCM/SH, b) 03.03, exceto os produtos das subposições e dos códigos 0303.1, 0303.4, 0303.63.00, 0303.64.00, 0303.65.00 e 0303.9 da NCM/SH, c) 03.04, exceto os salmonídeos, atuns, bacalhaus, hadoque e saithe classificados nas subposições 0304.4, 0304.5, 0304.7, 0304.8 e 0304.9 da NCM/SH;NCM;03039200;;Produtos das subposições e dos códigos 0302.1, 0302.3, 0302.51.00, 0302.52.00, 0302.53.00 e 0302.9 da NCM/SH, produtos das subposições e dos códigos 0303.1, 0303.4, 0303.63.00, 0303.64.00, 0303.65.00 e 0303.9 da NCM/SH, salmonídeos, atuns, bacalhaus, hadoque e saithe classificados nas subposições 0304.4, 0304.5, 0304.7, 0304.8 e 0304.9 da NCM/SH;VEDADO;;2026-01-01;;https://dfe-portal.svrs.rs.gov.br/DFE/TabelaClassificacaoTributaria
200003;I;Carnes bovina, suína, ovina, caprina e de aves e produtos de origem animal (exceto foies gras) dos seguintes códigos, subposições e posições da NCM/SH: a) 02.01, 02.02, 0206.10.00, 0206.2 e 0210.20.00, b) 02.03, 0206.30.00, 0206.4, 0209.10 e 0210.1, c) 02.04 e 0210.99.20, carne caprina classificada no código 0210.99.90 e miudezas comestíveis de ovinos e caprinos classificadas nos códigos 0206.80.00 e 0206.90.00, d) 02.07, 0209.90.00 e 0210.99.1, exceto os produtos dos códigos 0207.43.00 e 0207.53.00;NCM;02032200;DESTINADOS À ALIMENTAÇÃO HUMANA;Produtos de origem animal (foies gras), Códigos 0207.43.00 e 0207.53.00;PERMITIDO;;2026-01-01;;https://dfe-portal.svrs.rs.gov.br/DFE/TabelaClassificacaoTributaria
200003;I;Peixes e carnes de peixes (exceto salmonídeos, atuns, bacalhaus, hadoque, saithe e ovas e outros subprodutos) dos seguintes códigos, subposições e posições da NCM/SH: a) 03.02, exceto os produtos das subposições e dos códigos 0302.1, 0302.3, 0302.51.00, 0302.52.00, 0302.53.00 e 0302.9 da NCM/SH, b) 03.03, exceto os produtos das subposições e dos códigos 0303.1, 0303.4, 0303.63.00, 0303.64.00, 0303.65.00 e 0303.9 da NCM/SH, c) 03.04, exceto os salmonídeos, atuns, bacalhaus, hadoque e saithe classificados nas subposições 0304.4, 0304.5, 0304.7, 0304.8 e 0304.9 da NCM/SH;NCM;03025900;DESTINADOS À ALIMENTAÇÃO HUMANA;Produtos das subposições e dos códigos 0302.1, 0302.3, 0302.51.00, 0302.52.00, 0302.53.00 e 0302.9 da NCM/SH, produtos das subposições e dos códigos 0303.1, 0303.4, 0303.63.00, 0303.64.00, 0303.65.00 e 0303.9 da NCM/SH, salmonídeos, atuns, bacalhaus, hadoque e saithe classificados nas subposições 0304.4, 0304.5, 0304.7, 0304.8 e 0304.9 da NCM/SH;PERMITIDO;;2026-01-01;;https://dfe-portal.svrs.rs.gov.br/DFE/TabelaClassificacaoTributaria
200003;I;Peixes e carnes de peixes (exceto salmonídeos, atuns, bacalhaus, hadoque, saithe e ovas e outros subprodutos) dos seguintes códigos, subposições e posições da NCM/SH: a) 03.02, exceto os produtos das subposições e dos códigos 0302.1, 0302.3, 0302.51.00, 0302.52.00, 0302.53.00 e 0302.9 da NCM/SH, b) 03.03, exceto os produtos das subposições e dos códigos 0303.1, 0303.4, 0303.63.00, 0303.64.00, 0303.65.00 e 0303.9 da NCM/SH, c) 03.04, exceto os salmonídeos, atuns, bacalhaus, hadoque e saithe classificados nas subposições 0304.4, 0304.5, 0304.7, 0304.8 e 0304.9 da NCM/SH;NCM;03027100;DESTINADOS À ALIMENTAÇÃO HUMANA;Produtos das subposições e dos códigos 0302.1, 0302.3, 0302.51.00, 0302.52.00, 0302.53.00 e 0302.9 da NCM/SH, produtos das subposições e dos códigos 0303.1, 0303.4, 0303.63.00, 0303.64.00, 0303.65.00 e 0303.9 da NCM/SH, salmonídeos, atuns, bacalhaus, hadoque e saithe classificados nas subposições 0304.4, 0304.5, 0304.7, 0304.8 e 0304.9 da NCM/SH;PERMITIDO;;2026-01-01;;https://dfe-portal.svrs.rs.gov.br/DFE/TabelaClassificacaoTributaria
200003;I;Peixes e carnes de peixes (exceto salmonídeos, atuns, bacalhaus, hadoque, saithe e ovas e outros subprodutos) dos seguintes códigos, subposições e posições da NCM/SH: a) 03.02, exceto os produtos das subposições e dos códigos 0302.1, 0302.3, 0302.51.00, 0302.52.00, 0302.53.00 e 0302.9 da NCM/SH, b) 03.03, exceto os produtos das subposições e dos códigos 0303.1, 0303.4, 0303.63.00, 0303.64.00, 0303.65.00 e 0303.9 da NCM/SH, c) 03.04, exceto os salmonídeos, atuns, bacalhaus, hadoque e saithe classificados nas subposições 0304.4, 0304.5, 0304.7, 0304.8 e 0304.9 da NCM/SH;NCM;03039920;;Produtos das subposições e dos códigos 0302.1, 0302.3, 0302.51.00, 0302.52.00, 0302.53.00 e 0302.9 da NCM/SH, produtos das subposições e dos códigos 0303.1, 0303.4, 0303.63.00, 0303.64.00, 0303.65.00 e 0303.9 da NCM/SH, salmonídeos, atuns, bacalhaus, hadoque e saithe classificados nas subposições 0304.4, 0304.5, 0304.7, 0304.8 e 0304.9 da NCM/SH;VEDADO;;2026-01-01;;https://dfe-portal.svrs.rs.gov.br/DFE/TabelaClassificacaoTributaria
200003;I;Carnes bovina, suína, ovina, caprina e de aves e produtos de origem animal (exceto foies gras) dos seguintes códigos, subposições e posições da NCM/SH: a) 02.01, 02.02, 0206.10.00, 0206.2 e 0210.20.00, b) 02.03, 0206.30.00, 0206.4, 0209.10 e 0210.1, c) 02.04 e 0210.99.20, carne caprina classificada no código 0210.99.90 e miudezas comestíveis de ovinos e caprinos classificadas nos códigos 0206.80.00 e 0206.90.00, d) 02.07, 0209.90.00 e 0210.99.1, exceto os produtos dos códigos 0207.43.00 e 0207.53.00;NCM;02032900;DESTINADOS À ALIMENTAÇÃO HUMANA;Produtos de origem animal (foies gras), Códigos 0207.43.00 e 0207.53.00;PERMITIDO;;2026-01-01;;https://dfe-portal.svrs.rs.gov.br/DFE/TabelaClassificacaoTributaria
200003;I;Peixes e carnes de peixes (exceto salmonídeos, atuns, bacalhaus, hadoque, saithe e ovas e outros subprodutos) dos seguintes códigos, subposições e posições da NCM/SH: a) 03.02, exceto os produtos das subposições e dos códigos 0302.1, 0302.3, 0302.51.00, 0302.52.00, 0302.53.00 e 0302.9 da NCM/SH, b) 03.03, exceto os produtos das subposições e dos códigos 0303.1, 0303.4, 0303.63.00, 0303.64.00, 0303.65.00 e 0303.9 da NCM/SH, c) 03.04, exceto os salmonídeos, atuns, bacalhaus, hadoque e saithe classificados nas subposições 0304.4, 0304.5, 0304.7, 0304.8 e 0304.9 da NCM/SH;NCM;03027210;DESTINADOS À ALIMENTAÇÃO HUMANA;Produtos das subposições e dos códigos 0302.1, 0302.3, 0302.51.00, 0302.52.00, 0302.53.00 e 0302.9 da NCM/SH, produtos das subposições e dos códigos 0303.1, 0303.4, 0303.63.00, 0303.64.00, 0303.65.00 e 0303.9 da NCM/SH, salmonídeos, atuns, bacalhaus, hadoque e saithe classificados nas subposições 0304.4, 0304.5, 0304.7, 0304.8 e 0304.9 da NCM/SH;PERMITIDO;;2026-01-01;;https://dfe-portal.svrs.rs.gov.br/DFE/TabelaClassificacaoTributaria
200003;I;Peixes e carnes de peixes (exceto salmonídeos, atuns, bacalhaus, hadoque, saithe e ovas e outros subprodutos) dos seguintes códigos, subposições e posições da NCM/SH: a) 03.02, exceto os produtos das subposições e dos códigos 0302.1, 0302.3, 0302.51.00, 0302.52.00, 0302.53.00 e 0302.9 da NCM/SH, b) 03.03, exceto os produtos das subposições e dos códigos 0303.1, 0303.4, 0303.63.00, 0303.64.00, 0303.65.00 e 0303.9 da NCM/SH, c) 03.04, exceto os salmonídeos, atuns, bacalhaus, hadoque e saithe classificados nas subposições 0304.4, 0304.5, 0304.7, 0304.8 e 0304.9 da NCM/SH;NCM;03027290;DESTINADOS À ALIMENTAÇÃO HUMANA;Produtos das subposições e dos códigos 0302.1, 0302.3, 0302.51.00, 0302.52.00, 0302.53.00 e 0302.9 da NCM/SH, produtos das subposições e dos códigos 0303.1, 0303.4, 0303.63.00, 0303.64.00, 0303.65.00 e 0303.9 da NCM/SH, salmonídeos, atuns, bacalhaus, hadoque e saithe classificados nas subposições 0304.4, 0304.5, 0304.7, 0304.8 e 0304.9 da NCM/SH;PERMITIDO;;2026-01-01;;https://dfe-portal.svrs.rs.gov.br/DFE/TabelaClassificacaoTributaria
200003;I;Peixes e carnes de peixes (exceto salmonídeos, atuns, bacalhaus, hadoque, saithe e ovas e outros subprodutos) dos seguintes códigos, subposições e posições da NCM/SH: a) 03.02, exceto os produtos das subposições e dos códigos 0302.1, 0302.3, 0302.51.00, 0302.52.00, 0302.53.00 e 0302.9 da NCM/SH, b) 03.03, exceto os produtos das subposições e dos códigos 0303.1, 0303.4, 0303.63.00, 0303.64.00, 0303.65.00 e 0303.9 da NCM/SH, c) 03.04, exceto os salmonídeos, atuns, bacalhaus, hadoque e saithe classificados nas subposições 0304.4, 0304.5, 0304.7, 0304.8 e 0304.9 da NCM/SH;NCM;03044500;;Produtos das subposições e dos códigos 0302.1, 0302.3, 0302.51.00, 0302.52.00, 0302.53.00 e 0302.9 da NCM/SH, produtos das subposições e dos códigos 0303.1, 0303.4, 0303.63.00, 0303.64.00, 0303.65.00 e 0303.9 da NCM/SH, salmonídeos, atuns, bacalhaus, hadoque e saithe classificados nas subposições 0304.4, 0304.5, 0304.7, 0304.8 e 0304.9 da NCM/SH;VEDADO;;2026-01-01;;https://dfe-portal.svrs.rs.gov.br/DFE/TabelaClassificacaoTributaria
200003;I;Carnes bovina, suína, ovina, caprina e de aves e produtos de origem animal (exceto foies gras) dos seguintes códigos, subposições e posições da NCM/SH: a) 02.01, 02.02, 0206.10.00, 0206.2 e 0210.20.00, b) 02.03, 0206.30.00, 0206.4, 0209.10 e 0210.1, c) 02.04 e 0210.99.20, carne caprina classificada no código 0210.99.90 e miudezas comestíveis de ovinos e caprinos classificadas nos códigos 0206.80.00 e 0206.90.00, d) 02.07, 0209.90.00 e 0210.99.1, exceto os produtos dos códigos 0207.43.00 e 0207.53.00;NCM;02041000;DESTINADOS À ALIMENTAÇÃO HUMANA;Produtos de origem animal (foies gras), Códigos 0207.43.00 e 0207.53.00;PERMITIDO;;2026-01-01;;https://dfe-portal.svrs.rs.gov.br/DFE/TabelaClassificacaoTributaria
200003;I;Peixes e carnes de peixes (exceto salmonídeos, atuns, bacalhaus, hadoque, saithe e ovas e outros subprodutos) dos seguintes códigos, subposições e posições da NCM/SH: a) 03.02, exceto os produtos das subposições e dos códigos 0302.1, 0302.3, 0302.51.00, 0302.52.00, 0302.53.00 e 0302.9 da NCM/SH, b) 03.03, exceto os produtos das subposições e dos códigos 0303.1, 0303.4, 0303.63.00, 0303.64.00, 0303.65.00 e 0303.9 da NCM/SH, c) 03.04, exceto os salmonídeos, atuns, bacalhaus, hadoque e saithe classificados nas subposições 0304.4, 0304.5, 0304.7, 0304.8 e 0304.9 da NCM/SH;NCM;03027300;DESTINADOS À ALIMENTAÇÃO HUMANA;Produtos das subposições e dos códigos 0302.1, 0302.3, 0302.51.00, 0302.52.00, 0302.53.00 e 0302.9 da NCM/SH, produtos das subposições e dos códigos 0303.1, 0303.4, 0303.63.00, 0303.64.00, 0303.65.00 e 0303.9 da NCM/SH, salmonídeos, atuns, bacalhaus, hadoque e saithe classificados nas subposições 0304.4, 0304.5, 0304.7, 0304.8 e 0304.9 da NCM/SH;PERMITIDO;;2026-01-01;;https://dfe-portal.svrs.rs.gov.br/DFE/TabelaClassificacaoTributaria
200003;I;Peixes e carnes de peixes (exceto salmonídeos, atuns, bacalhaus, hadoque, saithe e ovas e outros subprodutos) dos seguintes códigos, subposições e posições da NCM/SH: a) 03.02, exceto os produtos das subposições e dos códigos 0302.1, 0302.3, 0302.51.00, 0302.52.00, 0302.53.00 e 0302.9 da NCM/SH, b) 03.03, exceto os produtos das subposições e dos códigos 0303.1, 0303.4, 0303.63.00, 0303.64.00, 0303.65.00 e 0303.9 da NCM/SH, c) 03.04, exceto os salmonídeos, atuns, bacalhaus, hadoque e saithe classificados nas subposições 0304.4, 0304.5, 0304.7, 0304.8 e 0304.9 da NCM/SH;NCM;03027400;DESTINADOS À ALIMENTAÇÃO HUMANA;Produtos das subposições e dos códigos 0302.1, 0302.3, 0302.51.00, 0302.52.00, 0302.53.00 e 0302.9 da NCM/SH, produtos das subposições e dos códigos 0303.1, 0303.4, 0303.63.00, 0303.64.00, 0303.65.00 e 0303.9 da NCM/SH, salmonídeos, atuns, bacalhaus, hadoque e saithe classificados nas subposições 0304.4, 0304.5, 0304.7, 0304.8 e 0304.9 da NCM/SH;PERMITIDO;;2026-01-01;;https://dfe-portal.svrs.rs.gov.br/DFE/TabelaClassificacaoTributaria
200003;I;Peixes e carnes de peixes (exceto salmonídeos, atuns, bacalhaus, hadoque, saithe e ovas e outros subprodutos) dos seguintes códigos, subposições e posições da NCM/SH: a) 03.02, exceto os produtos das subposições e dos códigos 0302.1, 0302.3, 0302.51.00, 0302.52.00, 0302.53.00 e 0302.9 da NCM/SH, b) 03.03, exceto os produtos das subposições e dos códigos 0303.1, 0303.4, 0303.63.00, 0303.64.00, 0303.65.00 e 0303.9 da NCM/SH, c) 03.04, exceto os salmonídeos, atuns, bacalhaus, hadoque e saithe classificados nas subposições 0304.4, 0304.5, 0304.7, 0304.8 e 0304.9 da NCM/SH;NCM;03044700;;Produtos das subposições e dos códigos 0302.1, 0302.3, 0302.51.00, 0302.52.00, 0302.53.00 e 0302.9 da NCM/SH, produtos das subposições e dos códigos 0303.1, 0303.4, 0303.63.00, 0303.64.00, 0303.65.00 e 0303.9 da NCM/SH, salmonídeos, atuns, bacalhaus, hadoque e saithe classificados nas subposições 0304.4, 0304.5, 0304.7, 0304.8 e 0304.9 da NCM/SH;VEDADO;;2026-01-01;;https://dfe-portal.svrs.rs.gov.br/DFE/TabelaClassificacaoTributaria
200003;I;Carnes bovina, suína, ovina, caprina e de aves e produtos de origem animal (exceto foies gras) dos seguintes códigos, subposições e posições da NCM/SH: a) 02.01, 02.02, 0206.10.00, 0206.2 e 0210.20.00, b) 02.03, 0206.30.00, 0206.4, 0209.10 e 0210.1, c) 02.04 e 0210.99.20, carne caprina classificada no código 0210.99.90 e miudezas comestíveis de ovinos e caprinos classificadas nos códigos 0206.80.00 e 0206.90.00, d) 02.07, 0209.90.00 e 0210.99.1, exceto os produtos dos códigos 0207.43.00 e 0207.53.00;NCM;02042100;DESTINADOS À ALIMENTAÇÃO HUMANA;Produtos de origem animal (foies gras), Códigos 0207.43.00 e 0207.53.00;PERMITIDO;;2026-01-01;;https://dfe-portal.svrs.rs.gov.br/DFE/TabelaClassificacaoTributaria
200003;I;Peixes e carnes de peixes (exceto salmonídeos, atuns, bacalhaus, hadoque, saithe e ovas e outros subprodutos) dos seguintes códigos, subposições e posições da NCM/SH: a) 03.02, exceto os produtos das subposições e dos códigos 0302.1, 0302.3, 0302.51.00, 0302.52.00, 0302.53.00 e 0302.9 da NCM/SH, b) 03.03, exceto os produtos das subposições e dos códigos 0303.1, 0303.4, 0303.63.00, 0303.64.00, 0303.65.00 e 0303.9 da NCM/SH, c) 03.04, exceto os salmonídeos, atuns, bacalhaus, hadoque e saithe classificados nas subposições 0304.4, 0304.5, 0304.7, 0304.8 e 0304.9 da NCM/SH;NCM;03027900;DESTINADOS À ALIMENTAÇÃO HUMANA;Produtos das subposições e dos códigos 0302.1, 0302.3, 0302.51.00, 0302.52.00, 0302.53.00 e 0302.9 da NCM/SH, produtos das subposições e dos códigos 0303.1, 0303.4, 0303.63.00, 0303.64.00, 0303.65.00 e 0303.9 da NCM/SH, salmonídeos, atuns, bacalhaus, hadoque e saithe classificados nas subposições 0304.4, 0304.5, 0304.7, 0304.8 e 0304.9 da NCM/SH;PERMITIDO;;2026-01-01;;https://dfe-portal.svrs.rs.gov.br/DFE/TabelaClassificacaoTributaria
200003;I;Peixes e carnes de peixes (exceto salmonídeos, atuns, bacalhaus, hadoque, saithe e ovas e outros subprodutos) dos seguintes códigos, subposições e posições da NCM/SH: a) 03.02, exceto os produtos das subposições e dos códigos 0302.1, 0302.3, 0302.51.00, 0302.52.00, 0302.53.00 e 0302.9 da NCM/SH, b) 03.03, exceto os produtos das subposições e dos códigos 0303.1, 0303.4, 0303.63.00, 0303.64.00, 0303.65.00 e 0303.9 da NCM/SH, c) 03.04, exceto os salmonídeos, atuns, bacalhaus, hadoque e saithe classificados nas subposições 0304.4, 0304.5, 0304.7, 0304.8 e 0304.9 da NCM/SH;NCM;03028100;DESTINADOS À ALIMENTAÇÃO HUMANA;Produtos das subposições e dos códigos 0302.1, 0302.3, 0302.51.00, 0302.52.00, 0302.53.00 e 0302.9 da NCM/SH, produtos das subposições e dos códigos 0303.1, 0303.4, 0303.63.00, 0303.64.00, 0303.65.00 e 0303.9 da NCM/SH, salmonídeos, atuns, bacalhaus, hadoque e saithe classificados nas subposições 0304.4, 0304.5, 0304.7, 0304.8 e 0304.9 da NCM/SH;PERMITIDO;;2026-01-01;;https://dfe-portal.svrs.rs.gov.br/DFE/TabelaClassificacaoTributaria
200003;I;Peixes e carnes de peixes (exceto salmonídeos, atuns, bacalhaus, hadoque, saithe e ovas e outros subprodutos) dos seguintes códigos, subposições e posições da NCM/SH: a) 03.02, exceto os produtos das subposições e dos códigos 0302.1, 0302.3, 0302.51.00, 0302.52.00, 0302.53.00 e 0302.9 da NCM/SH, b) 03.03, exceto os produtos das subposições e dos códigos 0303.1, 0303.4, 0303.63.00, 0303.64.00, 0303.65.00 e 0303.9 da NCM/SH, c) 03.04, exceto os salmonídeos, atuns, bacalhaus, hadoque e saithe classificados nas subposições 0304.4, 0304.5, 0304.7, 0304.8 e 0304.9 da NCM/SH;NCM;03044910;;Produtos das subposições e dos códigos 0302.1, 0302.3, 0302.51.00, 0302.52.00, 0302.53.00 e 0302.9 da NCM/SH, produtos das subposições e dos códigos 0303.1, 0303.4, 0303.63.00, 0303.64.00, 0303.65.00 e 0303.9 da NCM/SH, salmonídeos, atuns, bacalhaus, hadoque e saithe classificados nas subposições 0304.4, 0304.5, 0304.7, 0304.8 e 0304.9 da NCM/SH;VEDADO;;2026-01-01;;https://dfe-portal.svrs.rs.gov.br/DFE/TabelaClassificacaoTributaria
200003;I;Carnes bovina, suína, ovina, caprina e de aves e produtos de origem animal (exceto foies gras) dos seguintes códigos, subposições e posições da NCM/SH: a) 02.01, 02.02, 0206.10.00, 0206.2 e 0210.20.00, b) 02.03, 0206.30.00, 0206.4, 0209.10 e 0210.1, c) 02.04 e 0210.99.20, carne caprina classificada no código 0210.99.90 e miudezas comestíveis de ovinos e caprinos classificadas nos códigos 0206.80.00 e 0206.90.00, d) 02.07, 0209.90.00 e 0210.99.1, exceto os produtos dos códigos 0207.43.00 e 0207.53.00;NCM;02042200;DESTINADOS À ALIMENTAÇÃO HUMANA;Produtos de origem animal (foies gras), Códigos 0207.43.00 e 0207.53.00;PERMITIDO;;2026-01-01;;https://dfe-portal.svrs.rs.gov.br/DFE/TabelaClassificacaoTributaria
200003;I;Peixes e carnes de peixes (exceto salmonídeos, atuns, bacalhaus, hadoque, saithe e ovas e outros subprodutos) dos seguintes códigos, subposições e posições da NCM/SH: a) 03.02, exceto os produtos das subposições e dos códigos 0302.1, 0302.3, 0302.51.00, 0302.52.00, 0302.53.00 e 0302.9 da NCM/SH, b) 03.03, exceto os produtos das subposições e dos códigos 0303.1, 0303.4, 0303.63.00, 0303.64.00, 0303.65.00 e 0303.9 da NCM/SH, c) 03.04, exceto os salmonídeos, atuns, bacalhaus, hadoque e saithe classificados nas subposições 0304.4, 0304.5, 0304.7, 0304.8 e 0304.9 da NCM/SH;NCM;03028200;DESTINADOS À ALIMENTAÇÃO HUMANA;Produtos das subposições e dos códigos 0302.1, 0302.3, 0302.51.00, 0302.52.00, 0302.53.00 e 0302.9 da NCM/SH, produtos das subposições e dos códigos 0303.1, 0303.4, 0303.63.00, 0303.64.00, 0303.65.00 e 0303.9 da NCM/SH, salmonídeos, atuns, bacalhaus, hadoque e saithe classificados nas subposições 0304.4, 0304.5, 0304.7, 0304.8 e 0304.9 da NCM/SH;PERMITIDO;;2026-01-01;;https://dfe-portal.svrs.rs.gov.br/DFE/TabelaClassificacaoTributaria
200003;I;Peixes e carnes de peixes (exceto salmonídeos, atuns, bacalhaus, hadoque, saithe e ovas e outros subprodutos) dos seguintes códigos, subposições e posições da NCM/SH: a) 03.02, exceto os produtos das subposições e dos códigos 0302.1, 0302.3, 0302.51.00, 0302.52.00, 0302.53.00 e 0302.9 da NCM/SH, b) 03.03, exceto os produtos das subposições e dos códigos 0303.1, 0303.4, 0303.63.00, 0303.64.00, 0303.65.00 e 0303.9 da NCM/SH, c) 03.04, exceto os salmonídeos, atuns, bacalhaus, hadoque e saithe classificados nas subposições 0304.4, 0304.5, 0304.7, 0304.8 e 0304.9 da NCM/SH;NCM;03028310;DESTINADOS À ALIMENTAÇÃO HUMANA;Produtos das subposições e dos códigos 0302.1, 0302.3, 0302.51.00, 0302.52.00, 0302.53.00 e 0302.9 da NCM/SH, produtos das subposições e dos códigos 0303.1, 0303.4, 0303.63.00, 0303.64.00, 0303.65.00 e 0303.9 da NCM/SH, salmonídeos, atuns, bacalhaus, hadoque e saithe classificados nas subposições 0304.4, 0304.5, 0304.7, 0304.8 e 0304.9 da NCM/SH;PERMITIDO;;2026-01-01;;https://dfe-portal.svrs.rs.gov.br/DFE/TabelaClassificacaoTributaria
200003;I;Peixes e carnes de peixes (exceto salmonídeos, atuns, bacalhaus, hadoque, saithe e ovas e outros subprodutos) dos seguintes códigos, subposições e posições da NCM/SH: a) 03.02, exceto os produtos das subposições e dos códigos 0302.1, 0302.3, 0302.51.00, 0302.52.00, 0302.53.00 e 0302.9 da NCM/SH, b) 03.03, exceto os produtos das subposições e dos códigos 0303.1, 0303.4, 0303.63.00, 0303.64.00, 0303.65.00 e 0303.9 da NCM/SH, c) 03.04, exceto os salmonídeos, atuns, bacalhaus, hadoque e saithe classificados nas subposições 0304.4, 0304.5, 0304.7, 0304.8 e 0304.9 da NCM/SH;NCM;03044990;;Produtos das subposições e dos códigos 0302.1, 0302.3, 0302.51.00, 0302.52.00, 0302.53.00 e 0302.9 da NCM/SH, produtos das subposições e dos códigos 0303.1, 0303.4, 0303.63.00, 0303.64.00, 0303.65.00 e 0303.9 da NCM/SH, salmonídeos, atuns, bacalhaus, hadoque e saithe classificados nas subposições 0304.4, 0304.5, 0304.7, 0304.8 e 0304.9 da NCM/SH;VEDADO;;2026-01-01;;https://dfe-portal.svrs.rs.gov.br/DFE/TabelaClassificacaoTributaria
200003;I;Peixes e carnes de peixes (exceto salmonídeos, atuns, bacalhaus, hadoque, saithe e ovas e outros subprodutos) dos seguintes códigos, subposições e posições da NCM/SH: a) 03.02, exceto os produtos das subposições e dos códigos 0302.1, 0302.3, 0302.51.00, 0302.52.00, 0302.53.00 e 0302.9 da NCM/SH, b) 03.03, exceto os produtos das subposições e dos códigos 0303.1, 0303.4, 0303.63.00, 0303.64.00, 0303.65.00 e 0303.9 da NCM/SH, c) 03.04, exceto os salmonídeos, atuns, bacalhaus, hadoque e saithe classificados nas subposições 0304.4, 0304.5, 0304.7, 0304.8 e 0304.9 da NCM/SH;NCM;03045400;;Produtos das subposições e dos códigos 0302.1, 0302.3, 0302.51.00, 0302.52.00, 0302.53.00 e 0302.9 da NCM/SH, produtos das subposições e dos códigos 0303.1, 0303.4, 0303.63.00, 0303.64.00, 0303.65.00 e 0303.9 da NCM/SH, salmonídeos, atuns, bacalhaus, hadoque e saithe classificados nas subposições 0304.4, 0304.5, 0304.7, 0304.8 e 0304.9 da NCM/SH;VEDADO;;2026-01-01;;https://dfe-portal.svrs.rs.gov.br/DFE/TabelaClassificacaoTributaria
200003;I;Carnes bovina, suína, ovina, caprina e de aves e produtos de origem animal (exceto foies gras) dos seguintes códigos, subposições e posições da NCM/SH: a) 02.01, 02.02, 0206.10.00, 0206.2 e 0210.20.00, b) 02.03, 0206.30.00, 0206.4, 0209.10 e 0210.1, c) 02.04 e 0210.99.20, carne caprina classificada no código 0210.99.90 e miudezas comestíveis de ovinos e caprinos classificadas nos códigos 0206.80.00 e 0206.90.00, d) 02.07, 0209.90.00 e 0210.99.1, exceto os produtos dos códigos 0207.43.00 e 0207.53.00;NCM;02042300;DESTINADOS À ALIMENTAÇÃO HUMANA;Produtos de origem animal (foies gras), Códigos 0207.43.00 e 0207.53.00;PERMITIDO;;2026-01-01;;https://dfe-portal.svrs.rs.gov.br/DFE/TabelaClassificacaoTributaria
200003;I;Carnes bovina, suína, ovina, caprina e de aves e produtos de origem animal (exceto foies gras) dos seguintes códigos, subposições e posições da NCM/SH: a) 02.01, 02.02, 0206.10.00, 0206.2 e 0210.20.00, b) 02.03, 0206.30.00, 0206.4, 0209.10 e 0210.1, c) 02.04 e 0210.99.20, carne caprina classificada no código 0210.99.90 e miudezas comestíveis de ovinos e caprinos classificadas nos códigos 0206.80.00 e 0206.90.00, d) 02.07, 0209.90.00 e 0210.99.1, exceto os produtos dos códigos 0207.43.00 e 0207.53.00;NCM;02043000;DESTINADOS À ALIMENTAÇÃO HUMANA;Produtos de origem animal (foies gras), Códigos 0207.43.00 e 0207.53.00;PERMITIDO;;2026-01-01;;https://dfe-portal.svrs.rs.gov.br/DFE/TabelaClassificacaoTributaria
200003;I;Carnes bovina, suína, ovina, caprina e de aves e produtos de origem animal (exceto foies gras) dos seguintes códigos, subposições e posições da NCM/SH: a) 02.01, 02.02, 0206.10.00, 0206.2 e 0210.20.00, b) 02.03, 0206.30.00, 0206.4, 0209.10 e 0210.1, c) 02.04 e 0210.99.20, carne caprina classificada no código 0210.99.90 e miudezas comestíveis de ovinos e caprinos classificadas nos códigos 0206.80.00 e 0206.90.00, d) 02.07, 0209.90.00 e 0210.99.1, exceto os produtos dos códigos 0207.43.00 e 0207.53.00;NCM;02044100;DESTINADOS À ALIMENTAÇÃO HUMANA;Produtos de origem animal (foies gras), Códigos 0207.43.00 e 0207.53.00;PERMITIDO;;2026-01-01;;https://dfe-portal.svrs.rs.gov.br/DFE/TabelaClassificacaoTributaria
200003;I;Carnes bovina, suína, ovina, caprina e de aves e produtos de origem animal (exceto foies gras) dos seguintes códigos, subposições e posições da NCM/SH: a) 02.01, 02.02, 0206.10.00, 0206.2 e 0210.20.00, b) 02.03, 0206.30.00, 0206.4, 0209.10 e 0210.1, c) 02.04 e 0210.99.20, carne caprina classificada no código 0210.99.90 e miudezas comestíveis de ovinos e caprinos classificadas nos códigos 0206.80.00 e 0206.90.00, d) 02.07, 0209.90.00 e 0210.99.1, exceto os produtos dos códigos 0207.43.00 e 0207.53.00;NCM;02044200;DESTINADOS À ALIMENTAÇÃO HUMANA;Produtos de origem animal (foies gras), Códigos 0207.43.00 e 0207.53.00;PERMITIDO;;2026-01-01;;https://dfe-portal.svrs.rs.gov.br/DFE/TabelaClassificacaoTributaria
200003;I;Carnes bovina, suína, ovina, caprina e de aves e produtos de origem animal (exceto foies gras) dos seguintes códigos, subposições e posições da NCM/SH: a) 02.01, 02.02, 0206.10.00, 0206.2 e 0210.20.00, b) 02.03, 0206.30.00, 0206.4, 0209.10 e 0210.1, c) 02.04 e 0210.99.20, carne caprina classificada no código 0210.99.90 e miudezas comestíveis de ovinos e caprinos classificadas nos códigos 0206.80.00 e 0206.90.00, d) 02.07, 0209.90.00 e 0210.99.1, exceto os produtos dos códigos 0207.43.00 e 0207.53.00;NCM;02044300;DESTINADOS À ALIMENTAÇÃO HUMANA;Produtos de origem animal (foies gras), Códigos 0207.43.00 e 0207.53.00;PERMITIDO;;2026-01-01;;https://dfe-portal.svrs.rs.gov.br/DFE/TabelaClassificacaoTributaria
200003;I;Carnes bovina, suína, ovina, caprina e de aves e produtos de origem animal (exceto foies gras) dos seguintes códigos, subposições e posições da NCM/SH: a) 02.01, 02.02, 0206.10.00, 0206.2 e 0210.20.00, b) 02.03, 0206.30.00, 0206.4, 0209.10 e 0210.1, c) 02.04 e 0210.99.20, carne caprina classificada no código 0210.99.90 e miudezas comestíveis de ovinos e caprinos classificadas nos códigos 0206.80.00 e 0206.90.00, d) 02.07, 0209.90.00 e 0210.99.1, exceto os produtos dos códigos 0207.43.00 e 0207.53.00;NCM;02045000;DESTINADOS À ALIMENTAÇÃO HUMANA;Produtos de origem animal (foies gras), Códigos 0207.43.00 e 0207.53.00;PERMITIDO;;2026-01-01;;https://dfe-portal.svrs.rs.gov.br/DFE/TabelaClassificacaoTributaria
200003;I;Carnes bovina, suína, ovina, caprina e de aves e produtos de origem animal (exceto foies gras) dos seguintes códigos, subposições e posições da NCM/SH: a) 02.01, 02.02, 0206.10.00, 0206.2 e 0210.20.00, b) 02.03, 0206.30.00, 0206.4, 0209.10 e 0210.1, c) 02.04 e 0210.99.20, carne caprina classificada no código 0210.99.90 e miudezas comestíveis de ovinos e caprinos classificadas nos códigos 0206.80.00 e 0206.90.00, d) 02.07, 0209.90.00 e 0210.99.1, exceto os produtos dos códigos 0207.43.00 e 0207.53.00;NCM;02061000;DESTINADOS À ALIMENTAÇÃO HUMANA;Produtos de origem animal (foies gras), Códigos 0207.43.00 e 0207.53.00;PERMITIDO;;2026-01-01;;https://dfe-portal.svrs.rs.gov.br/DFE/TabelaClassificacaoTributaria
200003;I;Carnes bovina, suína, ovina, caprina e de aves e produtos de origem animal (exceto foies gras) dos seguintes códigos, subposições e posições da NCM/SH: a) 02.01, 02.02, 0206.10.00, 0206.2 e 0210.20.00, b) 02.03, 0206.30.00, 0206.4, 0209.10 e 0210.1, c) 02.04 e 0210.99.20, carne caprina classificada no código 0210.99.90 e miudezas comestíveis de ovinos e caprinos classificadas nos códigos 0206.80.00 e 0206.90.00, d) 02.07, 0209.90.00 e 0210.99.1, exceto os produtos dos códigos 0207.43.00 e 0207.53.00;NCM;02062100;DESTINADOS À ALIMENTAÇÃO HUMANA;Produtos de origem animal (foies gras), Códigos 0207.43.00 e 0207.53.00;PERMITIDO;;2026-01-01;;https://dfe-portal.svrs.rs.gov.br/DFE/TabelaClassificacaoTributaria
200003;I;Carnes bovina, suína, ovina, caprina e de aves e produtos de origem animal (exceto foies gras) dos seguintes códigos, subposições e posições da NCM/SH: a) 02.01, 02.02, 0206.10.00, 0206.2 e 0210.20.00, b) 02.03, 0206.30.00, 0206.4, 0209.10 e 0210.1, c) 02.04 e 0210.99.20, carne caprina classificada no código 0210.99.90 e miudezas comestíveis de ovinos e caprinos classificadas nos códigos 0206.80.00 e 0206.90.00, d) 02.07, 0209.90.00 e 0210.99.1, exceto os produtos dos códigos 0207.43.00 e 0207.53.00;NCM;02062200;DESTINADOS À ALIMENTAÇÃO HUMANA;Produtos de origem animal (foies gras), Códigos 0207.43.00 e 0207.53.00;PERMITIDO;;2026-01-01;;https://dfe-portal.svrs.rs.gov.br/DFE/TabelaClassificacaoTributaria
200003;I;Carnes bovina, suína, ovina, caprina e de aves e produtos de origem animal (exceto foies gras) dos seguintes códigos, subposições e posições da NCM/SH: a) 02.01, 02.02, 0206.10.00, 0206.2 e 0210.20.00, b) 02.03, 0206.30.00, 0206.4, 0209.10 e 0210.1, c) 02.04 e 0210.99.20, carne caprina classificada no código 0210.99.90 e miudezas comestíveis de ovinos e caprinos classificadas nos códigos 0206.80.00 e 0206.90.00, d) 02.07, 0209.90.00 e 0210.99.1, exceto os produtos dos códigos 0207.43.00 e 0207.53.00;NCM;02062910;DESTINADOS À ALIMENTAÇÃO HUMANA;Produtos de origem animal (foies gras), Códigos 0207.43.00 e 0207.53.00;PERMITIDO;;2026-01-01;;https://dfe-portal.svrs.rs.gov.br/DFE/TabelaClassificacaoTributaria
200003;I;Carnes bovina, suína, ovina, caprina e de aves e produtos de origem animal (exceto foies gras) dos seguintes códigos, subposições e posições da NCM/SH: a) 02.01, 02.02, 0206.10.00, 0206.2 e 0210.20.00, b) 02.03, 0206.30.00, 0206.4, 0209.10 e 0210.1, c) 02.04 e 0210.99.20, carne caprina classificada no código 0210.99.90 e miudezas comestíveis de ovinos e caprinos classificadas nos códigos 0206.80.00 e 0206.90.00, d) 02.07, 0209.90.00 e 0210.99.1, exceto os produtos dos códigos 0207.43.00 e 0207.53.00;NCM;02062990;DESTINADOS À ALIMENTAÇÃO HUMANA;Produtos de origem animal (foies gras), Códigos 0207.43.00 e 0207.53.00;PERMITIDO;;2026-01-01;;https://dfe-portal.svrs.rs.gov.br/DFE/TabelaClassificacaoTributaria
200003;I;Carnes bovina, suína, ovina, caprina e de aves e produtos de origem animal (exceto foies gras) dos seguintes códigos, subposições e posições da NCM/SH: a) 02.01, 02.02, 0206.10.00, 0206.2 e 0210.20.00, b) 02.03, 0206.30.00, 0206.4, 0209.10 e 0210.1, c) 02.04 e 0210.99.20, carne caprina classificada no código 0210.99.90 e miudezas comestíveis de ovinos e caprinos classificadas nos códigos 0206.80.00 e 0206.90.00, d) 02.07, 0209.90.00 e 0210.99.1, exceto os produtos dos códigos 0207.43.00 e 0207.53.00;NCM;02063000;DESTINADOS À ALIMENTAÇÃO HUMANA;Produtos de origem animal (foies gras), Códigos 0207.43.00 e 0207.53.00;PERMITIDO;;2026-01-01;;https://dfe-portal.svrs.rs.gov.br/DFE/TabelaClassificacaoTributaria
200003;I;Carnes bovina, suína, ovina, caprina e de aves e produtos de origem animal (exceto foies gras) dos seguintes códigos, subposições e posições da NCM/SH: a) 02.01, 02.02, 0206.10.00, 0206.2 e 0210.20.00, b) 02.03, 0206.30.00, 0206.4, 0209.10 e 0210.1, c) 02.04 e 0210.99.20, carne caprina classificada no código 0210.99.90 e miudezas comestíveis de ovinos e caprinos classificadas nos códigos 0206.80.00 e 0206.90.00, d) 02.07, 0209.90.00 e 0210.99.1, exceto os produtos dos códigos 0207.43.00 e 0207.53.00;NCM;02064100;DESTINADOS À ALIMENTAÇÃO HUMANA;Produtos de origem animal (foies gras), Códigos 0207.43.00 e 0207.53.00;PERMITIDO;;2026-01-01;;https://dfe-portal.svrs.rs.gov.br/DFE/TabelaClassificacaoTributaria
200003;I;Carnes bovina, suína, ovina, caprina e de aves e produtos de origem animal (exceto foies gras) dos seguintes códigos, subposições e posições da NCM/SH: a) 02.01, 02.02, 0206.10.00, 0206.2 e 0210.20.00, b) 02.03, 0206.30.00, 0206.4, 0209.10 e 0210.1, c) 02.04 e 0210.99.20, carne caprina classificada no código 0210.99.90 e miudezas comestíveis de ovinos e caprinos classificadas nos códigos 0206.80.00 e 0206.90.00, d) 02.07, 0209.90.00 e 0210.99.1, exceto os produtos dos códigos 0207.43.00 e 0207.53.00;NCM;02064900;DESTINADOS À ALIMENTAÇÃO HUMANA;Produtos de origem animal (foies gras), Códigos 0207.43.00 e 0207.53.00;PERMITIDO;;2026-01-01;;https://dfe-portal.svrs.rs.gov.br/DFE/TabelaClassificacaoTributaria
200003;I;Carnes bovina, suína, ovina, caprina e de aves e produtos de origem animal (exceto foies gras) dos seguintes códigos, subposições e posições da NCM/SH: a) 02.01, 02.02, 0206.10.00, 0206.2 e 0210.20.00, b) 02.03, 0206.30.00, 0206.4, 0209.10 e 0210.1, c) 02.04 e 0210.99.20, carne caprina classificada no código 0210.99.90 e miudezas comestíveis de ovinos e caprinos classificadas nos códigos 0206.80.00 e 0206.90.00, d) 02.07, 0209.90.00 e 0210.99.1, exceto os produtos dos códigos 0207.43.00 e 0207.53.00;NCM;02068000;DESTINADOS À ALIMENTAÇÃO HUMANA;Produtos de origem animal (foies gras), Códigos 0207.43.00 e 0207.53.00;PERMITIDO;;2026-01-01;;https://dfe-portal.svrs.rs.gov.br/DFE/TabelaClassificacaoTributaria
200003;I;Carnes bovina, suína, ovina, caprina e de aves e produtos de origem animal (exceto foies gras) dos seguintes códigos, subposições e posições da NCM/SH: a) 02.01, 02.02, 0206.10.00, 0206.2 e 0210.20.00, b) 02.03, 0206.30.00, 0206.4, 0209.10 e 0210.1, c) 02.04 e 0210.99.20, carne caprina classificada no código 0210.99.90 e miudezas comestíveis de ovinos e caprinos classificadas nos códigos 0206.80.00 e 0206.90.00, d) 02.07, 0209.90.00 e 0210.99.1, exceto os produtos dos códigos 0207.43.00 e 0207.53.00;NCM;02069000;DESTINADOS À ALIMENTAÇÃO HUMANA;Produtos de origem animal (foies gras), Códigos 0207.43.00 e 0207.53.00;PERMITIDO;;2026-01-01;;https://dfe-portal.svrs.rs.gov.br/DFE/TabelaClassificacaoTributaria
200003;I;Carnes bovina, suína, ovina, caprina e de aves e produtos de origem animal (exceto foies gras) dos seguintes códigos, subposições e posições da NCM/SH: a) 02.01, 02.02, 0206.10.00, 0206.2 e 0210.20.00, b) 02.03, 0206.30.00, 0206.4, 0209.10 e 0210.1, c) 02.04 e 0210.99.20, carne caprina classificada no código 0210.99.90 e miudezas comestíveis de ovinos e caprinos classificadas nos códigos 0206.80.00 e 0206.90.00, d) 02.07, 0209.90.00 e 0210.99.1, exceto os produtos dos códigos 0207.43.00 e 0207.53.00;NCM;02071100;DESTINADOS À ALIMENTAÇÃO HUMANA;Produtos de origem animal (foies gras), Códigos 0207.43.00 e 0207.53.00;PERMITIDO;;2026-01-01;;https://dfe-portal.svrs.rs.gov.br/DFE/TabelaClassificacaoTributaria
200003;I;Carnes bovina, suína, ovina, caprina e de aves e produtos de origem animal (exceto foies gras) dos seguintes códigos, subposições e posições da NCM/SH: a) 02.01, 02.02, 0206.10.00, 0206.2 e 0210.20.00, b) 02.03, 0206.30.00, 0206.4, 0209.10 e 0210.1, c) 02.04 e 0210.99.20, carne caprina classificada no código 0210.99.90 e miudezas comestíveis de ovinos e caprinos classificadas nos códigos 0206.80.00 e 0206.90.00, d) 02.07, 0209.90.00 e 0210.99.1, exceto os produtos dos códigos 0207.43.00 e 0207.53.00;NCM;02071210;DESTINADOS À ALIMENTAÇÃO HUMANA;Produtos de origem animal (foies gras), Códigos 0207.43.00 e 0207.53.00;PERMITIDO;;2026-01-01;;https://dfe-portal.svrs.rs.gov.br/DFE/TabelaClassificacaoTributaria
200003;I;Carnes bovina, suína, ovina, caprina e de aves e produtos de origem animal (exceto foies gras) dos seguintes códigos, subposições e posições da NCM/SH: a) 02.01, 02.02, 0206.10.00, 0206.2 e 0210.20.00, b) 02.03, 0206.30.00, 0206.4, 0209.10 e 0210.1, c) 02.04 e 0210.99.20, carne caprina classificada no código 0210.99.90 e miudezas comestíveis de ovinos e caprinos classificadas nos códigos 0206.80.00 e 0206.90.00, d) 02.07, 0209.90.00 e 0210.99.1, exceto os produtos dos códigos 0207.43.00 e 0207.53.00;NCM;02071220;DESTINADOS À ALIMENTAÇÃO HUMANA;Produtos de origem animal (foies gras), Códigos 0207.43.00 e 0207.53.00;PERMITIDO;;2026-01-01;;https://dfe-portal.svrs.rs.gov.br/DFE/TabelaClassificacaoTributaria
200003;I;Carnes bovina, suína, ovina, caprina e de aves e produtos de origem animal (exceto foies gras) dos seguintes códigos, subposições e posições da NCM/SH: a) 02.01, 02.02, 0206.10.00, 0206.2 e 0210.20.00, b) 02.03, 0206.30.00, 0206.4, 0209.10 e 0210.1, c) 02.04 e 0210.99.20, carne caprina classificada no código 0210.99.90 e miudezas comestíveis de ovinos e caprinos classificadas nos códigos 0206.80.00 e 0206.90.00, d) 02.07, 0209.90.00 e 0210.99.1, exceto os produtos dos códigos 0207.43.00 e 0207.53.00;NCM;02071300;DESTINADOS À ALIMENTAÇÃO HUMANA;Produtos de origem animal (foies gras), Códigos 0207.43.00 e 0207.53.00;PERMITIDO;;2026-01-01;;https://dfe-portal.svrs.rs.gov.br/DFE/TabelaClassificacaoTributaria
200003;I;Carnes bovina, suína, ovina, caprina e de aves e produtos de origem animal (exceto foies gras) dos seguintes códigos, subposições e posições da NCM/SH: a) 02.01, 02.02, 0206.10.00, 0206.2 e 0210.20.00, b) 02.03, 0206.30.00, 0206.4, 0209.10 e 0210.1, c) 02.04 e 0210.99.20, carne caprina classificada no código 0210.99.90 e miudezas comestíveis de ovinos e caprinos classificadas nos códigos 0206.80.00 e 0206.90.00, d) 02.07, 0209.90.00 e 0210.99.1, exceto os produtos dos códigos 0207.43.00 e 0207.53.00;NCM;02071400;DESTINADOS À ALIMENTAÇÃO HUMANA;Produtos de origem animal (foies gras), Códigos 0207.43.00 e 0207.53.00;PERMITIDO;;2026-01-01;;https://dfe-portal.svrs.rs.gov.br/DFE/TabelaClassificacaoTributaria
200003;I;Carnes bovina, suína, ovina, caprina e de aves e produtos de origem animal (exceto foies gras) dos seguintes códigos, subposições e posições da NCM/SH: a) 02.01, 02.02, 0206.10.00, 0206.2 e 0210.20.00, b) 02.03, 0206.30.00, 0206.4, 0209.10 e 0210.1, c) 02.04 e 0210.99.20, carne caprina classificada no código 0210.99.90 e miudezas comestíveis de ovinos e caprinos classificadas nos códigos 0206.80.00 e 0206.90.00, d) 02.07, 0209.90.00 e 0210.99.1, exceto os produtos dos códigos 0207.43.00 e 0207.53.00;NCM;02071411;DESTINADOS À ALIMENTAÇÃO HUMANA;Produtos de origem animal (foies gras), Códigos 0207.43.00 e 0207.53.00;PERMITIDO;;2026-01-01;;https://dfe-portal.svrs.rs.gov.br/DFE/TabelaClassificacaoTributaria
200003;I;Carnes bovina, suína, ovina, caprina e de aves e produtos de origem animal (exceto foies gras) dos seguintes códigos, subposições e posições da NCM/SH: a) 02.01, 02.02, 0206.10.00, 0206.2 e 0210.20.00, b) 02.03, 0206.30.00, 0206.4, 0209.10 e 0210.1, c) 02.04 e 0210.99.20, carne caprina classificada no código 0210.99.90 e miudezas comestíveis de ovinos e caprinos classificadas nos códigos 0206.80.00 e 0206.90.00, d) 02.07, 0209.90.00 e 0210.99.1, exceto os produtos dos códigos 0207.43.00 e 0207.53.00;NCM;02071412;DESTINADOS À ALIMENTAÇÃO HUMANA;Produtos de origem animal (foies gras), Códigos 0207.43.00 e 0207.53.00;PERMITIDO;;2026-01-01;;https://dfe-portal.svrs.rs.gov.br/DFE/TabelaClassificacaoTributaria
200003;I;Carnes bovina, suína, ovina, caprina e de aves e produtos de origem animal (exceto foies gras) dos seguintes códigos, subposições e posições da NCM/SH: a) 02.01, 02.02, 0206.10.00, 0206.2 e 0210.20.00, b) 02.03, 0206.30.00, 0206.4, 0209.10 e 0210.1, c) 02.04 e 0210.99.20, carne caprina classificada no código 0210.99.90 e miudezas comestíveis de ovinos e caprinos classificadas nos códigos 0206.80.00 e 0206.90.00, d) 02.07, 0209.90.00 e 0210.99.1, exceto os produtos dos códigos 0207.43.00 e 0207.53.00;NCM;02071413;DESTINADOS À ALIMENTAÇÃO HUMANA;Produtos de origem animal (foies gras), Códigos 0207.43.00 e 0207.53.00;PERMITIDO;;2026-01-01;;https://dfe-portal.svrs.rs.gov.br/DFE/TabelaClassificacaoTributaria
200003;I;Carnes bovina, suína, ovina, caprina e de aves e produtos de origem animal (exceto foies gras) dos seguintes códigos, subposições e posições da NCM/SH: a) 02.01, 02.02, 0206.10.00, 0206.2 e 0210.20.00, b) 02.03, 0206.30.00, 0206.4, 0209.10 e 0210.1, c) 02.04 e 0210.99.20, carne caprina classificada no código 0210.99.90 e miudezas comestíveis de ovinos e caprinos classificadas nos códigos 0206.80.00 e 0206.90.00, d) 02.07, 0209.90.00 e 0210.99.1, exceto os produtos dos códigos 0207.43.00 e 0207.53.00;NCM;02071419;DESTINADOS À ALIMENTAÇÃO HUMANA;Produtos de origem animal (foies gras), Códigos 0207.43.00 e 0207.53.00;PERMITIDO;;2026-01-01;;https://dfe-portal.svrs.rs.gov.br/DFE/TabelaClassificacaoTributaria
200003;I;Carnes bovina, suína, ovina, caprina e de aves e produtos de origem animal (exceto foies gras) dos seguintes códigos, subposições e posições da NCM/SH: a) 02.01, 02.02, 0206.10.00, 0206.2 e 0210.20.00, b) 02.03, 0206.30.00, 0206.4, 0209.10 e 0210.1, c) 02.04 e 0210.99.20, carne caprina classificada no código 0210.99.90 e miudezas comestíveis de ovinos e caprinos classificadas nos códigos 0206.80.00 e 0206.90.00, d) 02.07, 0209.90.00 e 0210.99.1, exceto os produtos dos códigos 0207.43.00 e 0207.53.00;NCM;02071421;DESTINADOS À ALIMENTAÇÃO HUMANA;Produtos de origem animal (foies gras), Códigos 0207.43.00 e 0207.53.00;PERMITIDO;;2026-01-01;;https://dfe-portal.svrs.rs.gov.br/DFE/TabelaClassificacaoTributaria
200003;I;Carnes bovina, suína, ovina, caprina e de aves e produtos de origem animal (exceto foies gras) dos seguintes códigos, subposições e posições da NCM/SH: a) 02.01, 02.02, 0206.10.00, 0206.2 e 0210.20.00, b) 02.03, 0206.30.00, 0206.4, 0209.10 e 0210.1, c) 02.04 e 0210.99.20, carne caprina classificada no código 0210.99.90 e miudezas comestíveis de ovinos e caprinos classificadas nos códigos 0206.80.00 e 0206.90.00, d) 02.07, 0209.90.00 e 0210.99.1, exceto os produtos dos códigos 0207.43.00 e 0207.53.00;NCM;02071422;DESTINADOS À ALIMENTAÇÃO HUMANA;Produtos de origem animal (foies gras), Códigos 0207.43.00 e 0207.53.00;PERMITIDO;;2026-01-01;;https://dfe-portal.svrs.rs.gov.br/DFE/TabelaClassificacaoTributaria
200003;I;Carnes bovina, suína, ovina, caprina e de aves e produtos de origem animal (exceto foies gras) dos seguintes códigos, subposições e posições da NCM/SH: a) 02.01, 02.02, 0206.10.00, 0206.2 e 0210.20.00, b) 02.03, 0206.30.00, 0206.4, 0209.10 e 0210.1, c) 02.04 e 0210.99.20, carne caprina classificada no código 0210.99.90 e miudezas comestíveis de ovinos e caprinos classificadas nos códigos 0206.80.00 e 0206.90.00, d) 02.07, 0209.90.00 e 0210.99.1, exceto os produtos dos códigos 0207.43.00 e 0207.53.00;NCM;02071423;DESTINADOS À ALIMENTAÇÃO HUMANA;Produtos de origem animal (foies gras), Códigos 0207.43.00 e 0207.53.00;PERMITIDO;;2026-01-01;;https://dfe-portal.svrs.rs.gov.br/DFE/TabelaClassificacaoTributaria
200003;I;Carnes bovina, suína, ovina, caprina e de aves e produtos de origem animal (exceto foies gras) dos seguintes códigos, subposições e posições da NCM/SH: a) 02.01, 02.02, 0206.10.00, 0206.2 e 0210.20.00, b) 02.03, 0206.30.00, 0206.4, 0209.10 e 0210.1, c) 02.04 e 0210.99.20, carne caprina classificada no código 0210.99.90 e miudezas comestíveis de ovinos e caprinos classificadas nos códigos 0206.80.00 e 0206.90.00, d) 02.07, 0209.90.00 e 0210.99.1, exceto os produtos dos códigos 0207.43.00 e 0207.53.00;NCM;02071424;DESTINADOS À ALIMENTAÇÃO HUMANA;Produtos de origem animal (foies gras), Códigos 0207.43.00 e 0207.53.00;PERMITIDO;;2026-01-01;;https://dfe-portal.svrs.rs.gov.br/DFE/TabelaClassificacaoTributaria
200003;I;Carnes bovina, suína, ovina, caprina e de aves e produtos de origem animal (exceto foies gras) dos seguintes códigos, subposições e posições da NCM/SH: a) 02.01, 02.02, 0206.10.00, 0206.2 e 0210.20.00, b) 02.03, 0206.30.00, 0206.4, 0209.10 e 0210.1, c) 02.04 e 0210.99.20, carne caprina classificada no código 0210.99.90 e miudezas comestíveis de ovinos e caprinos classificadas nos códigos 0206.80.00 e 0206.90.00, d) 02.07, 0209.90.00 e 0210.99.1, exceto os produtos dos códigos 0207.43.00 e 0207.53.00;NCM;02071429;DESTINADOS À ALIMENTAÇÃO HUMANA;Produtos de origem animal (foies gras), Códigos 0207.43.00 e 0207.53.00;PERMITIDO;;2026-01-01;;https://dfe-portal.svrs.rs.gov.br/DFE/TabelaClassificacaoTributaria
200003;I;Carnes bovina, suína, ovina, caprina e de aves e produtos de origem animal (exceto foies gras) dos seguintes códigos, subposições e posições da NCM/SH: a) 02.01, 02.02, 0206.10.00, 0206.2 e 0210.20.00, b) 02.03, 0206.30.00, 0206.4, 0209.10 e 0210.1, c) 02.04 e 0210.99.20, carne caprina classificada no código 0210.99.90 e miudezas comestíveis de ovinos e caprinos classificadas nos códigos 0206.80.00 e 0206.90.00, d) 02.07, 0209.90.00 e 0210.99.1, exceto os produtos dos códigos 0207.43.00 e 0207.53.00;NCM;02071431;DESTINADOS À ALIMENTAÇÃO HUMANA;Produtos de origem animal (foies gras), Códigos 0207.43.00 e 0207.53.00;PERMITIDO;;2026-01-01;;https://dfe-portal.svrs.rs.gov.br/DFE/TabelaClassificacaoTributaria
200003;I;Carnes bovina, suína, ovina, caprina e de aves e produtos de origem animal (exceto foies gras) dos seguintes códigos, subposições e posições da NCM/SH: a) 02.01, 02.02, 0206.10.00, 0206.2 e 0210.20.00, b) 02.03, 0206.30.00, 0206.4, 0209.10 e 0210.1, c) 02.04 e 0210.99.20, carne caprina classificada no código 0210.99.90 e miudezas comestíveis de ovinos e caprinos classificadas nos códigos 0206.80.00 e 0206.90.00, d) 02.07, 0209.90.00 e 0210.99.1, exceto os produtos dos códigos 0207.43.00 e 0207.53.00;NCM;02071432;DESTINADOS À ALIMENTAÇÃO HUMANA;Produtos de origem animal (foies gras), Códigos 0207.43.00 e 0207.53.00;PERMITIDO;;2026-01-01;;https://dfe-portal.svrs.rs.gov.br/DFE/TabelaClassificacaoTributaria
200003;I;Carnes bovina, suína, ovina, caprina e de aves e produtos de origem animal (exceto foies gras) dos seguintes códigos, subposições e posições da NCM/SH: a) 02.01, 02.02, 0206.10.00, 0206.2 e 0210.20.00, b) 02.03, 0206.30.00, 0206.4, 0209.10 e 0210.1, c) 02.04 e 0210.99.20, carne caprina classificada no código 0210.99.90 e miudezas comestíveis de ovinos e caprinos classificadas nos códigos 0206.80.00 e 0206.90.00, d) 02.07, 0209.90.00 e 0210.99.1, exceto os produtos dos códigos 0207.43.00 e 0207.53.00;NCM;02071433;DESTINADOS À ALIMENTAÇÃO HUMANA;Produtos de origem animal (foies gras), Códigos 0207.43.00 e 0207.53.00;PERMITIDO;;2026-01-01;;https://dfe-portal.svrs.rs.gov.br/DFE/TabelaClassificacaoTributaria
200003;I;Carnes bovina, suína, ovina, caprina e de aves e produtos de origem animal (exceto foies gras) dos seguintes códigos, subposições e posições da NCM/SH: a) 02.01, 02.02, 0206.10.00, 0206.2 e 0210.20.00, b) 02.03, 0206.30.00, 0206.4, 0209.10 e 0210.1, c) 02.04 e 0210.99.20, carne caprina classificada no código 0210.99.90 e miudezas comestíveis de ovinos e caprinos classificadas nos códigos 0206.80.00 e 0206.90.00, d) 02.07, 0209.90.00 e 0210.99.1, exceto os produtos dos códigos 0207.43.00 e 0207.53.00;NCM;02071434;DESTINADOS À ALIMENTAÇÃO HUMANA;Produtos de origem animal (foies gras), Códigos 0207.43.00 e 0207.53.00;PERMITIDO;;2026-01-01;;https://dfe-portal.svrs.rs.gov.br/DFE/TabelaClassificacaoTributaria
200003;I;Carnes bovina, suína, ovina, caprina e de aves e produtos de origem animal (exceto foies gras) dos seguintes códigos, subposições e posições da NCM/SH: a) 02.01, 02.02, 0206.10.00, 0206.2 e 0210.20.00, b) 02.03, 0206.30.00, 0206.4, 0209.10 e 0210.1, c) 02.04 e 0210.99.20, carne caprina classificada no código 0210.99.90 e miudezas comestíveis de ovinos e caprinos classificadas nos códigos 0206.80.00 e 0206.90.00, d) 02.07, 0209.90.00 e 0210.99.1, exceto os produtos dos códigos 0207.43.00 e 0207.53.00;NCM;02071439;DESTINADOS À ALIMENTAÇÃO HUMANA;Produtos de origem animal (foies gras), Códigos 0207.43.00 e 0207.53.00;PERMITIDO;;2026-01-01;;https://dfe-portal.svrs.rs.gov.br/DFE/TabelaClassificacaoTributaria
200003;I;Carnes bovina, suína, ovina, caprina e de aves e produtos de origem animal (exceto foies gras) dos seguintes códigos, subposições e posições da NCM/SH: a) 02.01, 02.02, 0206.10.00, 0206.2 e 0210.20.00, b) 02.03, 0206.30.00, 0206.4, 0209.10 e 0210.1, c) 02.04 e 0210.99.20, carne caprina classificada no código 0210.99.90 e miudezas comestíveis de ovinos e caprinos classificadas nos códigos 0206.80.00 e 0206.90.00, d) 02.07, 0209.90.00 e 0210.99.1, exceto os produtos dos códigos 0207.43.00 e 0207.53.00;NCM;02072400;DESTINADOS À ALIMENTAÇÃO HUMANA;Produtos de origem animal (foies gras), Códigos 0207.43.00 e 0207.53.00;PERMITIDO;;2026-01-01;;https://dfe-portal.svrs.rs.gov.br/DFE/TabelaClassificacaoTributaria
200003;I;Carnes bovina, suína, ovina, caprina e de aves e produtos de origem animal (exceto foies gras) dos seguintes códigos, subposições e posições da NCM/SH: a) 02.01, 02.02, 0206.10.00, 0206.2 e 0210.20.00, b) 02.03, 0206.30.00, 0206.4, 0209.10 e 0210.1, c) 02.04 e 0210.99.20, carne caprina classificada no código 0210.99.90 e miudezas comestíveis de ovinos e caprinos classificadas nos códigos 0206.80.00 e 0206.90.00, d) 02.07, 0209.90.00 e 0210.99.1, exceto os produtos dos códigos 0207.43.00 e 0207.53.00;NCM;02072500;DESTINADOS À ALIMENTAÇÃO HUMANA;Produtos de origem animal (foies gras), Códigos 0207.43.00 e 0207.53.00;PERMITIDO;;2026-01-01;;https://dfe-portal.svrs.rs.gov.br/DFE/TabelaClassificacaoTributaria
200003;I;Carnes bovina, suína, ovina, caprina e de aves e produtos de origem animal (exceto foies gras) dos seguintes códigos, subposições e posições da NCM/SH: a) 02.01, 02.02, 0206.10.00, 0206.2 e 0210.20.00, b) 02.03, 0206.30.00, 0206.4, 0209.10 e 0210.1, c) 02.04 e 0210.99.20, carne caprina classificada no código 0210.99.90 e miudezas comestíveis de ovinos e caprinos classificadas nos códigos 0206.80.00 e 0206.90.00, d) 02.07, 0209.90.00 e 0210.99.1, exceto os produtos dos códigos 0207.43.00 e 0207.53.00;NCM;02072600;DESTINADOS À ALIMENTAÇÃO HUMANA;Produtos de origem animal (foies gras), Códigos 0207.43.00 e 0207.53.00;PERMITIDO;;2026-01-01;;https://dfe-portal.svrs.rs.gov.br/DFE/TabelaClassificacaoTributaria
200003;I;Carnes bovina, suína, ovina, caprina e de aves e produtos de origem animal (exceto foies gras) dos seguintes códigos, subposições e posições da NCM/SH: a) 02.01, 02.02, 0206.10.00, 0206.2 e 0210.20.00, b) 02.03, 0206.30.00, 0206.4, 0209.10 e 0210.1, c) 02.04 e 0210.99.20, carne caprina classificada no código 0210.99.90 e miudezas comestíveis de ovinos e caprinos classificadas nos códigos 0206.80.00 e 0206.90.00, d) 02.07, 0209.90.00 e 0210.99.1, exceto os produtos dos códigos 0207.43.00 e 0207.53.00;NCM;02072700;DESTINADOS À ALIMENTAÇÃO HUMANA;Produtos de origem animal (foies gras), Códigos 0207.43.00 e 0207.53.00;PERMITIDO;;2026-01-01;;https://dfe-portal.svrs.rs.gov.br/DFE/TabelaClassificacaoTributaria
200003;I;Carnes bovina, suína, ovina, caprina e de aves e produtos de origem animal (exceto foies gras) dos seguintes códigos, subposições e posições da NCM/SH: a) 02.01, 02.02, 0206.10.00, 0206.2 e 0210.20.00, b) 02.03, 0206.30.00, 0206.4, 0209.10 e 0210.1, c) 02.04 e 0210.99.20, carne caprina classificada no código 0210.99.90 e miudezas comestíveis de ovinos e caprinos classificadas nos códigos 0206.80.00 e 0206.90.00, d) 02.07, 0209.90.00 e 0210.99.1, exceto os produtos dos códigos 0207.43.00 e 0207.53.00;NCM;02074100;DESTINADOS À ALIMENTAÇÃO HUMANA;Produtos de origem animal (foies gras), Códigos 0207.43.00 e 0207.53.00;PERMITIDO;;2026-01-01;;https://dfe-portal.svrs.rs.gov.br/DFE/TabelaClassificacaoTributaria
200003;I;Carnes bovina, suína, ovina, caprina e de aves e produtos de origem animal (exceto foies gras) dos seguintes códigos, subposições e posições da NCM/SH: a) 02.01, 02.02, 0206.10.00, 0206.2 e 0210.20.00, b) 02.03, 0206.30.00, 0206.4, 0209.10 e 0210.1, c) 02.04 e 0210.99.20, carne caprina classificada no código 0210.99.90 e miudezas comestíveis de ovinos e caprinos classificadas nos códigos 0206.80.00 e 0206.90.00, d) 02.07, 0209.90.00 e 0210.99.1, exceto os produtos dos códigos 0207.43.00 e 0207.53.00;NCM;02074200;DESTINADOS À ALIMENTAÇÃO HUMANA;Produtos de origem animal (foies gras), Códigos 0207.43.00 e 0207.53.00;PERMITIDO;;2026-01-01;;https://dfe-portal.svrs.rs.gov.br/DFE/TabelaClassificacaoTributaria
200003;I;Carnes bovina, suína, ovina, caprina e de aves e produtos de origem animal (exceto foies gras) dos seguintes códigos, subposições e posições da NCM/SH: a) 02.01, 02.02, 0206.10.00, 0206.2 e 0210.20.00, b) 02.03, 0206.30.00, 0206.4, 0209.10 e 0210.1, c) 02.04 e 0210.99.20, carne caprina classificada no código 0210.99.90 e miudezas comestíveis de ovinos e caprinos classificadas nos códigos 0206.80.00 e 0206.90.00, d) 02.07, 0209.90.00 e 0210.99.1, exceto os produtos dos códigos 0207.43.00 e 0207.53.00;NCM;02074400;DESTINADOS À ALIMENTAÇÃO HUMANA;Produtos de origem animal (foies gras), Códigos 0207.43.00 e 0207.53.00;PERMITIDO;;2026-01-01;;https://dfe-portal.svrs.rs.gov.br/DFE/TabelaClassificacaoTributaria
200003;I;Carnes bovina, suína, ovina, caprina e de aves e produtos de origem animal (exceto foies gras) dos seguintes códigos, subposições e posições da NCM/SH: a) 02.01, 02.02, 0206.10.00, 0206.2 e 0210.20.00, b) 02.03, 0206.30.00, 0206.4, 0209.10 e 0210.1, c) 02.04 e 0210.99.20, carne caprina classificada no código 0210.99.90 e miudezas comestíveis de ovinos e caprinos classificadas nos códigos 0206.80.00 e 0206.90.00, d) 02.07, 0209.90.00 e 0210.99.1, exceto os produtos dos códigos 0207.43.00 e 0207.53.00;NCM;02074500;DESTINADOS À ALIMENTAÇÃO HUMANA;Produtos de origem animal (foies gras), Códigos 0207.43.00 e 0207.53.00;PERMITIDO;;2026-01-01;;https://dfe-portal.svrs.rs.gov.br/DFE/TabelaClassificacaoTributaria
200003;I;Carnes bovina, suína, ovina, caprina e de aves e produtos de origem animal (exceto foies gras) dos seguintes códigos, subposições e posições da NCM/SH: a) 02.01, 02.02, 0206.10.00, 0206.2 e 0210.20.00, b) 02.03, 0206.30.00, 0206.4, 0209.10 e 0210.1, c) 02.04 e 0210.99.20, carne caprina classificada no código 0210.99.90 e miudezas comestíveis de ovinos e caprinos classificadas nos códigos 0206.80.00 e 0206.90.00, d) 02.07, 0209.90.00 e 0210.99.1, exceto os produtos dos códigos 0207.43.00 e 0207.53.00;NCM;02075100;DESTINADOS À ALIMENTAÇÃO HUMANA;Produtos de origem animal (foies gras), Códigos 0207.43.00 e 0207.53.00;PERMITIDO;;2026-01-01;;https://dfe-portal.svrs.rs.gov.br/DFE/TabelaClassificacaoTributaria
200003;I;Carnes bovina, suína, ovina, caprina e de aves e produtos de origem animal (exceto foies gras) dos seguintes códigos, subposições e posições da NCM/SH: a) 02.01, 02.02, 0206.10.00, 0206.2 e 0210.20.00, b) 02.03, 0206.30.00, 0206.4, 0209.10 e 0210.1, c) 02.04 e 0210.99.20, carne caprina classificada no código 0210.99.90 e miudezas comestíveis de ovinos e caprinos classificadas nos códigos 0206.80.00 e 0206.90.00, d) 02.07, 0209.90.00 e 0210.99.1, exceto os produtos dos códigos 0207.43.00 e 0207.53.00;NCM;02075200;DESTINADOS À ALIMENTAÇÃO HUMANA;Produtos de origem animal (foies gras), Códigos 0207.43.00 e 0207.53.00;PERMITIDO;;2026-01-01;;https://dfe-portal.svrs.rs.gov.br/DFE/TabelaClassificacaoTributaria
200003;I;Carnes bovina, suína, ovina, caprina e de aves e produtos de origem animal (exceto foies gras) dos seguintes códigos, subposições e posições da NCM/SH: a) 02.01, 02.02, 0206.10.00, 0206.2 e 0210.20.00, b) 02.03, 0206.30.00, 0206.4, 0209.10 e 0210.1, c) 02.04 e 0210.99.20, carne caprina classificada no código 0210.99.90 e miudezas comestíveis de ovinos e caprinos classificadas nos códigos 0206.80.00 e 0206.90.00, d) 02.07, 0209.90.00 e 0210.99.1, exceto os produtos dos códigos 0207.43.00 e 0207.53.00;NCM;02075400;DESTINADOS À ALIMENTAÇÃO HUMANA;Produtos de origem animal (foies gras), Códigos 0207.43.00 e 0207.53.00;PERMITIDO;;2026-01-01;;https://dfe-portal.svrs.rs.gov.br/DFE/TabelaClassificacaoTributaria
200003;I;Carnes bovina, suína, ovina, caprina e de aves e produtos de origem animal (exceto foies gras) dos seguintes códigos, subposições e posições da NCM/SH: a) 02.01, 02.02, 0206.10.00, 0206.2 e 0210.20.00, b) 02.03, 0206.30.00, 0206.4, 0209.10 e 0210.1, c) 02.04 e 0210.99.20, carne caprina classificada no código 0210.99.90 e miudezas comestíveis de ovinos e caprinos classificadas nos códigos 0206.80.00 e 0206.90.00, d) 02.07, 0209.90.00 e 0210.99.1, exceto os produtos dos códigos 0207.43.00 e 0207.53.00;NCM;02075500;DESTINADOS À ALIMENTAÇÃO HUMANA;Produtos de origem animal (foies gras), Códigos 0207.43.00 e 0207.53.00;PERMITIDO;;2026-01-01;;https://dfe-portal.svrs.rs.gov.br/DFE/TabelaClassificacaoTributaria
200003;I;Carnes bovina, suína, ovina, caprina e de aves e produtos de origem animal (exceto foies gras) dos seguintes códigos, subposições e posições da NCM/SH: a) 02.01, 02.02, 0206.10.00, 0206.2 e 0210.20.00, b) 02.03, 0206.30.00, 0206.4, 0209.10 e 0210.1, c) 02.04 e 0210.99.20, carne caprina classificada no código 0210.99.90 e miudezas comestíveis de ovinos e caprinos classificadas nos códigos 0206.80.00 e 0206.90.00, d) 02.07, 0209.90.00 e 0210.99.1, exceto os produtos dos códigos 0207.43.00 e 0207.53.00;NCM;02076000;DESTINADOS À ALIMENTAÇÃO HUMANA;Produtos de origem animal (foies gras), Códigos 0207.43.00 e 0207.53.00;PERMITIDO;;2026-01-01;;https://dfe-portal.svrs.rs.gov.br/DFE/TabelaClassificacaoTributaria
200003;I;Carnes bovina, suína, ovina, caprina e de aves e produtos de origem animal (exceto foies gras) dos seguintes códigos, subposições e posições da NCM/SH: a) 02.01, 02.02, 0206.10.00, 0206.2 e 0210.20.00, b) 02.03, 0206.30.00, 0206.4, 0209.10 e 0210.1, c) 02.04 e 0210.99.20, carne caprina classificada no código 0210.99.90 e miudezas comestíveis de ovinos e caprinos classificadas nos códigos 0206.80.00 e 0206.90.00, d) 02.07, 0209.90.00 e 0210.99.1, exceto os produtos dos códigos 0207.43.00 e 0207.53.00;NCM;02074300;;Produtos de origem animal (foies gras), Códigos 0207.43.00 e 0207.53.00;VEDADO;;2026-01-01;;https://dfe-portal.svrs.rs.gov.br/DFE/TabelaClassificacaoTributaria
200003;I;Carnes bovina, suína, ovina, caprina e de aves e produtos de origem animal (exceto foies gras) dos seguintes códigos, subposições e posições da NCM/SH: a) 02.01, 02.02, 0206.10.00, 0206.2 e 0210.20.00, b) 02.03, 0206.30.00, 0206.4, 0209.10 e 0210.1, c) 02.04 e 0210.99.20, carne caprina classificada no código 0210.99.90 e miudezas comestíveis de ovinos e caprinos classificadas nos códigos 0206.80.00 e 0206.90.00, d) 02.07, 0209.90.00 e 0210.99.1, exceto os produtos dos códigos 0207.43.00 e 0207.53.00;NCM;02075300;;Produtos de origem animal (foies gras), Códigos 0207.43.00 e 0207.53.00;VEDADO;;2026-01-01;;https://dfe-portal.svrs.rs.gov.br/DFE/TabelaClassificacaoTributaria
200003;I;Carnes bovina, suína, ovina, caprina e de aves e produtos de origem animal (exceto foies gras) dos seguintes códigos, subposições e posições da NCM/SH: a) 02.01, 02.02, 0206.10.00, 0206.2 e 0210.20.00, b) 02.03, 0206.30.00, 0206.4, 0209.10 e 0210.1, c) 02.04 e 0210.99.20, carne caprina classificada no código 0210.99.90 e miudezas comestíveis de ovinos e caprinos classificadas nos códigos 0206.80.00 e 0206.90.00, d) 02.07, 0209.90.00 e 0210.99.1, exceto os produtos dos códigos 0207.43.00 e 0207.53.00;NCM;02091011;DESTINADOS À ALIMENTAÇÃO HUMANA;Produtos de origem animal (foies gras), Códigos 0207.43.00 e 0207.53.00;PERMITIDO;;2026-01-01;;https://dfe-portal.svrs.rs.gov.br/DFE/TabelaClassificacaoTributaria
200003;I;Carnes bovina, suína, ovina, caprina e de aves e produtos de origem animal (exceto foies gras) dos seguintes códigos, subposições e posições da NCM/SH: a) 02.01, 02.02, 0206.10.00, 0206.2 e 0210.20.00, b) 02.03, 0206.30.00, 0206.4, 0209.10 e 0210.1, c) 02.04 e 0210.99.20, carne caprina classificada no código 0210.99.90 e miudezas comestíveis de ovinos e caprinos classificadas nos códigos 0206.80.00 e 0206.90.00, d) 02.07, 0209.90.00 e 0210.99.1, exceto os produtos dos códigos 0207.43.00 e 0207.53.00;NCM;02091019;DESTINADOS À ALIMENTAÇÃO HUMANA;Produtos de origem animal (foies gras), Códigos 0207.43.00 e 0207.53.00;PERMITIDO;;2026-01-01;;https://dfe-portal.svrs.rs.gov.br/DFE/TabelaClassificacaoTributaria
200003;I;Carnes bovina, suína, ovina, caprina e de aves e produtos de origem animal (exceto foies gras) dos seguintes códigos, subposições e posições da NCM/SH: a) 02.01, 02.02, 0206.10.00, 0206.2 e 0210.20.00, b) 02.03, 0206.30.00, 0206.4, 0209.10 e 0210.1, c) 02.04 e 0210.99.20, carne caprina classificada no código 0210.99.90 e miudezas comestíveis de ovinos e caprinos classificadas nos códigos 0206.80.00 e 0206.90.00, d) 02.07, 0209.90.00 e 0210.99.1, exceto os produtos dos códigos 0207.43.00 e 0207.53.00;NCM;02091021;DESTINADOS À ALIMENTAÇÃO HUMANA;Produtos de origem animal (foies gras), Códigos 0207.43.00 e 0207.53.00;PERMITIDO;;2026-01-01;;https://dfe-portal.svrs.rs.gov.br/DFE/TabelaClassificacaoTributaria
200003;I;Carnes bovina, suína, ovina, caprina e de aves e produtos de origem animal (exceto foies gras) dos seguintes códigos, subposições e posições da NCM/SH: a) 02.01, 02.02, 0206.10.00, 0206.2 e 0210.20.00, b) 02.03, 0206.30.00, 0206.4, 0209.10 e 0210.1, c) 02.04 e 0210.99.20, carne caprina classificada no código 0210.99.90 e miudezas comestíveis de ovinos e caprinos classificadas nos códigos 0206.80.00 e 0206.90.00, d) 02.07, 0209.90.00 e 0210.99.1, exceto os produtos dos códigos 0207.43.00 e 0207.53.00;NCM;02091029;DESTINADOS À ALIMENTAÇÃO HUMANA;Produtos de origem animal (foies gras), Códigos 0207.43.00 e 0207.53.00;PERMITIDO;;2026-01-01;;https://dfe-portal.svrs.rs.gov.br/DFE/TabelaClassificacaoTributaria
200003;I;Carnes bovina, suína, ovina, caprina e de aves e produtos de origem animal (exceto foies gras) dos seguintes códigos, subposições e posições da NCM/SH: a) 02.01, 02.02, 0206.10.00, 0206.2 e 0210.20.00, b) 02.03, 0206.30.00, 0206.4, 0209.10 e 0210.1, c) 02.04 e 0210.99.20, carne caprina classificada no código 0210.99.90 e miudezas comestíveis de ovinos e caprinos classificadas nos códigos 0206.80.00 e 0206.90.00, d) 02.07, 0209.90.00 e 0210.99.1, exceto os produtos dos códigos 0207.43.00 e 0207.53.00;NCM;02099000;DESTINADOS À ALIMENTAÇÃO HUMANA;Produtos de origem animal (foies gras), Códigos 0207.43.00 e 0207.53.00;PERMITIDO;;2026-01-01;;https://dfe-portal.svrs.rs.gov.br/DFE/TabelaClassificacaoTributaria
200003;I;Carnes bovina, suína, ovina, caprina e de aves e produtos de origem animal (exceto foies gras) dos seguintes códigos, subposições e posições da NCM/SH: a) 02.01, 02.02, 0206.10.00, 0206.2 e 0210.20.00, b) 02.03, 0206.30.00, 0206.4, 0209.10 e 0210.1, c) 02.04 e 0210.99.20, carne caprina classificada no código 0210.99.90 e miudezas comestíveis de ovinos e caprinos classificadas nos códigos 0206.80.00 e 0206.90.00, d) 02.07, 0209.90.00 e 0210.99.1, exceto os produtos dos códigos 0207.43.00 e 0207.53.00;NCM;02101100;DESTINADOS À ALIMENTAÇÃO HUMANA;Produtos de origem animal (foies gras), Códigos 0207.43.00 e 0207.53.00;PERMITIDO;;2026-01-01;;https://dfe-portal.svrs.rs.gov.br/DFE/TabelaClassificacaoTributaria
200003;I;Carnes bovina, suína, ovina, caprina e de aves e produtos de origem animal (exceto foies gras) dos seguintes códigos, subposições e posições da NCM/SH: a) 02.01, 02.02, 0206.10.00, 0206.2 e 0210.20.00, b) 02.03, 0206.30.00, 0206.4, 0209.10 e 0210.1, c) 02.04 e 0210.99.20, carne caprina classificada no código 0210.99.90 e miudezas comestíveis de ovinos e caprinos classificadas nos códigos 0206.80.00 e 0206.90.00, d) 02.07, 0209.90.00 e 0210.99.1, exceto os produtos dos códigos 0207.43.00 e 0207.53.00;NCM;02101200;DESTINADOS À ALIMENTAÇÃO HUMANA;Produtos de origem animal (foies gras), Códigos 0207.43.00 e 0207.53.00;PERMITIDO;;2026-01-01;;https://dfe-portal.svrs.rs.gov.br/DFE/TabelaClassificacaoTributaria
200003;I;Carnes bovina, suína, ovina, caprina e de aves e produtos de origem animal (exceto foies gras) dos seguintes códigos, subposições e posições da NCM/SH: a) 02.01, 02.02, 0206.10.00, 0206.2 e 0210.20.00, b) 02.03, 0206.30.00, 0206.4, 0209.10 e 0210.1, c) 02.04 e 0210.99.20, carne caprina classificada no código 0210.99.90 e miudezas comestíveis de ovinos e caprinos classificadas nos códigos 0206.80.00 e 0206.90.00, d) 02.07, 0209.90.00 e 0210.99.1, exceto os produtos dos códigos 0207.43.00 e 0207.53.00;NCM;02101900;DESTINADOS À ALIMENTAÇÃO HUMANA;Produtos de origem animal (foies gras), Códigos 0207.43.00 e 0207.53.00;PERMITIDO;;2026-01-01;;https://dfe-portal.svrs.rs.gov.br/DFE/TabelaClassificacaoTributaria
200003;I;Carnes bovina, suína, ovina, caprina e de aves e produtos de origem animal (exceto foies gras) dos seguintes códigos, subposições e posições da NCM/SH: a) 02.01, 02.02, 0206.10.00, 0206.2 e 0210.20.00, b) 02.03, 0206.30.00, 0206.4, 0209.10 e 0210.1, c) 02.04 e 0210.99.20, carne caprina classificada no código 0210.99.90 e miudezas comestíveis de ovinos e caprinos classificadas nos códigos 0206.80.00 e 0206.90.00, d) 02.07, 0209.90.00 e 0210.99.1, exceto os produtos dos códigos 0207.43.00 e 0207.53.00;NCM;02102000;DESTINADOS À ALIMENTAÇÃO HUMANA;Produtos de origem animal (foies gras), Códigos 0207.43.00 e 0207.53.00;PERMITIDO;;2026-01-01;;https://dfe-portal.svrs.rs.gov.br/DFE/TabelaClassificacaoTributaria
200003;I;Carnes bovina, suína, ovina, caprina e de aves e produtos de origem animal (exceto foies gras) dos seguintes códigos, subposições e posições da NCM/SH: a) 02.01, 02.02, 0206.10.00, 0206.2 e 0210.20.00, b) 02.03, 0206.30.00, 0206.4, 0209.10 e 0210.1, c) 02.04 e 0210.99.20, carne caprina classificada no código 0210.99.90 e miudezas comestíveis de ovinos e caprinos classificadas nos códigos 0206.80.00 e 0206.90.00, d) 02.07, 0209.90.00 e 0210.99.1, exceto os produtos dos códigos 0207.43.00 e 0207.53.00;NCM;02109911;DESTINADOS À ALIMENTAÇÃO HUMANA;Produtos de origem animal (foies gras), Códigos 0207.43.00 e 0207.53.00;PERMITIDO;;2026-01-01;;https://dfe-portal.svrs.rs.gov.br/DFE/TabelaClassificacaoTributaria
200003;I;Carnes bovina, suína, ovina, caprina e de aves e produtos de origem animal (exceto foies gras) dos seguintes códigos, subposições e posições da NCM/SH: a) 02.01, 02.02, 0206.10.00, 0206.2 e 0210.20.00, b) 02.03, 0206.30.00, 0206.4, 0209.10 e 0210.1, c) 02.04 e 0210.99.20, carne caprina classificada no código 0210.99.90 e miudezas comestíveis de ovinos e caprinos classificadas nos códigos 0206.80.00 e 0206.90.00, d) 02.07, 0209.90.00 e 0210.99.1, exceto os produtos dos códigos 0207.43.00 e 0207.53.00;NCM;02109919;DESTINADOS À ALIMENTAÇÃO HUMANA;Produtos de origem animal (foies gras), Códigos 0207.43.00 e 0207.53.00;PERMITIDO;;2026-01-01;;https://dfe-portal.svrs.rs.gov.br/DFE/TabelaClassificacaoTributaria
200003;I;Carnes bovina, suína, ovina, caprina e de aves e produtos de origem animal (exceto foies gras) dos seguintes códigos, subposições e posições da NCM/SH: a) 02.01, 02.02, 0206.10.00, 0206.2 e 0210.20.00, b) 02.03, 0206.30.00, 0206.4, 0209.10 e 0210.1, c) 02.04 e 0210.99.20, carne caprina classificada no código 0210.99.90 e miudezas comestíveis de ovinos e caprinos classificadas nos códigos 0206.80.00 e 0206.90.00, d) 02.07, 0209.90.00 e 0210.99.1, exceto os produtos dos códigos 0207.43.00 e 0207.53.00;NCM;02109920;DESTINADOS À ALIMENTAÇÃO HUMANA;Produtos de origem animal (foies gras), Códigos 0207.43.00 e 0207.53.00;PERMITIDO;;2026-01-01;;https://dfe-portal.svrs.rs.gov.br/DFE/TabelaClassificacaoTributaria
200003;I;Carnes bovina, suína, ovina, caprina e de aves e produtos de origem animal (exceto foies gras) dos seguintes códigos, subposições e posições da NCM/SH: a) 02.01, 02.02, 0206.10.00, 0206.2 e 0210.20.00, b) 02.03, 0206.30.00, 0206.4, 0209.10 e 0210.1, c) 02.04 e 0210.99.20, carne caprina classificada no código 0210.99.90 e miudezas comestíveis de ovinos e caprinos classificadas nos códigos 0206.80.00 e 0206.90.00, d) 02.07, 0209.90.00 e 0210.99.1, exceto os produtos dos códigos 0207.43.00 e 0207.53.00;NCM;02109990;DESTINADOS À ALIMENTAÇÃO HUMANA;Produtos de origem animal (foies gras), Códigos 0207.43.00 e 0207.53.00;PERMITIDO;;2026-01-01;;https://dfe-portal.svrs.rs.gov.br/DFE/TabelaClassificacaoTributaria
200003;I;Peixes e carnes de peixes (exceto salmonídeos, atuns, bacalhaus, hadoque, saithe e ovas e outros subprodutos) dos seguintes códigos, subposições e posições da NCM/SH: a) 03.02, exceto os produtos das subposições e dos códigos 0302.1, 0302.3, 0302.51.00, 0302.52.00, 0302.53.00 e 0302.9 da NCM/SH, b) 03.03, exceto os produtos das subposições e dos códigos 0303.1, 0303.4, 0303.63.00, 0303.64.00, 0303.65.00 e 0303.9 da NCM/SH, c) 03.04, exceto os salmonídeos, atuns, bacalhaus, hadoque e saithe classificados nas subposições 0304.4, 0304.5, 0304.7, 0304.8 e 0304.9 da NCM/SH;NCM;03022100;DESTINADOS À ALIMENTAÇÃO HUMANA;Produtos das subposições e dos códigos 0302.1, 0302.3, 0302.51.00, 0302.52.00, 0302.53.00 e 0302.9 da NCM/SH, produtos das subposições e dos códigos 0303.1, 0303.4, 0303.63.00, 0303.64.00, 0303.65.00 e 0303.9 da NCM/SH, salmonídeos, atuns, bacalhaus, hadoque e saithe classificados nas subposições 0304.4, 0304.5, 0304.7, 0304.8 e 0304.9 da NCM/SH;PERMITIDO;;2026-01-01;;https://dfe-portal.svrs.rs.gov.br/DFE/TabelaClassificacaoTributaria
200003;I;Peixes e carnes de peixes (exceto salmonídeos, atuns, bacalhaus, hadoque, saithe e ovas e outros subprodutos) dos seguintes códigos, subposições e posições da NCM/SH: a) 03.02, exceto os produtos das subposições e dos códigos 0302.1, 0302.3, 0302.51.00, 0302.52.00, 0302.53.00 e 0302.9 da NCM/SH, b) 03.03, exceto os produtos das subposições e dos códigos 0303.1, 0303.4, 0303.63.00, 0303.64.00, 0303.65.00 e 0303.9 da NCM/SH, c) 03.04, exceto os salmonídeos, atuns, bacalhaus, hadoque e saithe classificados nas subposições 0304.4, 0304.5, 0304.7, 0304.8 e 0304.9 da NCM/SH;NCM;03023900;;Produtos das subposições e dos códigos 0302.1, 0302.3, 0302.51.00, 0302.52.00, 0302.53.00 e 0302.9 da NCM/SH, produtos das subposições e dos códigos 0303.1, 0303.4, 0303.63.00, 0303.64.00, 0303.65.00 e 0303.9 da NCM/SH, salmonídeos, atuns, bacalhaus, hadoque e saithe classificados nas subposições 0304.4, 0304.5, 0304.7, 0304.8 e 0304.9 da NCM/SH;VEDADO;;2026-01-01;;https://dfe-portal.svrs.rs.gov.br/DFE/TabelaClassificacaoTributaria
200003;I;Peixes e carnes de peixes (exceto salmonídeos, atuns, bacalhaus, hadoque, saithe e ovas e outros subprodutos) dos seguintes códigos, subposições e posições da NCM/SH: a) 03.02, exceto os produtos das subposições e dos códigos 0302.1, 0302.3, 0302.51.00, 0302.52.00, 0302.53.00 e 0302.9 da NCM/SH, b) 03.03, exceto os produtos das subposições e dos códigos 0303.1, 0303.4, 0303.63.00, 0303.64.00, 0303.65.00 e 0303.9 da NCM/SH, c) 03.04, exceto os salmonídeos, atuns, bacalhaus, hadoque e saithe classificados nas subposições 0304.4, 0304.5, 0304.7, 0304.8 e 0304.9 da NCM/SH;NCM;03022200;DESTINADOS À ALIMENTAÇÃO HUMANA;Produtos das subposições e dos códigos 0302.1, 0302.3, 0302.51.00, 0302.52.00, 0302.53.00 e 0302.9 da NCM/SH, produtos das subposições e dos códigos 0303.1, 0303.4, 0303.63.00, 0303.64.00, 0303.65.00 e 0303.9 da NCM/SH, salmonídeos, atuns, bacalhaus, hadoque e saithe classificados nas subposições 0304.4, 0304.5, 0304.7, 0304.8 e 0304.9 da NCM/SH;PERMITIDO;;2026-01-01;;https://dfe-portal.svrs.rs.gov.br/DFE/TabelaClassificacaoTributaria
200003;I;Peixes e carnes de peixes (exceto salmonídeos, atuns, bacalhaus, hadoque, saithe e ovas e outros subprodutos) dos seguintes códigos, subposições e posições da NCM/SH: a) 03.02, exceto os produtos das subposições e dos códigos 0302.1, 0302.3, 0302.51.00, 0302.52.00, 0302.53.00 e 0302.9 da NCM/SH, b) 03.03, exceto os produtos das subposições e dos códigos 0303.1, 0303.4, 0303.63.00, 0303.64.00, 0303.65.00 e 0303.9 da NCM/SH, c) 03.04, exceto os salmonídeos, atuns, bacalhaus, hadoque e saithe classificados nas subposições 0304.4, 0304.5, 0304.7, 0304.8 e 0304.9 da NCM/SH;NCM;03022300;DESTINADOS À ALIMENTAÇÃO HUMANA;Produtos das subposições e dos códigos 0302.1, 0302.3, 0302.51.00, 0302.52.00, 0302.53.00 e 0302.9 da NCM/SH, produtos das subposições e dos códigos 0303.1, 0303.4, 0303.63.00, 0303.64.00, 0303.65.00 e 0303.9 da NCM/SH, salmonídeos, atuns, bacalhaus, hadoque e saithe classificados nas subposições 0304.4, 0304.5, 0304.7, 0304.8 e 0304.9 da NCM/SH;PERMITIDO;;2026-01-01;;https://dfe-portal.svrs.rs.gov.br/DFE/TabelaClassificacaoTributaria
200003;I;Peixes e carnes de peixes (exceto salmonídeos, atuns, bacalhaus, hadoque, saithe e ovas e outros subprodutos) dos seguintes códigos, subposições e posições da NCM/SH: a) 03.02, exceto os produtos das subposições e dos códigos 0302.1, 0302.3, 0302.51.00, 0302.52.00, 0302.53.00 e 0302.9 da NCM/SH, b) 03.03, exceto os produtos das subposições e dos códigos 0303.1, 0303.4, 0303.63.00, 0303.64.00, 0303.65.00 e 0303.9 da NCM/SH, c) 03.04, exceto os salmonídeos, atuns, bacalhaus, hadoque e saithe classificados nas subposições 0304.4, 0304.5, 0304.7, 0304.8 e 0304.9 da NCM/SH;NCM;03022400;DESTINADOS À ALIMENTAÇÃO HUMANA;Produtos das subposições e dos códigos 0302.1, 0302.3, 0302.51.00, 0302.52.00, 0302.53.00 e 0302.9 da NCM/SH, produtos das subposições e dos códigos 0303.1, 0303.4, 0303.63.00, 0303.64.00, 0303.65.00 e 0303.9 da NCM/SH, salmonídeos, atuns, bacalhaus, hadoque e saithe classificados nas subposições 0304.4, 0304.5, 0304.7, 0304.8 e 0304.9 da NCM/SH;PERMITIDO;;2026-01-01;;https://dfe-portal.svrs.rs.gov.br/DFE/TabelaClassificacaoTributaria
200003;I;Peixes e carnes de peixes (exceto salmonídeos, atuns, bacalhaus, hadoque, saithe e ovas e outros subprodutos) dos seguintes códigos, subposições e posições da NCM/SH: a) 03.02, exceto os produtos das subposições e dos códigos 0302.1, 0302.3, 0302.51.00, 0302.52.00, 0302.53.00 e 0302.9 da NCM/SH, b) 03.03, exceto os produtos das subposições e dos códigos 0303.1, 0303.4, 0303.63.00, 0303.64.00, 0303.65.00 e 0303.9 da NCM/SH, c) 03.04, exceto os salmonídeos, atuns, bacalhaus, hadoque e saithe classificados nas subposições 0304.4, 0304.5, 0304.7, 0304.8 e 0304.9 da NCM/SH;NCM;03045600;;Produtos das subposições e dos códigos 0302.1, 0302.3, 0302.51.00, 0302.52.00, 0302.53.00 e 0302.9 da NCM/SH, produtos das subposições e dos códigos 0303.1, 0303.4, 0303.63.00, 0303.64.00, 0303.65.00 e 0303.9 da NCM/SH, salmonídeos, atuns, bacalhaus, hadoque e saithe classificados nas subposições 0304.4, 0304.5, 0304.7, 0304.8 e 0304.9 da NCM/SH;VEDADO;;2026-01-01;;https://dfe-portal.svrs.rs.gov.br/DFE/TabelaClassificacaoTributaria
200003;I;Peixes e carnes de peixes (exceto salmonídeos, atuns, bacalhaus, hadoque, saithe e ovas e outros subprodutos) dos seguintes códigos, subposições e posições da NCM/SH: a) 03.02, exceto os produtos das subposições e dos códigos 0302.1, 0302.3, 0302.51.00, 0302.52.00, 0302.53.00 e 0302.9 da NCM/SH, b) 03.03, exceto os produtos das subposições e dos códigos 0303.1, 0303.4, 0303.63.00, 0303.64.00, 0303.65.00 e 0303.9 da NCM/SH, c) 03.04, exceto os salmonídeos, atuns, bacalhaus, hadoque e saithe classificados nas subposições 0304.4, 0304.5, 0304.7, 0304.8 e 0304.9 da NCM/SH;NCM;03022900;DESTINADOS À ALIMENTAÇÃO HUMANA;Produtos das subposições e dos códigos 0302.1, 0302.3, 0302.51.00, 0302.52.00, 0302.53.00 e 0302.9 da NCM/SH, produtos das subposições e dos códigos 0303.1, 0303.4, 0303.63.00, 0303.64.00, 0303.65.00 e 0303.9 da NCM/SH, salmonídeos, atuns, bacalhaus, hadoque e saithe classificados nas subposições 0304.4, 0304.5, 0304.7, 0304.8 e 0304.9 da NCM/SH;PERMITIDO;;2026-01-01;;https://dfe-portal.svrs.rs.gov.br/DFE/TabelaClassificacaoTributaria
200003;I;Peixes e carnes de peixes (exceto salmonídeos, atuns, bacalhaus, hadoque, saithe e ovas e outros subprodutos) dos seguintes códigos, subposições e posições da NCM/SH: a) 03.02, exceto os produtos das subposições e dos códigos 0302.1, 0302.3, 0302.51.00, 0302.52.00, 0302.53.00 e 0302.9 da NCM/SH, b) 03.03, exceto os produtos das subposições e dos códigos 0303.1, 0303.4, 0303.63.00, 0303.64.00, 0303.65.00 e 0303.9 da NCM/SH, c) 03.04, exceto os salmonídeos, atuns, bacalhaus, hadoque e saithe classificados nas subposições 0304.4, 0304.5, 0304.7, 0304.8 e 0304.9 da NCM/SH;NCM;03024100;DESTINADOS À ALIMENTAÇÃO HUMANA;Produtos das subposições e dos códigos 0302.1, 0302.3, 0302.51.00, 0302.52.00, 0302.53.00 e 0302.9 da NCM/SH, produtos das subposições e dos códigos 0303.1, 0303.4, 0303.63.00, 0303.64.00, 0303.65.00 e 0303.9 da NCM/SH, salmonídeos, atuns, bacalhaus, hadoque e saithe classificados nas subposições 0304.4, 0304.5, 0304.7, 0304.8 e 0304.9 da NCM/SH;PERMITIDO;;2026-01-01;;https://dfe-portal.svrs.rs.gov.br/DFE/TabelaClassificacaoTributaria
200003;I;Peixes e carnes de peixes (exceto salmonídeos, atuns, bacalhaus, hadoque, saithe e ovas e outros subprodutos) dos seguintes códigos, subposições e posições da NCM/SH: a) 03.02, exceto os produtos das subposições e dos códigos 0302.1, 0302.3, 0302.51.00, 0302.52.00, 0302.53.00 e 0302.9 da NCM/SH, b) 03.03, exceto os produtos das subposições e dos códigos 0303.1, 0303.4, 0303.63.00, 0303.64.00, 0303.65.00 e 0303.9 da NCM/SH, c) 03.04, exceto os salmonídeos, atuns, bacalhaus, hadoque e saithe classificados nas subposições 0304.4, 0304.5, 0304.7, 0304.8 e 0304.9 da NCM/SH;NCM;03045900;;Produtos das subposições e dos códigos 0302.1, 0302.3, 0302.51.00, 0302.52.00, 0302.53.00 e 0302.9 da NCM/SH, produtos das subposições e dos códigos 0303.1, 0303.4, 0303.63.00, 0303.64.00, 0303.65.00 e 0303.9 da NCM/SH, salmonídeos, atuns, bacalhaus, hadoque e saithe classificados nas subposições 0304.4, 0304.5, 0304.7, 0304.8 e 0304.9 da NCM/SH;VEDADO;;2026-01-01;;https://dfe-portal.svrs.rs.gov.br/DFE/TabelaClassificacaoTributaria
200003;I;Peixes e carnes de peixes (exceto salmonídeos, atuns, bacalhaus, hadoque, saithe e ovas e outros subprodutos) dos seguintes códigos, subposições e posições da NCM/SH: a) 03.02, exceto os produtos das subposições e dos códigos 0302.1, 0302.3, 0302.51.00, 0302.52.00, 0302.53.00 e 0302.9 da NCM/SH, b) 03.03, exceto os produtos das subposições e dos códigos 0303.1, 0303.4, 0303.63.00, 0303.64.00, 0303.65.00 e 0303.9 da NCM/SH, c) 03.04, exceto os salmonídeos, atuns, bacalhaus, hadoque e saithe classificados nas subposições 0304.4, 0304.5, 0304.7, 0304.8 e 0304.9 da NCM/SH;NCM;03048400;;Produtos das subposições e dos códigos 0302.1, 0302.3, 0302.51.00, 0302.52.00, 0302.53.00 e 0302.9 da NCM/SH, produtos das subposições e dos códigos 0303.1, 0303.4, 0303.63.00, 0303.64.00, 0303.65.00 e 0303.9 da NCM/SH, salmonídeos, atuns, bacalhaus, hadoque e saithe classificados nas subposições 0304.4, 0304.5, 0304.7, 0304.8 e 0304.9 da NCM/SH;VEDADO;;2026-01-01;;https://dfe-portal.svrs.rs.gov.br/DFE/TabelaClassificacaoTributaria
200003;I;Peixes e carnes de peixes (exceto salmonídeos, atuns, bacalhaus, hadoque, saithe e ovas e outros subprodutos) dos seguintes códigos, subposições e posições da NCM/SH: a) 03.02, exceto os produtos das subposições e dos códigos 0302.1, 0302.3, 0302.51.00, 0302.52.00, 0302.53.00 e 0302.9 da NCM/SH, b) 03.03, exceto os produtos das subposições e dos códigos 0303.1, 0303.4, 0303.63.00, 0303.64.00, 0303.65.00 e 0303.9 da NCM/SH, c) 03.04, exceto os salmonídeos, atuns, bacalhaus, hadoque e saithe classificados nas subposições 0304.4, 0304.5, 0304.7, 0304.8 e 0304.9 da NCM/SH;NCM;03024210;DESTINADOS À ALIMENTAÇÃO HUMANA;Produtos das subposições e dos códigos 0302.1, 0302.3, 0302.51.00, 0302.52.00, 0302.53.00 e 0302.9 da NCM/SH, produtos das subposições e dos códigos 0303.1, 0303.4, 0303.63.00, 0303.64.00, 0303.65.00 e 0303.9 da NCM/SH, salmonídeos, atuns, bacalhaus, hadoque e saithe classificados nas subposições 0304.4, 0304.5, 0304.7, 0304.8 e 0304.9 da NCM/SH;PERMITIDO;;2026-01-01;;https://dfe-portal.svrs.rs.gov.br/DFE/TabelaClassificacaoTributaria
200003;I;Peixes e carnes de peixes (exceto salmonídeos, atuns, bacalhaus, hadoque, saithe e ovas e outros subprodutos) dos seguintes códigos, subposições e posições da NCM/SH: a) 03.02, exceto os produtos das subposições e dos códigos 0302.1, 0302.3, 0302.51.00, 0302.52.00, 0302.53.00 e 0302.9 da NCM/SH, b) 03.03, exceto os produtos das subposições e dos códigos 0303.1, 0303.4, 0303.63.00, 0303.64.00, 0303.65.00 e 0303.9 da NCM/SH, c) 03.04, exceto os salmonídeos, atuns, bacalhaus, hadoque e saithe classificados nas subposições 0304.4, 0304.5, 0304.7, 0304.8 e 0304.9 da NCM/SH;NCM;03024290;DESTINADOS À ALIMENTAÇÃO HUMANA;Produtos das subposições e dos códigos 0302.1, 0302.3, 0302.51.00, 0302.52.00, 0302.53.00 e 0302.9 da NCM/SH, produtos das subposições e dos códigos 0303.1, 0303.4, 0303.63.00, 0303.64.00, 0303.65.00 e 0303.9 da NCM/SH, salmonídeos, atuns, bacalhaus, hadoque e saithe classificados nas subposições 0304.4, 0304.5, 0304.7, 0304.8 e 0304.9 da NCM/SH;PERMITIDO;;2026-01-01;;https://dfe-portal.svrs.rs.gov.br/DFE/TabelaClassificacaoTributaria
200003;I;Peixes e carnes de peixes (exceto salmonídeos, atuns, bacalhaus, hadoque, saithe e ovas e outros subprodutos) dos seguintes códigos, subposições e posições da NCM/SH: a) 03.02, exceto os produtos das subposições e dos códigos 0302.1, 0302.3, 0302.51.00, 0302.52.00, 0302.53.00 e 0302.9 da NCM/SH, b) 03.03, exceto os produtos das subposições e dos códigos 0303.1, 0303.4, 0303.63.00, 0303.64.00, 0303.65.00 e 0303.9 da NCM/SH, c) 03.04, exceto os salmonídeos, atuns, bacalhaus, hadoque e saithe classificados nas subposições 0304.4, 0304.5, 0304.7, 0304.8 e 0304.9 da NCM/SH;NCM;03048600;;Produtos das subposições e dos códigos 0302.1, 0302.3, 0302.51.00, 0302.52.00, 0302.53.00 e 0302.9 da NCM/SH, produtos das subposições e dos códigos 0303.1, 0303.4, 0303.63.00, 0303.64.00, 0303.65.00 e 0303.9 da NCM/SH, salmonídeos, atuns, bacalhaus, hadoque e saithe classificados nas subposições 0304.4, 0304.5, 0304.7, 0304.8 e 0304.9 da NCM/SH;VEDADO;;2026-01-01;;https://dfe-portal.svrs.rs.gov.br/DFE/TabelaClassificacaoTributaria
200003;I;Peixes e carnes de peixes (exceto salmonídeos, atuns, bacalhaus, hadoque, saithe e ovas e outros subprodutos) dos seguintes códigos, subposições e posições da NCM/SH: a) 03.02, exceto os produtos das subposições e dos códigos 0302.1, 0302.3, 0302.51.00, 0302.52.00, 0302.53.00 e 0302.9 da NCM/SH, b) 03.03, exceto os produtos das subposições e dos códigos 0303.1, 0303.4, 0303.63.00, 0303.64.00, 0303.65.00 e 0303.9 da NCM/SH, c) 03.04, exceto os salmonídeos, atuns, bacalhaus, hadoque e saithe classificados nas subposições 0304.4, 0304.5, 0304.7, 0304.8 e 0304.9 da NCM/SH;NCM;03048810;;Produtos das subposições e dos códigos 0302.1, 0302.3, 0302.51.00, 0302.52.00, 0302.53.00 e 0302.9 da NCM/SH, produtos das subposições e dos códigos 0303.1, 0303.4, 0303.63.00, 0303.64.00, 0303.65.00 e 0303.9 da NCM/SH, salmonídeos, atuns, bacalhaus, hadoque e saithe classificados nas subposições 0304.4, 0304.5, 0304.7, 0304.8 e 0304.9 da NCM/SH;VEDADO;;2026-01-01;;https://dfe-portal.svrs.rs.gov.br/DFE/TabelaClassificacaoTributaria
200003;I;Peixes e carnes de peixes (exceto salmonídeos, atuns, bacalhaus, hadoque, saithe e ovas e outros subprodutos) dos seguintes códigos, subposições e posições da NCM/SH: a) 03.02, exceto os produtos das subposições e dos códigos 0302.1, 0302.3, 0302.51.00, 0302.52.00, 0302.53.00 e 0302.9 da NCM/SH, b) 03.03, exceto os produtos das subposições e dos códigos 0303.1, 0303.4, 0303.63.00, 0303.64.00, 0303.65.00 e 0303.9 da NCM/SH, c) 03.04, exceto os salmonídeos, atuns, bacalhaus, hadoque e saithe classificados nas subposições 0304.4, 0304.5, 0304.7, 0304.8 e 0304.9 da NCM/SH;NCM;03024300;DESTINADOS À ALIMENTAÇÃO HUMANA;Produtos das subposições e dos códigos 0302.1, 0302.3, 0302.51.00, 0302.52.00, 0302.53.00 e 0302.9 da NCM/SH, produtos das subposições e dos códigos 0303.1, 0303.4, 0303.63.00, 0303.64.00, 0303.65.00 e 0303.9 da NCM/SH, salmonídeos, atuns, bacalhaus, hadoque e saithe classificados nas subposições 0304.4, 0304.5, 0304.7, 0304.8 e 0304.9 da NCM/SH;PERMITIDO;;2026-01-01;;https://dfe-portal.svrs.rs.gov.br/DFE/TabelaClassificacaoTributaria
200003;I;Peixes e carnes de peixes (exceto salmonídeos, atuns, bacalhaus, hadoque, saithe e ovas e outros subprodutos) dos seguintes códigos, subposições e posições da NCM/SH: a) 03.02, exceto os produtos das subposições e dos códigos 0302.1, 0302.3, 0302.51.00, 0302.52.00, 0302.53.00 e 0302.9 da NCM/SH, b) 03.03, exceto os produtos das subposições e dos códigos 0303.1, 0303.4, 0303.63.00, 0303.64.00, 0303.65.00 e 0303.9 da NCM/SH, c) 03.04, exceto os salmonídeos, atuns, bacalhaus, hadoque e saithe classificados nas subposições 0304.4, 0304.5, 0304.7, 0304.8 e 0304.9 da NCM/SH;NCM;03024400;DESTINADOS À ALIMENTAÇÃO HUMANA;Produtos das subposições e dos códigos 0302.1, 0302.3, 0302.51.00, 0302.52.00, 0302.53.00 e 0302.9 da NCM/SH, produtos das subposições e dos códigos 0303.1, 0303.4, 0303.63.00, 0303.64.00, 0303.65.00 e 0303.9 da NCM/SH, salmonídeos, atuns, bacalhaus, hadoque e saithe classificados nas subposições 0304.4, 0304.5, 0304.7, 0304.8 e 0304.9 da NCM/SH;PERMITIDO;;2026-01-01;;https://dfe-portal.svrs.rs.gov.br/DFE/TabelaClassificacaoTributaria
200003;I;Peixes e carnes de peixes (exceto salmonídeos, atuns, bacalhaus, hadoque, saithe e ovas e outros subprodutos) dos seguintes códigos, subposições e posições da NCM/SH: a) 03.02, exceto os produtos das subposições e dos códigos 0302.1, 0302.3, 0302.51.00, 0302.52.00, 0302.53.00 e 0302.9 da NCM/SH, b) 03.03, exceto os produtos das subposições e dos códigos 0303.1, 0303.4, 0303.63.00, 0303.64.00, 0303.65.00 e 0303.9 da NCM/SH, c) 03.04, exceto os salmonídeos, atuns, bacalhaus, hadoque e saithe classificados nas subposições 0304.4, 0304.5, 0304.7, 0304.8 e 0304.9 da NCM/SH;NCM;03048910;;Produtos das subposições e dos códigos 0302.1, 0302.3, 0302.51.00, 0302.52.00, 0302.53.00 e 0302.9 da NCM/SH, produtos das subposições e dos códigos 0303.1, 0303.4, 0303.63.00, 0303.64.00, 0303.65.00 e 0303.9 da NCM/SH, salmonídeos, atuns, bacalhaus, hadoque e saithe classificados nas subposições 0304.4, 0304.5, 0304.7, 0304.8 e 0304.9 da NCM/SH;VEDADO;;2026-01-01;;https://dfe-portal.svrs.rs.gov.br/DFE/TabelaClassificacaoTributaria
200003;I;Peixes e carnes de peixes (exceto salmonídeos, atuns, bacalhaus, hadoque, saithe e ovas e outros subprodutos) dos seguintes códigos, subposições e posições da NCM/SH: a) 03.02, exceto os produtos das subposições e dos códigos 0302.1, 0302.3, 0302.51.00, 0302.52.00, 0302.53.00 e 0302.9 da NCM/SH, b) 03.03, exceto os produtos das subposições e dos códigos 0303.1, 0303.4, 0303.63.00, 0303.64.00, 0303.65.00 e 0303.9 da NCM/SH, c) 03.04, exceto os salmonídeos, atuns, bacalhaus, hadoque e saithe classificados nas subposições 0304.4, 0304.5, 0304.7, 0304.8 e 0304.9 da NCM/SH;NCM;03024500;DESTINADOS À ALIMENTAÇÃO HUMANA;Produtos das subposições e dos códigos 0302.1, 0302.3, 0302.51.00, 0302.52.00, 0302.53.00 e 0302.9 da NCM/SH, produtos das subposições e dos códigos 0303.1, 0303.4, 0303.63.00, 0303.64.00, 0303.65.00 e 0303.9 da NCM/SH, salmonídeos, atuns, bacalhaus, hadoque e saithe classificados nas subposições 0304.4, 0304.5, 0304.7, 0304.8 e 0304.9 da NCM/SH;PERMITIDO;;2026-01-01;;https://dfe-portal.svrs.rs.gov.br/DFE/TabelaClassificacaoTributaria
200003;I;Peixes e carnes de peixes (exceto salmonídeos, atuns, bacalhaus, hadoque, saithe e ovas e outros subprodutos) dos seguintes códigos, subposições e posições da NCM/SH: a) 03.02, exceto os produtos das subposições e dos códigos 0302.1, 0302.3, 0302.51.00, 0302.52.00, 0302.53.00 e 0302.9 da NCM/SH, b) 03.03, exceto os produtos das subposições e dos códigos 0303.1, 0303.4, 0303.63.00, 0303.64.00, 0303.65.00 e 0303.9 da NCM/SH, c) 03.04, exceto os salmonídeos, atuns, bacalhaus, hadoque e saithe classificados nas subposições 0304.4, 0304.5, 0304.7, 0304.8 e 0304.9 da NCM/SH;NCM;03024600;DESTINADOS À ALIMENTAÇÃO HUMANA;Produtos das subposições e dos códigos 0302.1, 0302.3, 0302.51.00, 0302.52.00, 0302.53.00 e 0302.9 da NCM/SH, produtos das subposições e dos códigos 0303.1, 0303.4, 0303.63.00, 0303.64.00, 0303.65.00 e 0303.9 da NCM/SH, salmonídeos, atuns, bacalhaus, hadoque e saithe classificados nas subposições 0304.4, 0304.5, 0304.7, 0304.8 e 0304.9 da NCM/SH;PERMITIDO;;2026-01-01;;https://dfe-portal.svrs.rs.gov.br/DFE/TabelaClassificacaoTributaria
200003;I;Peixes e carnes de peixes (exceto salmonídeos, atuns, bacalhaus, hadoque, saithe e ovas e outros subprodutos) dos seguintes códigos, subposições e posições da NCM/SH: a) 03.02, exceto os produtos das subposições e dos códigos 0302.1, 0302.3, 0302.51.00, 0302.52.00, 0302.53.00 e 0302.9 da NCM/SH, b) 03.03, exceto os produtos das subposições e dos códigos 0303.1, 0303.4, 0303.63.00, 0303.64.00, 0303.65.00 e 0303.9 da NCM/SH, c) 03.04, exceto os salmonídeos, atuns, bacalhaus, hadoque e saithe classificados nas subposições 0304.4, 0304.5, 0304.7, 0304.8 e 0304.9 da NCM/SH;NCM;03048930;;Produtos das subposições e dos códigos 0302.1, 0302.3, 0302.51.00, 0302.52.00, 0302.53.00 e 0302.9 da NCM/SH, produtos das subposições e dos códigos 0303.1, 0303.4, 0303.63.00, 0303.64.00, 0303.65.00 e 0303.9 da NCM/SH, salmonídeos, atuns, bacalhaus, hadoque e saithe classificados nas subposições 0304.4, 0304.5, 0304.7, 0304.8 e 0304.9 da NCM/SH;VEDADO;;2026-01-01;;https://dfe-portal.svrs.rs.gov.br/DFE/TabelaClassificacaoTributaria
200003;I;Peixes e carnes de peixes (exceto salmonídeos, atuns, bacalhaus, hadoque, saithe e ovas e outros subprodutos) dos seguintes códigos, subposições e posições da NCM/SH: a) 03.02, exceto os produtos das subposições e dos códigos 0302.1, 0302.3, 0302.51.00, 0302.52.00, 0302.53.00 e 0302.9 da NCM/SH, b) 03.03, exceto os produtos das subposições e dos códigos 0303.1, 0303.4, 0303.63.00, 0303.64.00, 0303.65.00 e 0303.9 da NCM/SH, c) 03.04, exceto os salmonídeos, atuns, bacalhaus, hadoque e saithe classificados nas subposições 0304.4, 0304.5, 0304.7, 0304.8 e 0304.9 da NCM/SH;NCM;03049100;;Produtos das subposições e dos códigos 0302.1, 0302.3, 0302.51.00, 0302.52.00, 0302.53.00 e 0302.9 da NCM/SH, produtos das subposições e dos códigos 0303.1, 0303.4, 0303.63.00, 0303.64.00, 0303.65.00 e 0303.9 da NCM/SH, salmonídeos, atuns, bacalhaus, hadoque e saithe classificados nas subposições 0304.4, 0304.5, 0304.7, 0304.8 e 0304.9 da NCM/SH;VEDADO;;2026-01-01;;https://dfe-portal.svrs.rs.gov.br/DFE/TabelaClassificacaoTributaria
200003;I;Peixes e carnes de peixes (exceto salmonídeos, atuns, bacalhaus, hadoque, saithe e ovas e outros subprodutos) dos seguintes códigos, subposições e posições da NCM/SH: a) 03.02, exceto os produtos das subposições e dos códigos 0302.1, 0302.3, 0302.51.00, 0302.52.00, 0302.53.00 e 0302.9 da NCM/SH, b) 03.03, exceto os produtos das subposições e dos códigos 0303.1, 0303.4, 0303.63.00, 0303.64.00, 0303.65.00 e 0303.9 da NCM/SH, c) 03.04, exceto os salmonídeos, atuns, bacalhaus, hadoque e saithe classificados nas subposições 0304.4, 0304.5, 0304.7, 0304.8 e 0304.9 da NCM/SH;NCM;03028320;DESTINADOS À ALIMENTAÇÃO HUMANA;Produtos das subposições e dos códigos 0302.1, 0302.3, 0302.51.00, 0302.52.00, 0302.53.00 e 0302.9 da NCM/SH, produtos das subposições e dos códigos 0303.1, 0303.4, 0303.63.00, 0303.64.00, 0303.65.00 e 0303.9 da NCM/SH, salmonídeos, atuns, bacalhaus, hadoque e saithe classificados nas subposições 0304.4, 0304.5, 0304.7, 0304.8 e 0304.9 da NCM/SH;PERMITIDO;;2026-01-01;;https://dfe-portal.svrs.rs.gov.br/DFE/TabelaClassificacaoTributaria
200003;I;Peixes e carnes de peixes (exceto salmonídeos, atuns, bacalhaus, hadoque, saithe e ovas e outros subprodutos) dos seguintes códigos, subposições e posições da NCM/SH: a) 03.02, exceto os produtos das subposições e dos códigos 0302.1, 0302.3, 0302.51.00, 0302.52.00, 0302.53.00 e 0302.9 da NCM/SH, b) 03.03, exceto os produtos das subposições e dos códigos 0303.1, 0303.4, 0303.63.00, 0303.64.00, 0303.65.00 e 0303.9 da NCM/SH, c) 03.04, exceto os salmonídeos, atuns, bacalhaus, hadoque e saithe classificados nas subposições 0304.4, 0304.5, 0304.7, 0304.8 e 0304.9 da NCM/SH;NCM;03028400;DESTINADOS À ALIMENTAÇÃO HUMANA;Produtos das subposições e dos códigos 0302.1, 0302.3, 0302.51.00, 0302.52.00, 0302.53.00 e 0302.9 da NCM/SH, produtos das subposições e dos códigos 0303.1, 0303.4, 0303.63.00, 0303.64.00, 0303.65.00 e 0303.9 da NCM/SH, salmonídeos, atuns, bacalhaus, hadoque e saithe classificados nas subposições 0304.4, 0304.5, 0304.7, 0304.8 e 0304.9 da NCM/SH;PERMITIDO;;2026-01-01;;https://dfe-portal.svrs.rs.gov.br/DFE/TabelaClassificacaoTributaria
200003;I;Peixes e carnes de peixes (exceto salmonídeos, atuns, bacalhaus, hadoque, saithe e ovas e outros subprodutos) dos seguintes códigos, subposições e posições da NCM/SH: a) 03.02, exceto os produtos das subposições e dos códigos 0302.1, 0302.3, 0302.51.00, 0302.52.00, 0302.53.00 e 0302.9 da NCM/SH, b) 03.03, exceto os produtos das subposições e dos códigos 0303.1, 0303.4, 0303.63.00, 0303.64.00, 0303.65.00 e 0303.9 da NCM/SH, c) 03.04, exceto os salmonídeos, atuns, bacalhaus, hadoque e saithe classificados nas subposições 0304.4, 0304.5, 0304.7, 0304.8 e 0304.9 da NCM/SH;NCM;03028500;DESTINADOS À ALIMENTAÇÃO HUMANA;Produtos das subposições e dos códigos 0302.1, 0302.3, 0302.51.00, 0302.52.00, 0302.53.00 e 0302.9 da NCM/SH, produtos das subposições e dos códigos 0303.1, 0303.4, 0303.63.00, 0303.64.00, 0303.65.00 e 0303.9 da NCM/SH, salmonídeos, atuns, bacalhaus, hadoque e saithe classificados nas subposições 0304.4, 0304.5, 0304.7, 0304.8 e 0304.9 da NCM/SH;PERMITIDO;;2026-01-01;;https://dfe-portal.svrs.rs.gov.br/DFE/TabelaClassificacaoTributaria
200003;I;Peixes e carnes de peixes (exceto salmonídeos, atuns, bacalhaus, hadoque, saithe e ovas e outros subprodutos) dos seguintes códigos, subposições e posições da NCM/SH: a) 03.02, exceto os produtos das subposições e dos códigos 0302.1, 0302.3, 0302.51.00, 0302.52.00, 0302.53.00 e 0302.9 da NCM/SH, b) 03.03, exceto os produtos das subposições e dos códigos 0303.1, 0303.4, 0303.63.00, 0303.64.00, 0303.65.00 e 0303.9 da NCM/SH, c) 03.04, exceto os salmonídeos, atuns, bacalhaus, hadoque e saithe classificados nas subposições 0304.4, 0304.5, 0304.7, 0304.8 e 0304.9 da NCM/SH;NCM;03021400;;Produtos das subposições e dos códigos 0302.1, 0302.3, 0302.51.00, 0302.52.00, 0302.53.00 e 0302.9 da NCM/SH, produtos das subposições e dos códigos 0303.1, 0303.4, 0303.63.00, 0303.64.00, 0303.65.00 e 0303.9 da NCM/SH, salmonídeos, atuns, bacalhaus, hadoque e saithe classificados nas subposições 0304.4, 0304.5, 0304.7, 0304.8 e 0304.9 da NCM/SH;VEDADO;;2026-01-01;;https://dfe-portal.svrs.rs.gov.br/DFE/TabelaClassificacaoTributaria
200003;I;Peixes e carnes de peixes (exceto salmonídeos, atuns, bacalhaus, hadoque, saithe e ovas e outros subprodutos) dos seguintes códigos, subposições e posições da NCM/SH: a) 03.02, exceto os produtos das subposições e dos códigos 0302.1, 0302.3, 0302.51.00, 0302.52.00, 0302.53.00 e 0302.9 da NCM/SH, b) 03.03, exceto os produtos das subposições e dos códigos 0303.1, 0303.4, 0303.63.00, 0303.64.00, 0303.65.00 e 0303.9 da NCM/SH, c) 03.04, exceto os salmonídeos, atuns, bacalhaus, hadoque e saithe classificados nas subposições 0304.4, 0304.5, 0304.7, 0304.8 e 0304.9 da NCM/SH;NCM;03028910;DESTINADOS À ALIMENTAÇÃO HUMANA;Produtos das subposições e dos códigos 0302.1, 0302.3, 0302.51.00, 0302.52.00, 0302.53.00 e 0302.9 da NCM/SH, produtos das subposições e dos códigos 0303.1, 0303.4, 0303.63.00, 0303.64.00, 0303.65.00 e 0303.9 da NCM/SH, salmonídeos, atuns, bacalhaus, hadoque e saithe classificados nas subposições 0304.4, 0304.5, 0304.7, 0304.8 e 0304.9 da NCM/SH;PERMITIDO;;2026-01-01;;https://dfe-portal.svrs.rs.gov.br/DFE/TabelaClassificacaoTributaria
200003;I;Peixes e carnes de peixes (exceto salmonídeos, atuns, bacalhaus, hadoque, saithe e ovas e outros subprodutos) dos seguintes códigos, subposições e posições da NCM/SH: a) 03.02, exceto os produtos das subposições e dos códigos 0302.1, 0302.3, 0302.51.00, 0302.52.00, 0302.53.00 e 0302.9 da NCM/SH, b) 03.03, exceto os produtos das subposições e dos códigos 0303.1, 0303.4, 0303.63.00, 0303.64.00, 0303.65.00 e 0303.9 da NCM/SH, c) 03.04, exceto os salmonídeos, atuns, bacalhaus, hadoque e saithe classificados nas subposições 0304.4, 0304.5, 0304.7, 0304.8 e 0304.9 da NCM/SH;NCM;03028921;DESTINADOS À ALIMENTAÇÃO HUMANA;Produtos das subposições e dos códigos 0302.1, 0302.3, 0302.51.00, 0302.52.00, 0302.53.00 e 0302.9 da NCM/SH, produtos das subposições e dos códigos 0303.1, 0303.4, 0303.63.00, 0303.64.00, 0303.65.00 e 0303.9 da NCM/SH, salmonídeos, atuns, bacalhaus, hadoque e saithe classificados nas subposições 0304.4, 0304.5, 0304.7, 0304.8 e 0304.9 da NCM/SH;PERMITIDO;;2026-01-01;;https://dfe-portal.svrs.rs.gov.br/DFE/TabelaClassificacaoTributaria
200003;I;Peixes e carnes de peixes (exceto salmonídeos, atuns, bacalhaus, hadoque, saithe e ovas e outros subprodutos) dos seguintes códigos, subposições e posições da NCM/SH: a) 03.02, exceto os produtos das subposições e dos códigos 0302.1, 0302.3, 0302.51.00, 0302.52.00, 0302.53.00 e 0302.9 da NCM/SH, b) 03.03, exceto os produtos das subposições e dos códigos 0303.1, 0303.4, 0303.63.00, 0303.64.00, 0303.65.00 e 0303.9 da NCM/SH, c) 03.04, exceto os salmonídeos, atuns, bacalhaus, hadoque e saithe classificados nas subposições 0304.4, 0304.5, 0304.7, 0304.8 e 0304.9 da NCM/SH;NCM;03028922;DESTINADOS À ALIMENTAÇÃO HUMANA;Produtos das subposições e dos códigos 0302.1, 0302.3, 0302.51.00, 0302.52.00, 0302.53.00 e 0302.9 da NCM/SH, produtos das subposições e dos códigos 0303.1, 0303.4, 0303.63.00, 0303.64.00, 0303.65.00 e 0303.9 da NCM/SH, salmonídeos, atuns, bacalhaus, hadoque e saithe classificados nas subposições 0304.4, 0304.5, 0304.7, 0304.8 e 0304.9 da NCM/SH;PERMITIDO;;2026-01-01;;https://dfe-portal.svrs.rs.gov.br/DFE/TabelaClassificacaoTributaria
200003;I;Peixes e carnes de peixes (exceto salmonídeos, atuns, bacalhaus, hadoque, saithe e ovas e outros subprodutos) dos seguintes códigos, subposições e posições da NCM/SH: a) 03.02, exceto os produtos das subposições e dos códigos 0302.1, 0302.3, 0302.51.00, 0302.52.00, 0302.53.00 e 0302.9 da NCM/SH, b) 03.03, exceto os produtos das subposições e dos códigos 0303.1, 0303.4, 0303.63.00, 0303.64.00, 0303.65.00 e 0303.9 da NCM/SH, c) 03.04, exceto os salmonídeos, atuns, bacalhaus, hadoque e saithe classificados nas subposições 0304.4, 0304.5, 0304.7, 0304.8 e 0304.9 da NCM/SH;NCM;03029900;;Produtos das subposições e dos códigos 0302.1, 0302.3, 0302.51.00, 0302.52.00, 0302.53.00 e 0302.9 da NCM/SH, produtos das subposições e dos códigos 0303.1, 0303.4, 0303.63.00, 0303.64.00, 0303.65.00 e 0303.9 da NCM/SH, salmonídeos, atuns, bacalhaus, hadoque e saithe classificados nas subposições 0304.4, 0304.5, 0304.7, 0304.8 e 0304.9 da NCM/SH;VEDADO;;2026-01-01;;https://dfe-portal.svrs.rs.gov.br/DFE/TabelaClassificacaoTributaria
200003;I;Peixes e carnes de peixes (exceto salmonídeos, atuns, bacalhaus, hadoque, saithe e ovas e outros subprodutos) dos seguintes códigos, subposições e posições da NCM/SH: a) 03.02, exceto os produtos das subposições e dos códigos 0302.1, 0302.3, 0302.51.00, 0302.52.00, 0302.53.00 e 0302.9 da NCM/SH, b) 03.03, exceto os produtos das subposições e dos códigos 0303.1, 0303.4, 0303.63.00, 0303.64.00, 0303.65.00 e 0303.9 da NCM/SH, c) 03.04, exceto os salmonídeos, atuns, bacalhaus, hadoque e saithe classificados nas subposições 0304.4, 0304.5, 0304.7, 0304.8 e 0304.9 da NCM/SH;NCM;03028923;DESTINADOS À ALIMENTAÇÃO HUMANA;Produtos das subposições e dos códigos 0302.1, 0302.3, 0302.51.00, 0302.52.00, 0302.53.00 e 0302.9 da NCM/SH, produtos das subposições e dos códigos 0303.1, 0303.4, 0303.63.00, 0303.64.00, 0303.65.00 e 0303.9 da NCM/SH, salmonídeos, atuns, bacalhaus, hadoque e saithe classificados nas subposições 0304.4, 0304.5, 0304.7, 0304.8 e 0304.9 da NCM/SH;PERMITIDO;;2026-01-01;;https://dfe-portal.svrs.rs.gov.br/DFE/TabelaClassificacaoTributaria
200003;I;Peixes e carnes de peixes (exceto salmonídeos, atuns, bacalhaus, hadoque, saithe e ovas e outros subprodutos) dos seguintes códigos, subposições e posições da NCM/SH: a) 03.02, exceto os produtos das subposições e dos códigos 0302.1, 0302.3, 0302.51.00, 0302.52.00, 0302.53.00 e 0302.9 da NCM/SH, b) 03.03, exceto os produtos das subposições e dos códigos 0303.1, 0303.4, 0303.63.00, 0303.64.00, 0303.65.00 e 0303.9 da NCM/SH, c) 03.04, exceto os salmonídeos, atuns, bacalhaus, hadoque e saithe classificados nas subposições 0304.4, 0304.5, 0304.7, 0304.8 e 0304.9 da NCM/SH;NCM;03028924;DESTINADOS À ALIMENTAÇÃO HUMANA;Produtos das subposições e dos códigos 0302.1, 0302.3, 0302.51.00, 0302.52.00, 0302.53.00 e 0302.9 da NCM/SH, produtos das subposições e dos códigos 0303.1, 0303.4, 0303.63.00, 0303.64.00, 0303.65.00 e 0303.9 da NCM/SH, salmonídeos, atuns, bacalhaus, hadoque e saithe classificados nas subposições 0304.4, 0304.5, 0304.7, 0304.8 e 0304.9 da NCM/SH;PERMITIDO;;2026-01-01;;https://dfe-portal.svrs.rs.gov.br/DFE/TabelaClassificacaoTributaria
200003;I;Peixes e carnes de peixes (exceto salmonídeos, atuns, bacalhaus, hadoque, saithe e ovas e outros subprodutos) dos seguintes códigos, subposições e posições da NCM/SH: a) 03.02, exceto os produtos das subposições e dos códigos 0302.1, 0302.3, 0302.51.00, 0302.52.00, 0302.53.00 e 0302.9 da NCM/SH, b) 03.03, exceto os produtos das subposições e dos códigos 0303.1, 0303.4, 0303.63.00, 0303.64.00, 0303.65.00 e 0303.9 da NCM/SH, c) 03.04, exceto os salmonídeos, atuns, bacalhaus, hadoque e saithe classificados nas subposições 0304.4, 0304.5, 0304.7, 0304.8 e 0304.9 da NCM/SH;NCM;03028931;DESTINADOS À ALIMENTAÇÃO HUMANA;Produtos das subposições e dos códigos 0302.1, 0302.3, 0302.51.00, 0302.52.00, 0302.53.00 e 0302.9 da NCM/SH, produtos das subposições e dos códigos 0303.1, 0303.4, 0303.63.00, 0303.64.00, 0303.65.00 e 0303.9 da NCM/SH, salmonídeos, atuns, bacalhaus, hadoque e saithe classificados nas subposições 0304.4, 0304.5, 0304.7, 0304.8 e 0304.9 da NCM/SH;PERMITIDO;;2026-01-01;;https://dfe-portal.svrs.rs.gov.br/DFE/TabelaClassificacaoTributaria
200003;I;Peixes e carnes de peixes (exceto salmonídeos, atuns, bacalhaus, hadoque, saithe e ovas e outros subprodutos) dos seguintes códigos, subposições e posições da NCM/SH: a) 03.02, exceto os produtos das subposições e dos códigos 0302.1, 0302.3, 0302.51.00, 0302.52.00, 0302.53.00 e 0302.9 da NCM/SH, b) 03.03, exceto os produtos das subposições e dos códigos 0303.1, 0303.4, 0303.63.00, 0303.64.00, 0303.65.00 e 0303.9 da NCM/SH, c) 03.04, exceto os salmonídeos, atuns, bacalhaus, hadoque e saithe classificados nas subposições 0304.4, 0304.5, 0304.7, 0304.8 e 0304.9 da NCM/SH;NCM;03049219;;Produtos das subposições e dos códigos 0302.1, 0302.3, 0302.51.00, 0302.52.00, 0302.53.00 e 0302.9 da NCM/SH, produtos das subposições e dos códigos 0303.1, 0303.4, 0303.63.00, 0303.64.00, 0303.65.00 e 0303.9 da NCM/SH, salmonídeos, atuns, bacalhaus, hadoque e saithe classificados nas subposições 0304.4, 0304.5, 0304.7, 0304.8 e 0304.9 da NCM/SH;VEDADO;;2026-01-01;;https://dfe-portal.svrs.rs.gov.br/DFE/TabelaClassificacaoTributaria
200003;I;Peixes e carnes de peixes (exceto salmonídeos, atuns, bacalhaus, hadoque, saithe e ovas e outros subprodutos) dos seguintes códigos, subposições e posições da NCM/SH: a) 03.02, exceto os produtos das subposições e dos códigos 0302.1, 0302.3, 0302.51.00, 0302.52.00, 0302.53.00 e 0302.9 da NCM/SH, b) 03.03, exceto os produtos das subposições e dos códigos 0303.1, 0303.4, 0303.63.00, 0303.64.00, 0303.65.00 e 0303.9 da NCM/SH, c) 03.04, exceto os salmonídeos, atuns, bacalhaus, hadoque e saithe classificados nas subposições 0304.4, 0304.5, 0304.7, 0304.8 e 0304.9 da NCM/SH;NCM;03028932;DESTINADOS À ALIMENTAÇÃO HUMANA;Produtos das subposições e dos códigos 0302.1, 0302.3, 0302.51.00, 0302.52.00, 0302.53.00 e 0302.9 da NCM/SH, produtos das subposições e dos códigos 0303.1, 0303.4, 0303.63.00, 0303.64.00, 0303.65.00 e 0303.9 da NCM/SH, salmonídeos, atuns, bacalhaus, hadoque e saithe classificados nas subposições 0304.4, 0304.5, 0304.7, 0304.8 e 0304.9 da NCM/SH;PERMITIDO;;2026-01-01;;https://dfe-portal.svrs.rs.gov.br/DFE/TabelaClassificacaoTributaria
200003;I;Peixes e carnes de peixes (exceto salmonídeos, atuns, bacalhaus, hadoque, saithe e ovas e outros subprodutos) dos seguintes códigos, subposições e posições da NCM/SH: a) 03.02, exceto os produtos das subposições e dos códigos 0302.1, 0302.3, 0302.51.00, 0302.52.00, 0302.53.00 e 0302.9 da NCM/SH, b) 03.03, exceto os produtos das subposições e dos códigos 0303.1, 0303.4, 0303.63.00, 0303.64.00, 0303.65.00 e 0303.9 da NCM/SH, c) 03.04, exceto os salmonídeos, atuns, bacalhaus, hadoque e saithe classificados nas subposições 0304.4, 0304.5, 0304.7, 0304.8 e 0304.9 da NCM/SH;NCM;03028933;DESTINADOS À ALIMENTAÇÃO HUMANA;Produtos das subposições e dos códigos 0302.1, 0302.3, 0302.51.00, 0302.52.00, 0302.53.00 e 0302.9 da NCM/SH, produtos das subposições e dos códigos 0303.1, 0303.4, 0303.63.00, 0303.64.00, 0303.65.00 e 0303.9 da NCM/SH, salmonídeos, atuns, bacalhaus, hadoque e saithe classificados nas subposições 0304.4, 0304.5, 0304.7, 0304.8 e 0304.9 da NCM/SH;PERMITIDO;;2026-01-01;;https://dfe-portal.svrs.rs.gov.br/DFE/TabelaClassificacaoTributaria
200003;I;Peixes e carnes de peixes (exceto salmonídeos, atuns, bacalhaus, hadoque, saithe e ovas e outros subprodutos) dos seguintes códigos, subposições e posições da NCM/SH: a) 03.02, exceto os produtos das subposições e dos códigos 0302.1, 0302.3, 0302.51.00, 0302.52.00, 0302.53.00 e 0302.9 da NCM/SH, b) 03.03, exceto os produtos das subposições e dos códigos 0303.1, 0303.4, 0303.63.00, 0303.64.00, 0303.65.00 e 0303.9 da NCM/SH, c) 03.04, exceto os salmonídeos, atuns, bacalhaus, hadoque e saithe classificados nas subposições 0304.4, 0304.5, 0304.7, 0304.8 e 0304.9 da NCM/SH;NCM;03028934;DESTINADOS À ALIMENTAÇÃO HUMANA;Produtos das subposições e dos códigos 0302.1, 0302.3, 0302.51.00, 0302.52.00, 0302.53.00 e 0302.9 da NCM/SH, produtos das subposições e dos códigos 0303.1, 0303.4, 0303.63.00, 0303.64.00, 0303.65.00 e 0303.9 da NCM/SH, salmonídeos, atuns, bacalhaus, hadoque e saithe classificados nas subposições 0304.4, 0304.5, 0304.7, 0304.8 e 0304.9 da NCM/SH;PERMITIDO;;2026-01-01;;https://dfe-portal.svrs.rs.gov.br/DFE/TabelaClassificacaoTributaria
200003;I;Peixes e carnes de peixes (exceto salmonídeos, atuns, bacalhaus, hadoque, saithe e ovas e outros subprodutos) dos seguintes códigos, subposições e posições da NCM/SH: a) 03.02, exceto os produtos das subposições e dos códigos 0302.1, 0302.3, 0302.51.00, 0302.52.00, 0302.53.00 e 0302.9 da NCM/SH, b) 03.03, exceto os produtos das subposições e dos códigos 0303.1, 0303.4, 0303.63.00, 0303.64.00, 0303.65.00 e 0303.9 da NCM/SH, c) 03.04, exceto os salmonídeos, atuns, bacalhaus, hadoque e saithe classificados nas subposições 0304.4, 0304.5, 0304.7, 0304.8 e 0304.9 da NCM/SH;NCM;03049229;;Produtos das subposições e dos códigos 0302.1, 0302.3, 0302.51.00, 0302.52.00, 0302.53.00 e 0302.9 da NCM/SH, produtos das subposições e dos códigos 0303.1, 0303.4, 0303.63.00, 0303.64.00, 0303.65.00 e 0303.9 da NCM/SH, salmonídeos, atuns, bacalhaus, hadoque e saithe classificados nas subposições 0304.4, 0304.5, 0304.7, 0304.8 e 0304.9 da NCM/SH;VEDADO;;2026-01-01;;https://dfe-portal.svrs.rs.gov.br/DFE/TabelaClassificacaoTributaria
200003;I;Peixes e carnes de peixes (exceto salmonídeos, atuns, bacalhaus, hadoque, saithe e ovas e outros subprodutos) dos seguintes códigos, subposições e posições da NCM/SH: a) 03.02, exceto os produtos das subposições e dos códigos 0302.1, 0302.3, 0302.51.00, 0302.52.00, 0302.53.00 e 0302.9 da NCM/SH, b) 03.03, exceto os produtos das subposições e dos códigos 0303.1, 0303.4, 0303.63.00, 0303.64.00, 0303.65.00 e 0303.9 da NCM/SH, c) 03.04, exceto os salmonídeos, atuns, bacalhaus, hadoque e saithe classificados nas subposições 0304.4, 0304.5, 0304.7, 0304.8 e 0304.9 da NCM/SH;NCM;03028935;DESTINADOS À ALIMENTAÇÃO HUMANA;Produtos das subposições e dos códigos 0302.1, 0302.3, 0302.51.00, 0302.52.00, 0302.53.00 e 0302.9 da NCM/SH, produtos das subposições e dos códigos 0303.1, 0303.4, 0303.63.00, 0303.64.00, 0303.65.00 e 0303.9 da NCM/SH, salmonídeos, atuns, bacalhaus, hadoque e saithe classificados nas subposições 0304.4, 0304.5, 0304.7, 0304.8 e 0304.9 da NCM/SH;PERMITIDO;;2026-01-01;;https://dfe-portal.svrs.rs.gov.br/DFE/TabelaClassificacaoTributaria
200003;I;Peixes e carnes de peixes (exceto salmonídeos, atuns, bacalhaus, hadoque, saithe e ovas e outros subprodutos) dos seguintes códigos, subposições e posições da NCM/SH: a) 03.02, exceto os produtos das subposições e dos códigos 0302.1, 0302.3, 0302.51.00, 0302.52.00, 0302.53.00 e 0302.9 da NCM/SH, b) 03.03, exceto os produtos das subposições e dos códigos 0303.1, 0303.4, 0303.63.00, 0303.64.00, 0303.65.00 e 0303.9 da NCM/SH, c) 03.04, exceto os salmonídeos, atuns, bacalhaus, hadoque e saithe classificados nas subposições 0304.4, 0304.5, 0304.7, 0304.8 e 0304.9 da NCM/SH;NCM;03028936;DESTINADOS À ALIMENTAÇÃO HUMANA;Produtos das subposições e dos códigos 0302.1, 0302.3, 0302.51.00, 0302.52.00, 0302.53.00 e 0302.9 da NCM/SH, produtos das subposições e dos códigos 0303.1, 0303.4, 0303.63.00, 0303.64.00, 0303.65.00 e 0303.9 da NCM/SH, salmonídeos, atuns, bacalhaus, hadoque e saithe classificados nas subposições 0304.4, 0304.5, 0304.7, 0304.8 e 0304.9 da NCM/SH;PERMITIDO;;2026-01-01;;https://dfe-portal.svrs.rs.gov.br/DFE/TabelaClassificacaoTributaria
200003;I;Peixes e carnes de peixes (exceto salmonídeos, atuns, bacalhaus, hadoque, saithe e ovas e outros subprodutos) dos seguintes códigos, subposições e posições da NCM/SH: a) 03.02, exceto os produtos das subposições e dos códigos 0302.1, 0302.3, 0302.51.00, 0302.52.00, 0302.53.00 e 0302.9 da NCM/SH, b) 03.03, exceto os produtos das subposições e dos códigos 0303.1, 0303.4, 0303.63.00, 0303.64.00, 0303.65.00 e 0303.9 da NCM/SH, c) 03.04, exceto os salmonídeos, atuns, bacalhaus, hadoque e saithe classificados nas subposições 0304.4, 0304.5, 0304.7, 0304.8 e 0304.9 da NCM/SH;NCM;03028937;DESTINADOS À ALIMENTAÇÃO HUMANA;Produtos das subposições e dos códigos 0302.1, 0302.3, 0302.51.00, 0302.52.00, 0302.53.00 e 0302.9 da NCM/SH, produtos das subposições e dos códigos 0303.1, 0303.4, 0303.63.00, 0303.64.00, 0303.65.00 e 0303.9 da NCM/SH, salmonídeos, atuns, bacalhaus, hadoque e saithe classificados nas subposições 0304.4, 0304.5, 0304.7, 0304.8 e 0304.9 da NCM/SH;PERMITIDO;;2026-01-01;;https://dfe-portal.svrs.rs.gov.br/DFE/TabelaClassificacaoTributaria
200003;I;Queijos tipo mozarela, minas, prato, queijo de coalho, ricota, requeijão, queijo provolone, queijo parmesão, queijo fresco não maturado e queijo do reino classificados nos códigos 0406.10.10, 0406.10.90, 0406.20.00, 0406.90.10, 0406.90.20 e 0406.90.30 da NCM/SH;NCM;04061090;DESTINADOS À ALIMENTAÇÃO HUMANA;;PERMITIDO;;2026-01-01;;https://dfe-portal.svrs.rs.gov.br/DFE/TabelaClassificacaoTributaria
200003;I;Peixes e carnes de peixes (exceto salmonídeos, atuns, bacalhaus, hadoque, saithe e ovas e outros subprodutos) dos seguintes códigos, subposições e posições da NCM/SH: a) 03.02, exceto os produtos das subposições e dos códigos 0302.1, 0302.3, 0302.51.00, 0302.52.00, 0302.53.00 e 0302.9 da NCM/SH, b) 03.03, exceto os produtos das subposições e dos códigos 0303.1, 0303.4, 0303.63.00, 0303.64.00, 0303.65.00 e 0303.9 da NCM/SH, c) 03.04, exceto os salmonídeos, atuns, bacalhaus, hadoque e saithe classificados nas subposições 0304.4, 0304.5, 0304.7, 0304.8 e 0304.9 da NCM/SH;NCM;03028938;DESTINADOS À ALIMENTAÇÃO HUMANA;Produtos das subposições e dos códigos 0302.1, 0302.3, 0302.51.00, 0302.52.00, 0302.53.00 e 0302.9 da NCM/SH, produtos das subposições e dos códigos 0303.1, 0303.4, 0303.63.00, 0303.64.00, 0303.65.00 e 0303.9 da NCM/SH, salmonídeos, atuns, bacalhaus, hadoque e saithe classificados nas subposições 0304.4, 0304.5, 0304.7, 0304.8 e 0304.9 da NCM/SH;PERMITIDO;;2026-01-01;;https://dfe-portal.svrs.rs.gov.br/DFE/TabelaClassificacaoTributaria
200003;I;Peixes e carnes de peixes (exceto salmonídeos, atuns, bacalhaus, hadoque, saithe e ovas e outros subprodutos) dos seguintes códigos, subposições e posições da NCM/SH: a) 03.02, exceto os produtos das subposições e dos códigos 0302.1, 0302.3, 0302.51.00, 0302.52.00, 0302.53.00 e 0302.9 da NCM/SH, b) 03.03, exceto os produtos das subposições e dos códigos 0303.1, 0303.4, 0303.63.00, 0303.64.00, 0303.65.00 e 0303.9 da NCM/SH, c) 03.04, exceto os salmonídeos, atuns, bacalhaus, hadoque e saithe classificados nas subposições 0304.4, 0304.5, 0304.7, 0304.8 e 0304.9 da NCM/SH;NCM;03028941;DESTINADOS À ALIMENTAÇÃO HUMANA;Produtos das subposições e dos códigos 0302.1, 0302.3, 0302.51.00, 0302.52.00, 0302.53.00 e 0302.9 da NCM/SH, produtos das subposições e dos códigos 0303.1, 0303.4, 0303.63.00, 0303.64.00, 0303.65.00 e 0303.9 da NCM/SH, salmonídeos, atuns, bacalhaus, hadoque e saithe classificados nas subposições 0304.4, 0304.5, 0304.7, 0304.8 e 0304.9 da NCM/SH;PERMITIDO;;2026-01-01;;https://dfe-portal.svrs.rs.gov.br/DFE/TabelaClassificacaoTributaria
200003;I;Peixes e carnes de peixes (exceto salmonídeos, atuns, bacalhaus, hadoque, saithe e ovas e outros subprodutos) dos seguintes códigos, subposições e posições da NCM/SH: a) 03.02, exceto os produtos das subposições e dos códigos 0302.1, 0302.3, 0302.51.00, 0302.52.00, 0302.53.00 e 0302.9 da NCM/SH, b) 03.03, exceto os produtos das subposições e dos códigos 0303.1, 0303.4, 0303.63.00, 0303.64.00, 0303.65.00 e 0303.9 da NCM/SH, c) 03.04, exceto os salmonídeos, atuns, bacalhaus, hadoque e saithe classificados nas subposições 0304.4, 0304.5, 0304.7, 0304.8 e 0304.9 da NCM/SH;NCM;03028942;DESTINADOS À ALIMENTAÇÃO HUMANA;Produtos das subposições e dos códigos 0302.1, 0302.3, 0302.51.00, 0302.52.00, 0302.53.00 e 0302.9 da NCM/SH, produtos das subposições e dos códigos 0303.1, 0303.4, 0303.63.00, 0303.64.00, 0303.65.00 e 0303.9 da NCM/SH, salmonídeos, atuns, bacalhaus, hadoque e saithe classificados nas subposições 0304.4, 0304.5, 0304.7, 0304.8 e 0304.9 da NCM/SH;PERMITIDO;;2026-01-01;;https://dfe-portal.svrs.rs.gov.br/DFE/TabelaClassificacaoTributaria
200003;I;Queijos tipo mozarela, minas, prato, queijo de coalho, ricota, requeijão, queijo provolone, queijo parmesão, queijo fresco não maturado e queijo do reino classificados nos códigos 0406.10.10, 0406.10.90, 0406.20.00, 0406.90.10, 0406.90.20 e 0406.90.30 da NCM/SH;NCM;04069020;DESTINADOS À ALIMENTAÇÃO HUMANA;;PERMITIDO;;2026-01-01;;https://dfe-portal.svrs.rs.gov.br/DFE/TabelaClassificacaoTributaria
200003;I;Peixes e carnes de peixes (exceto salmonídeos, atuns, bacalhaus, hadoque, saithe e ovas e outros subprodutos) dos seguintes códigos, subposições e posições da NCM/SH: a) 03.02, exceto os produtos das subposições e dos códigos 0302.1, 0302.3, 0302.51.00, 0302.52.00, 0302.53.00 e 0302.9 da NCM/SH, b) 03.03, exceto os produtos das subposições e dos códigos 0303.1, 0303.4, 0303.63.00, 0303.64.00, 0303.65.00 e 0303.9 da NCM/SH, c) 03.04, exceto os salmonídeos, atuns, bacalhaus, hadoque e saithe classificados nas subposições 0304.4, 0304.5, 0304.7, 0304.8 e 0304.9 da NCM/SH;NCM;03028943;DESTINADOS À ALIMENTAÇÃO HUMANA;Produtos das subposições e dos códigos 0302.1, 0302.3, 0302.51.00, 0302.52.00, 0302.53.00 e 0302.9 da NCM/SH, produtos das subposições e dos códigos 0303.1, 0303.4, 0303.63.00, 0303.64.00, 0303.65.00 e 0303.9 da NCM/SH, salmonídeos, atuns, bacalhaus, hadoque e saithe classificados nas subposições 0304.4, 0304.5, 0304.7, 0304.8 e 0304.9 da NCM/SH;PERMITIDO;;2026-01-01;;https://dfe-portal.svrs.rs.gov.br/DFE/TabelaClassificacaoTributaria
200003;I;Peixes e carnes de peixes (exceto salmonídeos, atuns, bacalhaus, hadoque, saithe e ovas e outros subprodutos) dos seguintes códigos, subposições e posições da NCM/SH: a) 03.02, exceto os produtos das subposições e dos códigos 0302.1, 0302.3, 0302.51.00, 0302.52.00, 0302.53.00 e 0302.9 da NCM/SH, b) 03.03, exceto os produtos das subposições e dos códigos 0303.1, 0303.4, 0303.63.00, 0303.64.00, 0303.65.00 e 0303.9 da NCM/SH, c) 03.04, exceto os salmonídeos, atuns, bacalhaus, hadoque e saithe classificados nas subposições 0304.4, 0304.5, 0304.7, 0304.8 e 0304.9 da NCM/SH;NCM;03028944;DESTINADOS À ALIMENTAÇÃO HUMANA;Produtos das subposições e dos códigos 0302.1, 0302.3, 0302.51.00, 0302.52.00, 0302.53.00 e 0302.9 da NCM/SH, produtos das subposições e dos códigos 0303.1, 0303.4, 0303.63.00, 0303.64.00, 0303.65.00 e 0303.9 da NCM/SH, salmonídeos, atuns, bacalhaus, hadoque e saithe classificados nas subposições 0304.4, 0304.5, 0304.7, 0304.8 e 0304.9 da NCM/SH;PERMITIDO;;2026-01-01;;https://dfe-portal.svrs.rs.gov.br/DFE/TabelaClassificacaoTributaria
200003;I;Peixes e carnes de peixes (exceto salmonídeos, atuns, bacalhaus, hadoque, saithe e ovas e outros subprodutos) dos seguintes códigos, subposições e posições da NCM/SH: a) 03.02, exceto os produtos das subposições e dos códigos 0302.1, 0302.3, 0302.51.00, 0302.52.00, 0302.53.00 e 0302.9 da NCM/SH, b) 03.03, exceto os produtos das subposições e dos códigos 0303.1, 0303.4, 0303.63.00, 0303.64.00, 0303.65.00 e 0303.9 da NCM/SH, c) 03.04, exceto os salmonídeos, atuns, bacalhaus, hadoque e saithe classificados nas subposições 0304.4, 0304.5, 0304.7, 0304.8 e 0304.9 da NCM/SH;NCM;03028945;DESTINADOS À ALIMENTAÇÃO HUMANA;Produtos das subposições e dos códigos 0302.1, 0302.3, 0302.51.00, 0302.52.00, 0302.53.00 e 0302.9 da NCM/SH, produtos das subposições e dos códigos 0303.1, 0303.4, 0303.63.00, 0303.64.00, 0303.65.00 e 0303.9 da NCM/SH, salmonídeos, atuns, bacalhaus, hadoque e saithe classificados nas subposições 0304.4, 0304.5, 0304.7, 0304.8 e 0304.9 da NCM/SH;PERMITIDO;;2026-01-01;;https://dfe-portal.svrs.rs.gov.br/DFE/TabelaClassificacaoTributaria
200003;I;Sal em conformidade com os requisitos da legislação específica relativos ao teor de iodo enquadrado nos limites próprios para consumo humano classificado nos códigos 2501.00.20 e 2501.00.90 da NCM/SH;NCM;25010090;DESTINADOS À ALIMENTAÇÃO HUMANA;;PERMITIDO;;2026-01-01;;https://dfe-portal.svrs.rs.gov.br/DFE/TabelaClassificacaoTributaria
200003;I;Peixes e carnes de peixes (exceto salmonídeos, atuns, bacalhaus, hadoque, saithe e ovas e outros subprodutos) dos seguintes códigos, subposições e posições da NCM/SH: a) 03.02, exceto os produtos das subposições e dos códigos 0302.1, 0302.3, 0302.51.00, 0302.52.00, 0302.53.00 e 0302.9 da NCM/SH, b) 03.03, exceto os produtos das subposições e dos códigos 0303.1, 0303.4, 0303.63.00, 0303.64.00, 0303.65.00 e 0303.9 da NCM/SH, c) 03.04, exceto os salmonídeos, atuns, bacalhaus, hadoque e saithe classificados nas subposições 0304.4, 0304.5, 0304.7, 0304.8 e 0304.9 da NCM/SH;NCM;03028990;DESTINADOS À ALIMENTAÇÃO HUMANA;Produtos das subposições e dos códigos 0302.1, 0302.3, 0302.51.00, 0302.52.00, 0302.53.00 e 0302.9 da NCM/SH, produtos das subposições e dos códigos 0303.1, 0303.4, 0303.63.00, 0303.64.00, 0303.65.00 e 0303.9 da NCM/SH, salmonídeos, atuns, bacalhaus, hadoque e saithe classificados nas subposições 0304.4, 0304.5, 0304.7, 0304.8 e 0304.9 da NCM/SH;PERMITIDO;;2026-01-01;;https://dfe-portal.svrs.rs.gov.br/DFE/TabelaClassificacaoTributaria
200003;I;Peixes e carnes de peixes (exceto salmonídeos, atuns, bacalhaus, hadoque, saithe e ovas e outros subprodutos) dos seguintes códigos, subposições e posições da NCM/SH: a) 03.02, exceto os produtos das subposições e dos códigos 0302.1, 0302.3, 0302.51.00, 0302.52.00, 0302.53.00 e 0302.9 da NCM/SH, b) 03.03, exceto os produtos das subposições e dos códigos 0303.1, 0303.4, 0303.63.00, 0303.64.00, 0303.65.00 e 0303.9 da NCM/SH, c) 03.04, exceto os salmonídeos, atuns, bacalhaus, hadoque e saithe classificados nas subposições 0304.4, 0304.5, 0304.7, 0304.8 e 0304.9 da NCM/SH;NCM;03021100;;Produtos das subposições e dos códigos 0302.1, 0302.3, 0302.51.00, 0302.52.00, 0302.53.00 e 0302.9 da NCM/SH, produtos das subposições e dos códigos 0303.1, 0303.4, 0303.63.00, 0303.64.00, 0303.65.00 e 0303.9 da NCM/SH, salmonídeos, atuns, bacalhaus, hadoque e saithe classificados nas subposições 0304.4, 0304.5, 0304.7, 0304.8 e 0304.9 da NCM/SH;VEDADO;;2026-01-01;;https://dfe-portal.svrs.rs.gov.br/DFE/TabelaClassificacaoTributaria
200003;I;Peixes e carnes de peixes (exceto salmonídeos, atuns, bacalhaus, hadoque, saithe e ovas e outros subprodutos) dos seguintes códigos, subposições e posições da NCM/SH: a) 03.02, exceto os produtos das subposições e dos códigos 0302.1, 0302.3, 0302.51.00, 0302.52.00, 0302.53.00 e 0302.9 da NCM/SH, b) 03.03, exceto os produtos das subposições e dos códigos 0303.1, 0303.4, 0303.63.00, 0303.64.00, 0303.65.00 e 0303.9 da NCM/SH, c) 03.04, exceto os salmonídeos, atuns, bacalhaus, hadoque e saithe classificados nas subposições 0304.4, 0304.5, 0304.7, 0304.8 e 0304.9 da NCM/SH;NCM;03021300;;Produtos das subposições e dos códigos 0302.1, 0302.3, 0302.51.00, 0302.52.00, 0302.53.00 e 0302.9 da NCM/SH, produtos das subposições e dos códigos 0303.1, 0303.4, 0303.63.00, 0303.64.00, 0303.65.00 e 0303.9 da NCM/SH, salmonídeos, atuns, bacalhaus, hadoque e saithe classificados nas subposições 0304.4, 0304.5, 0304.7, 0304.8 e 0304.9 da NCM/SH;VEDADO;;2026-01-01;;https://dfe-portal.svrs.rs.gov.br/DFE/TabelaClassificacaoTributaria
200003;I;Massas com baixo teor de proteína para pessoas com aminoacidopatias, acidemias e defeitos do ciclo da uréia da NCM 1902.19.00;NCM;19021900;DESTINADOS À ALIMENTAÇÃO HUMANA;;PERMITIDO;;2026-01-01;;https://dfe-portal.svrs.rs.gov.br/DFE/TabelaClassificacaoTributaria
200003;I;Peixes e carnes de peixes (exceto salmonídeos, atuns, bacalhaus, hadoque, saithe e ovas e outros subprodutos) dos seguintes códigos, subposições e posições da NCM/SH: a) 03.02, exceto os produtos das subposições e dos códigos 0302.1, 0302.3, 0302.51.00, 0302.52.00, 0302.53.00 e 0302.9 da NCM/SH, b) 03.03, exceto os produtos das subposições e dos códigos 0303.1, 0303.4, 0303.63.00, 0303.64.00, 0303.65.00 e 0303.9 da NCM/SH, c) 03.04, exceto os salmonídeos, atuns, bacalhaus, hadoque e saithe classificados nas subposições 0304.4, 0304.5, 0304.7, 0304.8 e 0304.9 da NCM/SH;NCM;03023100;;Produtos das subposições e dos códigos 0302.1, 0302.3, 0302.51.00, 0302.52.00, 0302.53.00 e 0302.9 da NCM/SH, produtos das subposições e dos códigos 0303.1, 0303.4, 0303.63.00, 0303.64.00, 0303.65.00 e 0303.9 da NCM/SH, salmonídeos, atuns, bacalhaus, hadoque e saithe classificados nas subposições 0304.4, 0304.5, 0304.7, 0304.8 e 0304.9 da NCM/SH;VEDADO;;2026-01-01;;https://dfe-portal.svrs.rs.gov.br/DFE/TabelaClassificacaoTributaria
200003;I;Peixes e carnes de peixes (exceto salmonídeos, atuns, bacalhaus, hadoque, saithe e ovas e outros subprodutos) dos seguintes códigos, subposições e posições da NCM/SH: a) 03.02, exceto os produtos das subposições e dos códigos 0302.1, 0302.3, 0302.51.00, 0302.52.00, 0302.53.00 e 0302.9 da NCM/SH, b) 03.03, exceto os produtos das subposições e dos códigos 0303.1, 0303.4, 0303.63.00, 0303.64.00, 0303.65.00 e 0303.9 da NCM/SH, c) 03.04, exceto os salmonídeos, atuns, bacalhaus, hadoque e saithe classificados nas subposições 0304.4, 0304.5, 0304.7, 0304.8 e 0304.9 da NCM/SH;NCM;03023200;;Produtos das subposições e dos códigos 0302.1, 0302.3, 0302.51.00, 0302.52.00, 0302.53.00 e 0302.9 da NCM/SH, produtos das subposições e dos códigos 0303.1, 0303.4, 0303.63.00, 0303.64.00, 0303.65.00 e 0303.9 da NCM/SH, salmonídeos, atuns, bacalhaus, hadoque e saithe classificados nas subposições 0304.4, 0304.5, 0304.7, 0304.8 e 0304.9 da NCM/SH;VEDADO;;2026-01-01;;https://dfe-portal.svrs.rs.gov.br/DFE/TabelaClassificacaoTributaria
200003;I;Peixes e carnes de peixes (exceto salmonídeos, atuns, bacalhaus, hadoque, saithe e ovas e outros subprodutos) dos seguintes códigos, subposições e posições da NCM/SH: a) 03.02, exceto os produtos das subposições e dos códigos 0302.1, 0302.3, 0302.51.00, 0302.52.00, 0302.53.00 e 0302.9 da NCM/SH, b) 03.03, exceto os produtos das subposições e dos códigos 0303.1, 0303.4, 0303.63.00, 0303.64.00, 0303.65.00 e 0303.9 da NCM/SH, c) 03.04, exceto os salmonídeos, atuns, bacalhaus, hadoque e saithe classificados nas subposições 0304.4, 0304.5, 0304.7, 0304.8 e 0304.9 da NCM/SH;NCM;03023300;;Produtos das subposições e dos códigos 0302.1, 0302.3, 0302.51.00, 0302.52.00, 0302.53.00 e 0302.9 da NCM/SH, produtos das subposições e dos códigos 0303.1, 0303.4, 0303.63.00, 0303.64.00, 0303.65.00 e 0303.9 da NCM/SH, salmonídeos, atuns, bacalhaus, hadoque e saithe classificados nas subposições 0304.4, 0304.5, 0304.7, 0304.8 e 0304.9 da NCM/SH;VEDADO;;2026-01-01;;https://dfe-portal.svrs.rs.gov.br/DFE/TabelaClassificacaoTributaria
200003;I;Peixes e carnes de peixes (exceto salmonídeos, atuns, bacalhaus, hadoque, saithe e ovas e outros subprodutos) dos seguintes códigos, subposições e posições da NCM/SH: a) 03.02, exceto os produtos das subposições e dos códigos 0302.1, 0302.3, 0302.51.00, 0302.52.00, 0302.53.00 e 0302.9 da NCM/SH, b) 03.03, exceto os produtos das subposições e dos códigos 0303.1, 0303.4, 0303.63.00, 0303.64.00, 0303.65.00 e 0303.9 da NCM/SH, c) 03.04, exceto os salmonídeos, atuns, bacalhaus, hadoque e saithe classificados nas subposições 0304.4, 0304.5, 0304.7, 0304.8 e 0304.9 da NCM/SH;NCM;03023400;;Produtos das subposições e dos códigos 0302.1, 0302.3, 0302.51.00, 0302.52.00, 0302.53.00 e 0302.9 da NCM/SH, produtos das subposições e dos códigos 0303.1, 0303.4, 0303.63.00, 0303.64.00, 0303.65.00 e 0303.9 da NCM/SH, salmonídeos, atuns, bacalhaus, hadoque e saithe classificados nas subposições 0304.4, 0304.5, 0304.7, 0304.8 e 0304.9 da NCM/SH;VEDADO;;2026-01-01;;https://dfe-portal.svrs.rs.gov.br/DFE/TabelaClassificacaoTributaria
200003;I;Peixes e carnes de peixes (exceto salmonídeos, atuns, bacalhaus, hadoque, saithe e ovas e outros subprodutos) dos seguintes códigos, subposições e posições da NCM/SH: a) 03.02, exceto os produtos das subposições e dos códigos 0302.1, 0302.3, 0302.51.00, 0302.52.00, 0302.53.00 e 0302.9 da NCM/SH, b) 03.03, exceto os produtos das subposições e dos códigos 0303.1, 0303.4, 0303.63.00, 0303.64.00, 0303.65.00 e 0303.9 da NCM/SH, c) 03.04, exceto os salmonídeos, atuns, bacalhaus, hadoque e saithe classificados nas subposições 0304.4, 0304.5, 0304.7, 0304.8 e 0304.9 da NCM/SH;NCM;03023500;;Produtos das subposições e dos códigos 0302.1, 0302.3, 0302.51.00, 0302.52.00, 0302.53.00 e 0302.9 da NCM/SH, produtos das subposições e dos códigos 0303.1, 0303.4, 0303.63.00, 0303.64.00, 0303.65.00 e 0303.9 da NCM/SH, salmonídeos, atuns, bacalhaus, hadoque e saithe classificados nas subposições 0304.4, 0304.5, 0304.7, 0304.8 e 0304.9 da NCM/SH;VEDADO;;2026-01-01;;https://dfe-portal.svrs.rs.gov.br/DFE/TabelaClassificacaoTributaria
200003;I;Peixes e carnes de peixes (exceto salmonídeos, atuns, bacalhaus, hadoque, saithe e ovas e outros subprodutos) dos seguintes códigos, subposições e posições da NCM/SH: a) 03.02, exceto os produtos das subposições e dos códigos 0302.1, 0302.3, 0302.51.00, 0302.52.00, 0302.53.00 e 0302.9 da NCM/SH, b) 03.03, exceto os produtos das subposições e dos códigos 0303.1, 0303.4, 0303.63.00, 0303.64.00, 0303.65.00 e 0303.9 da NCM/SH, c) 03.04, exceto os salmonídeos, atuns, bacalhaus, hadoque e saithe classificados nas subposições 0304.4, 0304.5, 0304.7, 0304.8 e 0304.9 da NCM/SH;NCM;03023600;;Produtos das subposições e dos códigos 0302.1, 0302.3, 0302.51.00, 0302.52.00, 0302.53.00 e 0302.9 da NCM/SH, produtos das subposições e dos códigos 0303.1, 0303.4, 0303.63.00, 0303.64.00, 0303.65.00 e 0303.9 da NCM/SH, salmonídeos, atuns, bacalhaus, hadoque e saithe classificados nas subposições 0304.4, 0304.5, 0304.7, 0304.8 e 0304.9 da NCM/SH;VEDADO;;2026-01-01;;https://dfe-portal.svrs.rs.gov.br/DFE/TabelaClassificacaoTributaria
200003;I;Peixes e carnes de peixes (exceto salmonídeos, atuns, bacalhaus, hadoque, saithe e ovas e outros subprodutos) dos seguintes códigos, subposições e posições da NCM/SH: a) 03.02, exceto os produtos das subposições e dos códigos 0302.1, 0302.3, 0302.51.00, 0302.52.00, 0302.53.00 e 0302.9 da NCM/SH, b) 03.03, exceto os produtos das subposições e dos códigos 0303.1, 0303.4, 0303.63.00, 0303.64.00, 0303.65.00 e 0303.9 da NCM/SH, c) 03.04, exceto os salmonídeos, atuns, bacalhaus, hadoque e saithe classificados nas subposições 0304.4, 0304.5, 0304.7, 0304.8 e 0304.9 da NCM/SH;NCM;03025100;;Produtos das subposições e dos códigos 0302.1, 0302.3, 0302.51.00, 0302.52.00, 0302.53.00 e 0302.9 da NCM/SH, produtos das subposições e dos códigos 0303.1, 0303.4, 0303.63.00, 0303.64.00, 0303.65.00 e 0303.9 da NCM/SH, salmonídeos, atuns, bacalhaus, hadoque e saithe classificados nas subposições 0304.4, 0304.5, 0304.7, 0304.8 e 0304.9 da NCM/SH;VEDADO;;2026-01-01;;https://dfe-portal.svrs.rs.gov.br/DFE/TabelaClassificacaoTributaria
200003;I;Peixes e carnes de peixes (exceto salmonídeos, atuns, bacalhaus, hadoque, saithe e ovas e outros subprodutos) dos seguintes códigos, subposições e posições da NCM/SH: a) 03.02, exceto os produtos das subposições e dos códigos 0302.1, 0302.3, 0302.51.00, 0302.52.00, 0302.53.00 e 0302.9 da NCM/SH, b) 03.03, exceto os produtos das subposições e dos códigos 0303.1, 0303.4, 0303.63.00, 0303.64.00, 0303.65.00 e 0303.9 da NCM/SH, c) 03.04, exceto os salmonídeos, atuns, bacalhaus, hadoque e saithe classificados nas subposições 0304.4, 0304.5, 0304.7, 0304.8 e 0304.9 da NCM/SH;NCM;03025200;;Produtos das subposições e dos códigos 0302.1, 0302.3, 0302.51.00, 0302.52.00, 0302.53.00 e 0302.9 da NCM/SH, produtos das subposições e dos códigos 0303.1, 0303.4, 0303.63.00, 0303.64.00, 0303.65.00 e 0303.9 da NCM/SH, salmonídeos, atuns, bacalhaus, hadoque e saithe classificados nas subposições 0304.4, 0304.5, 0304.7, 0304.8 e 0304.9 da NCM/SH;VEDADO;;2026-01-01;;https://dfe-portal.svrs.rs.gov.br/DFE/TabelaClassificacaoTributaria
200003;I;Peixes e carnes de peixes (exceto salmonídeos, atuns, bacalhaus, hadoque, saithe e ovas e outros subprodutos) dos seguintes códigos, subposições e posições da NCM/SH: a) 03.02, exceto os produtos das subposições e dos códigos 0302.1, 0302.3, 0302.51.00, 0302.52.00, 0302.53.00 e 0302.9 da NCM/SH, b) 03.03, exceto os produtos das subposições e dos códigos 0303.1, 0303.4, 0303.63.00, 0303.64.00, 0303.65.00 e 0303.9 da NCM/SH, c) 03.04, exceto os salmonídeos, atuns, bacalhaus, hadoque e saithe classificados nas subposições 0304.4, 0304.5, 0304.7, 0304.8 e 0304.9 da NCM/SH;NCM;03025300;;Produtos das subposições e dos códigos 0302.1, 0302.3, 0302.51.00, 0302.52.00, 0302.53.00 e 0302.9 da NCM/SH, produtos das subposições e dos códigos 0303.1, 0303.4, 0303.63.00, 0303.64.00, 0303.65.00 e 0303.9 da NCM/SH, salmonídeos, atuns, bacalhaus, hadoque e saithe classificados nas subposições 0304.4, 0304.5, 0304.7, 0304.8 e 0304.9 da NCM/SH;VEDADO;;2026-01-01;;https://dfe-portal.svrs.rs.gov.br/DFE/TabelaClassificacaoTributaria
200003;I;Peixes e carnes de peixes (exceto salmonídeos, atuns, bacalhaus, hadoque, saithe e ovas e outros subprodutos) dos seguintes códigos, subposições e posições da NCM/SH: a) 03.02, exceto os produtos das subposições e dos códigos 0302.1, 0302.3, 0302.51.00, 0302.52.00, 0302.53.00 e 0302.9 da NCM/SH, b) 03.03, exceto os produtos das subposições e dos códigos 0303.1, 0303.4, 0303.63.00, 0303.64.00, 0303.65.00 e 0303.9 da NCM/SH, c) 03.04, exceto os salmonídeos, atuns, bacalhaus, hadoque e saithe classificados nas subposições 0304.4, 0304.5, 0304.7, 0304.8 e 0304.9 da NCM/SH;NCM;03029190;;Produtos das subposições e dos códigos 0302.1, 0302.3, 0302.51.00, 0302.52.00, 0302.53.00 e 0302.9 da NCM/SH, produtos das subposições e dos códigos 0303.1, 0303.4, 0303.63.00, 0303.64.00, 0303.65.00 e 0303.9 da NCM/SH, salmonídeos, atuns, bacalhaus, hadoque e saithe classificados nas subposições 0304.4, 0304.5, 0304.7, 0304.8 e 0304.9 da NCM/SH;VEDADO;;2026-01-01;;https://dfe-portal.svrs.rs.gov.br/DFE/TabelaClassificacaoTributaria
200003;I;Peixes e carnes de peixes (exceto salmonídeos, atuns, bacalhaus, hadoque, saithe e ovas e outros subprodutos) dos seguintes códigos, subposições e posições da NCM/SH: a) 03.02, exceto os produtos das subposições e dos códigos 0302.1, 0302.3, 0302.51.00, 0302.52.00, 0302.53.00 e 0302.9 da NCM/SH, b) 03.03, exceto os produtos das subposições e dos códigos 0303.1, 0303.4, 0303.63.00, 0303.64.00, 0303.65.00 e 0303.9 da NCM/SH, c) 03.04, exceto os salmonídeos, atuns, bacalhaus, hadoque e saithe classificados nas subposições 0304.4, 0304.5, 0304.7, 0304.8 e 0304.9 da NCM/SH;NCM;03029110;;Produtos das subposições e dos códigos 0302.1, 0302.3, 0302.51.00, 0302.52.00, 0302.53.00 e 0302.9 da NCM/SH, produtos das subposições e dos códigos 0303.1, 0303.4, 0303.63.00, 0303.64.00, 0303.65.00 e 0303.9 da NCM/SH, salmonídeos, atuns, bacalhaus, hadoque e saithe classificados nas subposições 0304.4, 0304.5, 0304.7, 0304.8 e 0304.9 da NCM/SH;VEDADO;;2026-01-01;;https://dfe-portal.svrs.rs.gov.br/DFE/TabelaClassificacaoTributaria
200003;I;Peixes e carnes de peixes (exceto salmonídeos, atuns, bacalhaus, hadoque, saithe e ovas e outros subprodutos) dos seguintes códigos, subposições e posições da NCM/SH: a) 03.02, exceto os produtos das subposições e dos códigos 0302.1, 0302.3, 0302.51.00, 0302.52.00, 0302.53.00 e 0302.9 da NCM/SH, b) 03.03, exceto os produtos das subposições e dos códigos 0303.1, 0303.4, 0303.63.00, 0303.64.00, 0303.65.00 e 0303.9 da NCM/SH, c) 03.04, exceto os salmonídeos, atuns, bacalhaus, hadoque e saithe classificados nas subposições 0304.4, 0304.5, 0304.7, 0304.8 e 0304.9 da NCM/SH;NCM;03032300;DESTINADOS À ALIMENTAÇÃO HUMANA;Produtos das subposições e dos códigos 0302.1, 0302.3, 0302.51.00, 0302.52.00, 0302.53.00 e 0302.9 da NCM/SH, produtos das subposições e dos códigos 0303.1, 0303.4, 0303.63.00, 0303.64.00, 0303.65.00 e 0303.9 da NCM/SH, salmonídeos, atuns, bacalhaus, hadoque e saithe classificados nas subposições 0304.4, 0304.5, 0304.7, 0304.8 e 0304.9 da NCM/SH;PERMITIDO;;2026-01-01;;https://dfe-portal.svrs.rs.gov.br/DFE/TabelaClassificacaoTributaria
200003;I;Peixes e carnes de peixes (exceto salmonídeos, atuns, bacalhaus, hadoque, saithe e ovas e outros subprodutos) dos seguintes códigos, subposições e posições da NCM/SH: a) 03.02, exceto os produtos das subposições e dos códigos 0302.1, 0302.3, 0302.51.00, 0302.52.00, 0302.53.00 e 0302.9 da NCM/SH, b) 03.03, exceto os produtos das subposições e dos códigos 0303.1, 0303.4, 0303.63.00, 0303.64.00, 0303.65.00 e 0303.9 da NCM/SH, c) 03.04, exceto os salmonídeos, atuns, bacalhaus, hadoque e saithe classificados nas subposições 0304.4, 0304.5, 0304.7, 0304.8 e 0304.9 da NCM/SH;NCM;03032410;DESTINADOS À ALIMENTAÇÃO HUMANA;Produtos das subposições e dos códigos 0302.1, 0302.3, 0302.51.00, 0302.52.00, 0302.53.00 e 0302.9 da NCM/SH, produtos das subposições e dos códigos 0303.1, 0303.4, 0303.63.00, 0303.64.00, 0303.65.00 e 0303.9 da NCM/SH, salmonídeos, atuns, bacalhaus, hadoque e saithe classificados nas subposições 0304.4, 0304.5, 0304.7, 0304.8 e 0304.9 da NCM/SH;PERMITIDO;;2026-01-01;;https://dfe-portal.svrs.rs.gov.br/DFE/TabelaClassificacaoTributaria
200003;I;Peixes e carnes de peixes (exceto salmonídeos, atuns, bacalhaus, hadoque, saithe e ovas e outros subprodutos) dos seguintes códigos, subposições e posições da NCM/SH: a) 03.02, exceto os produtos das subposições e dos códigos 0302.1, 0302.3, 0302.51.00, 0302.52.00, 0302.53.00 e 0302.9 da NCM/SH, b) 03.03, exceto os produtos das subposições e dos códigos 0303.1, 0303.4, 0303.63.00, 0303.64.00, 0303.65.00 e 0303.9 da NCM/SH, c) 03.04, exceto os salmonídeos, atuns, bacalhaus, hadoque e saithe classificados nas subposições 0304.4, 0304.5, 0304.7, 0304.8 e 0304.9 da NCM/SH;NCM;03032490;DESTINADOS À ALIMENTAÇÃO HUMANA;Produtos das subposições e dos códigos 0302.1, 0302.3, 0302.51.00, 0302.52.00, 0302.53.00 e 0302.9 da NCM/SH, produtos das subposições e dos códigos 0303.1, 0303.4, 0303.63.00, 0303.64.00, 0303.65.00 e 0303.9 da NCM/SH, salmonídeos, atuns, bacalhaus, hadoque e saithe classificados nas subposições 0304.4, 0304.5, 0304.7, 0304.8 e 0304.9 da NCM/SH;PERMITIDO;;2026-01-01;;https://dfe-portal.svrs.rs.gov.br/DFE/TabelaClassificacaoTributaria
200003;I;Peixes e carnes de peixes (exceto salmonídeos, atuns, bacalhaus, hadoque, saithe e ovas e outros subprodutos) dos seguintes códigos, subposições e posições da NCM/SH: a) 03.02, exceto os produtos das subposições e dos códigos 0302.1, 0302.3, 0302.51.00, 0302.52.00, 0302.53.00 e 0302.9 da NCM/SH, b) 03.03, exceto os produtos das subposições e dos códigos 0303.1, 0303.4, 0303.63.00, 0303.64.00, 0303.65.00 e 0303.9 da NCM/SH, c) 03.04, exceto os salmonídeos, atuns, bacalhaus, hadoque e saithe classificados nas subposições 0304.4, 0304.5, 0304.7, 0304.8 e 0304.9 da NCM/SH;NCM;03032500;DESTINADOS À ALIMENTAÇÃO HUMANA;Produtos das subposições e dos códigos 0302.1, 0302.3, 0302.51.00, 0302.52.00, 0302.53.00 e 0302.9 da NCM/SH, produtos das subposições e dos códigos 0303.1, 0303.4, 0303.63.00, 0303.64.00, 0303.65.00 e 0303.9 da NCM/SH, salmonídeos, atuns, bacalhaus, hadoque e saithe classificados nas subposições 0304.4, 0304.5, 0304.7, 0304.8 e 0304.9 da NCM/SH;PERMITIDO;;2026-01-01;;https://dfe-portal.svrs.rs.gov.br/DFE/TabelaClassificacaoTributaria
200003;I;Peixes e carnes de peixes (exceto salmonídeos, atuns, bacalhaus, hadoque, saithe e ovas e outros subprodutos) dos seguintes códigos, subposições e posições da NCM/SH: a) 03.02, exceto os produtos das subposições e dos códigos 0302.1, 0302.3, 0302.51.00, 0302.52.00, 0302.53.00 e 0302.9 da NCM/SH, b) 03.03, exceto os produtos das subposições e dos códigos 0303.1, 0303.4, 0303.63.00, 0303.64.00, 0303.65.00 e 0303.9 da NCM/SH, c) 03.04, exceto os salmonídeos, atuns, bacalhaus, hadoque e saithe classificados nas subposições 0304.4, 0304.5, 0304.7, 0304.8 e 0304.9 da NCM/SH;NCM;03032600;DESTINADOS À ALIMENTAÇÃO HUMANA;Produtos das subposições e dos códigos 0302.1, 0302.3, 0302.51.00, 0302.52.00, 0302.53.00 e 0302.9 da NCM/SH, produtos das subposições e dos códigos 0303.1, 0303.4, 0303.63.00, 0303.64.00, 0303.65.00 e 0303.9 da NCM/SH, salmonídeos, atuns, bacalhaus, hadoque e saithe classificados nas subposições 0304.4, 0304.5, 0304.7, 0304.8 e 0304.9 da NCM/SH;PERMITIDO;;2026-01-01;;https://dfe-portal.svrs.rs.gov.br/DFE/TabelaClassificacaoTributaria
200003;I;Peixes e carnes de peixes (exceto salmonídeos, atuns, bacalhaus, hadoque, saithe e ovas e outros subprodutos) dos seguintes códigos, subposições e posições da NCM/SH: a) 03.02, exceto os produtos das subposições e dos códigos 0302.1, 0302.3, 0302.51.00, 0302.52.00, 0302.53.00 e 0302.9 da NCM/SH, b) 03.03, exceto os produtos das subposições e dos códigos 0303.1, 0303.4, 0303.63.00, 0303.64.00, 0303.65.00 e 0303.9 da NCM/SH, c) 03.04, exceto os salmonídeos, atuns, bacalhaus, hadoque e saithe classificados nas subposições 0304.4, 0304.5, 0304.7, 0304.8 e 0304.9 da NCM/SH;NCM;03032900;DESTINADOS À ALIMENTAÇÃO HUMANA;Produtos das subposições e dos códigos 0302.1, 0302.3, 0302.51.00, 0302.52.00, 0302.53.00 e 0302.9 da NCM/SH, produtos das subposições e dos códigos 0303.1, 0303.4, 0303.63.00, 0303.64.00, 0303.65.00 e 0303.9 da NCM/SH, salmonídeos, atuns, bacalhaus, hadoque e saithe classificados nas subposições 0304.4, 0304.5, 0304.7, 0304.8 e 0304.9 da NCM/SH;PERMITIDO;;2026-01-01;;https://dfe-portal.svrs.rs.gov.br/DFE/TabelaClassificacaoTributaria
200003;I;Peixes e carnes de peixes (exceto salmonídeos, atuns, bacalhaus, hadoque, saithe e ovas e outros subprodutos) dos seguintes códigos, subposições e posições da NCM/SH: a) 03.02, exceto os produtos das subposições e dos códigos 0302.1, 0302.3, 0302.51.00, 0302.52.00, 0302.53.00 e 0302.9 da NCM/SH, b) 03.03, exceto os produtos das subposições e dos códigos 0303.1, 0303.4, 0303.63.00, 0303.64.00, 0303.65.00 e 0303.9 da NCM/SH, c) 03.04, exceto os salmonídeos, atuns, bacalhaus, hadoque e saithe classificados nas subposições 0304.4, 0304.5, 0304.7, 0304.8 e 0304.9 da NCM/SH;NCM;03033100;DESTINADOS À ALIMENTAÇÃO HUMANA;Produtos das subposições e dos códigos 0302.1, 0302.3, 0302.51.00, 0302.52.00, 0302.53.00 e 0302.9 da NCM/SH, produtos das subposições e dos códigos 0303.1, 0303.4, 0303.63.00, 0303.64.00, 0303.65.00 e 0303.9 da NCM/SH, salmonídeos, atuns, bacalhaus, hadoque e saithe classificados nas subposições 0304.4, 0304.5, 0304.7, 0304.8 e 0304.9 da NCM/SH;PERMITIDO;;2026-01-01;;https://dfe-portal.svrs.rs.gov.br/DFE/TabelaClassificacaoTributaria
200003;I;Peixes e carnes de peixes (exceto salmonídeos, atuns, bacalhaus, hadoque, saithe e ovas e outros subprodutos) dos seguintes códigos, subposições e posições da NCM/SH: a) 03.02, exceto os produtos das subposições e dos códigos 0302.1, 0302.3, 0302.51.00, 0302.52.00, 0302.53.00 e 0302.9 da NCM/SH, b) 03.03, exceto os produtos das subposições e dos códigos 0303.1, 0303.4, 0303.63.00, 0303.64.00, 0303.65.00 e 0303.9 da NCM/SH, c) 03.04, exceto os salmonídeos, atuns, bacalhaus, hadoque e saithe classificados nas subposições 0304.4, 0304.5, 0304.7, 0304.8 e 0304.9 da NCM/SH;NCM;03033200;DESTINADOS À ALIMENTAÇÃO HUMANA;Produtos das subposições e dos códigos 0302.1, 0302.3, 0302.51.00, 0302.52.00, 0302.53.00 e 0302.9 da NCM/SH, produtos das subposições e dos códigos 0303.1, 0303.4, 0303.63.00, 0303.64.00, 0303.65.00 e 0303.9 da NCM/SH, salmonídeos, atuns, bacalhaus, hadoque e saithe classificados nas subposições 0304.4, 0304.5, 0304.7, 0304.8 e 0304.9 da NCM/SH;PERMITIDO;;2026-01-01;;https://dfe-portal.svrs.rs.gov.br/DFE/TabelaClassificacaoTributaria
200003;I;Peixes e carnes de peixes (exceto salmonídeos, atuns, bacalhaus, hadoque, saithe e ovas e outros subprodutos) dos seguintes códigos, subposições e posições da NCM/SH: a) 03.02, exceto os produtos das subposições e dos códigos 0302.1, 0302.3, 0302.51.00, 0302.52.00, 0302.53.00 e 0302.9 da NCM/SH, b) 03.03, exceto os produtos das subposições e dos códigos 0303.1, 0303.4, 0303.63.00, 0303.64.00, 0303.65.00 e 0303.9 da NCM/SH, c) 03.04, exceto os salmonídeos, atuns, bacalhaus, hadoque e saithe classificados nas subposições 0304.4, 0304.5, 0304.7, 0304.8 e 0304.9 da NCM/SH;NCM;03033300;DESTINADOS À ALIMENTAÇÃO HUMANA;Produtos das subposições e dos códigos 0302.1, 0302.3, 0302.51.00, 0302.52.00, 0302.53.00 e 0302.9 da NCM/SH, produtos das subposições e dos códigos 0303.1, 0303.4, 0303.63.00, 0303.64.00, 0303.65.00 e 0303.9 da NCM/SH, salmonídeos, atuns, bacalhaus, hadoque e saithe classificados nas subposições 0304.4, 0304.5, 0304.7, 0304.8 e 0304.9 da NCM/SH;PERMITIDO;;2026-01-01;;https://dfe-portal.svrs.rs.gov.br/DFE/TabelaClassificacaoTributaria
200003;I;Peixes e carnes de peixes (exceto salmonídeos, atuns, bacalhaus, hadoque, saithe e ovas e outros subprodutos) dos seguintes códigos, subposições e posições da NCM/SH: a) 03.02, exceto os produtos das subposições e dos códigos 0302.1, 0302.3, 0302.51.00, 0302.52.00, 0302.53.00 e 0302.9 da NCM/SH, b) 03.03, exceto os produtos das subposições e dos códigos 0303.1, 0303.4, 0303.63.00, 0303.64.00, 0303.65.00 e 0303.9 da NCM/SH, c) 03.04, exceto os salmonídeos, atuns, bacalhaus, hadoque e saithe classificados nas subposições 0304.4, 0304.5, 0304.7, 0304.8 e 0304.9 da NCM/SH;NCM;03033400;DESTINADOS À ALIMENTAÇÃO HUMANA;Produtos das subposições e dos códigos 0302.1, 0302.3, 0302.51.00, 0302.52.00, 0302.53.00 e 0302.9 da NCM/SH, produtos das subposições e dos códigos 0303.1, 0303.4, 0303.63.00, 0303.64.00, 0303.65.00 e 0303.9 da NCM/SH, salmonídeos, atuns, bacalhaus, hadoque e saithe classificados nas subposições 0304.4, 0304.5, 0304.7, 0304.8 e 0304.9 da NCM/SH;PERMITIDO;;2026-01-01;;https://dfe-portal.svrs.rs.gov.br/DFE/TabelaClassificacaoTributaria
200003;I;Peixes e carnes de peixes (exceto salmonídeos, atuns, bacalhaus, hadoque, saithe e ovas e outros subprodutos) dos seguintes códigos, subposições e posições da NCM/SH: a) 03.02, exceto os produtos das subposições e dos códigos 0302.1, 0302.3, 0302.51.00, 0302.52.00, 0302.53.00 e 0302.9 da NCM/SH, b) 03.03, exceto os produtos das subposições e dos códigos 0303.1, 0303.4, 0303.63.00, 0303.64.00, 0303.65.00 e 0303.9 da NCM/SH, c) 03.04, exceto os salmonídeos, atuns, bacalhaus, hadoque e saithe classificados nas subposições 0304.4, 0304.5, 0304.7, 0304.8 e 0304.9 da NCM/SH;NCM;03033900;DESTINADOS À ALIMENTAÇÃO HUMANA;Produtos das subposições e dos códigos 0302.1, 0302.3, 0302.51.00, 0302.52.00, 0302.53.00 e 0302.9 da NCM/SH, produtos das subposições e dos códigos 0303.1, 0303.4, 0303.63.00, 0303.64.00, 0303.65.00 e 0303.9 da NCM/SH, salmonídeos, atuns, bacalhaus, hadoque e saithe classificados nas subposições 0304.4, 0304.5, 0304.7, 0304.8 e 0304.9 da NCM/SH;PERMITIDO;;2026-01-01;;https://dfe-portal.svrs.rs.gov.br/DFE/TabelaClassificacaoTributaria
200003;I;Peixes e carnes de peixes (exceto salmonídeos, atuns, bacalhaus, hadoque, saithe e ovas e outros subprodutos) dos seguintes códigos, subposições e posições da NCM/SH: a) 03.02, exceto os produtos das subposições e dos códigos 0302.1, 0302.3, 0302.51.00, 0302.52.00, 0302.53.00 e 0302.9 da NCM/SH, b) 03.03, exceto os produtos das subposições e dos códigos 0303.1, 0303.4, 0303.63.00, 0303.64.00, 0303.65.00 e 0303.9 da NCM/SH, c) 03.04, exceto os salmonídeos, atuns, bacalhaus, hadoque e saithe classificados nas subposições 0304.4, 0304.5, 0304.7, 0304.8 e 0304.9 da NCM/SH;NCM;03035100;DESTINADOS À ALIMENTAÇÃO HUMANA;Produtos das subposições e dos códigos 0302.1, 0302.3, 0302.51.00, 0302.52.00, 0302.53.00 e 0302.9 da NCM/SH, produtos das subposições e dos códigos 0303.1, 0303.4, 0303.63.00, 0303.64.00, 0303.65.00 e 0303.9 da NCM/SH, salmonídeos, atuns, bacalhaus, hadoque e saithe classificados nas subposições 0304.4, 0304.5, 0304.7, 0304.8 e 0304.9 da NCM/SH;PERMITIDO;;2026-01-01;;https://dfe-portal.svrs.rs.gov.br/DFE/TabelaClassificacaoTributaria
200003;I;Peixes e carnes de peixes (exceto salmonídeos, atuns, bacalhaus, hadoque, saithe e ovas e outros subprodutos) dos seguintes códigos, subposições e posições da NCM/SH: a) 03.02, exceto os produtos das subposições e dos códigos 0302.1, 0302.3, 0302.51.00, 0302.52.00, 0302.53.00 e 0302.9 da NCM/SH, b) 03.03, exceto os produtos das subposições e dos códigos 0303.1, 0303.4, 0303.63.00, 0303.64.00, 0303.65.00 e 0303.9 da NCM/SH, c) 03.04, exceto os salmonídeos, atuns, bacalhaus, hadoque e saithe classificados nas subposições 0304.4, 0304.5, 0304.7, 0304.8 e 0304.9 da NCM/SH;NCM;03035300;DESTINADOS À ALIMENTAÇÃO HUMANA;Produtos das subposições e dos códigos 0302.1, 0302.3, 0302.51.00, 0302.52.00, 0302.53.00 e 0302.9 da NCM/SH, produtos das subposições e dos códigos 0303.1, 0303.4, 0303.63.00, 0303.64.00, 0303.65.00 e 0303.9 da NCM/SH, salmonídeos, atuns, bacalhaus, hadoque e saithe classificados nas subposições 0304.4, 0304.5, 0304.7, 0304.8 e 0304.9 da NCM/SH;PERMITIDO;;2026-01-01;;https://dfe-portal.svrs.rs.gov.br/DFE/TabelaClassificacaoTributaria
200003;I;Peixes e carnes de peixes (exceto salmonídeos, atuns, bacalhaus, hadoque, saithe e ovas e outros subprodutos) dos seguintes códigos, subposições e posições da NCM/SH: a) 03.02, exceto os produtos das subposições e dos códigos 0302.1, 0302.3, 0302.51.00, 0302.52.00, 0302.53.00 e 0302.9 da NCM/SH, b) 03.03, exceto os produtos das subposições e dos códigos 0303.1, 0303.4, 0303.63.00, 0303.64.00, 0303.65.00 e 0303.9 da NCM/SH, c) 03.04, exceto os salmonídeos, atuns, bacalhaus, hadoque e saithe classificados nas subposições 0304.4, 0304.5, 0304.7, 0304.8 e 0304.9 da NCM/SH;NCM;03035400;DESTINADOS À ALIMENTAÇÃO HUMANA;Produtos das subposições e dos códigos 0302.1, 0302.3, 0302.51.00, 0302.52.00, 0302.53.00 e 0302.9 da NCM/SH, produtos das subposições e dos códigos 0303.1, 0303.4, 0303.63.00, 0303.64.00, 0303.65.00 e 0303.9 da NCM/SH, salmonídeos, atuns, bacalhaus, hadoque e saithe classificados nas subposições 0304.4, 0304.5, 0304.7, 0304.8 e 0304.9 da NCM/SH;PERMITIDO;;2026-01-01;;https://dfe-portal.svrs.rs.gov.br/DFE/TabelaClassificacaoTributaria
200003;I;Queijos tipo mozarela, minas, prato, queijo de coalho, ricota, requeijão, queijo provolone, queijo parmesão, queijo fresco não maturado e queijo do reino classificados nos códigos 0406.10.10, 0406.10.90, 0406.20.00, 0406.90.10, 0406.90.20 e 0406.90.30 da NCM/SH;NCM;04069030;DESTINADOS À ALIMENTAÇÃO HUMANA;;PERMITIDO;;2026-01-01;;https://dfe-portal.svrs.rs.gov.br/DFE/TabelaClassificacaoTributaria
200003;I;Sal em conformidade com os requisitos da legislação específica relativos ao teor de iodo enquadrado nos limites próprios para consumo humano classificado nos códigos 2501.00.20 e 2501.00.90 da NCM/SH;NCM;25010020;DESTINADOS À ALIMENTAÇÃO HUMANA;;PERMITIDO;;2026-01-01;;https://dfe-portal.svrs.rs.gov.br/DFE/TabelaClassificacaoTributaria
200003;I;Peixes e carnes de peixes (exceto salmonídeos, atuns, bacalhaus, hadoque, saithe e ovas e outros subprodutos) dos seguintes códigos, subposições e posições da NCM/SH: a) 03.02, exceto os produtos das subposições e dos códigos 0302.1, 0302.3, 0302.51.00, 0302.52.00, 0302.53.00 e 0302.9 da NCM/SH, b) 03.03, exceto os produtos das subposições e dos códigos 0303.1, 0303.4, 0303.63.00, 0303.64.00, 0303.65.00 e 0303.9 da NCM/SH, c) 03.04, exceto os salmonídeos, atuns, bacalhaus, hadoque e saithe classificados nas subposições 0304.4, 0304.5, 0304.7, 0304.8 e 0304.9 da NCM/SH;NCM;03035500;DESTINADOS À ALIMENTAÇÃO HUMANA;Produtos das subposições e dos códigos 0302.1, 0302.3, 0302.51.00, 0302.52.00, 0302.53.00 e 0302.9 da NCM/SH, produtos das subposições e dos códigos 0303.1, 0303.4, 0303.63.00, 0303.64.00, 0303.65.00 e 0303.9 da NCM/SH, salmonídeos, atuns, bacalhaus, hadoque e saithe classificados nas subposições 0304.4, 0304.5, 0304.7, 0304.8 e 0304.9 da NCM/SH;PERMITIDO;;2026-01-01;;https://dfe-portal.svrs.rs.gov.br/DFE/TabelaClassificacaoTributaria
200003;I;Peixes e carnes de peixes (exceto salmonídeos, atuns, bacalhaus, hadoque, saithe e ovas e outros subprodutos) dos seguintes códigos, subposições e posições da NCM/SH: a) 03.02, exceto os produtos das subposições e dos códigos 0302.1, 0302.3, 0302.51.00, 0302.52.00, 0302.53.00 e 0302.9 da NCM/SH, b) 03.03, exceto os produtos das subposições e dos códigos 0303.1, 0303.4, 0303.63.00, 0303.64.00, 0303.65.00 e 0303.9 da NCM/SH, c) 03.04, exceto os salmonídeos, atuns, bacalhaus, hadoque e saithe classificados nas subposições 0304.4, 0304.5, 0304.7, 0304.8 e 0304.9 da NCM/SH;NCM;03035600;DESTINADOS À ALIMENTAÇÃO HUMANA;Produtos das subposições e dos códigos 0302.1, 0302.3, 0302.51.00, 0302.52.00, 0302.53.00 e 0302.9 da NCM/SH, produtos das subposições e dos códigos 0303.1, 0303.4, 0303.63.00, 0303.64.00, 0303.65.00 e 0303.9 da NCM/SH, salmonídeos, atuns, bacalhaus, hadoque e saithe classificados nas subposições 0304.4, 0304.5, 0304.7, 0304.8 e 0304.9 da NCM/SH;PERMITIDO;;2026-01-01;;https://dfe-portal.svrs.rs.gov.br/DFE/TabelaClassificacaoTributaria
200003;I;Peixes e carnes de peixes (exceto salmonídeos, atuns, bacalhaus, hadoque, saithe e ovas e outros subprodutos) dos seguintes códigos, subposições e posições da NCM/SH: a) 03.02, exceto os produtos das subposições e dos códigos 0302.1, 0302.3, 0302.51.00, 0302.52.00, 0302.53.00 e 0302.9 da NCM/SH, b) 03.03, exceto os produtos das subposições e dos códigos 0303.1, 0303.4, 0303.63.00, 0303.64.00, 0303.65.00 e 0303.9 da NCM/SH, c) 03.04, exceto os salmonídeos, atuns, bacalhaus, hadoque e saithe classificados nas subposições 0304.4, 0304.5, 0304.7, 0304.8 e 0304.9 da NCM/SH;NCM;03035700;DESTINADOS À ALIMENTAÇÃO HUMANA;Produtos das subposições e dos códigos 0302.1, 0302.3, 0302.51.00, 0302.52.00, 0302.53.00 e 0302.9 da NCM/SH, produtos das subposições e dos códigos 0303.1, 0303.4, 0303.63.00, 0303.64.00, 0303.65.00 e 0303.9 da NCM/SH, salmonídeos, atuns, bacalhaus, hadoque e saithe classificados nas subposições 0304.4, 0304.5, 0304.7, 0304.8 e 0304.9 da NCM/SH;PERMITIDO;;2026-01-01;;https://dfe-portal.svrs.rs.gov.br/DFE/TabelaClassificacaoTributaria
200003;I;Peixes e carnes de peixes (exceto salmonídeos, atuns, bacalhaus, hadoque, saithe e ovas e outros subprodutos) dos seguintes códigos, subposições e posições da NCM/SH: a) 03.02, exceto os produtos das subposições e dos códigos 0302.1, 0302.3, 0302.51.00, 0302.52.00, 0302.53.00 e 0302.9 da NCM/SH, b) 03.03, exceto os produtos das subposições e dos códigos 0303.1, 0303.4, 0303.63.00, 0303.64.00, 0303.65.00 e 0303.9 da NCM/SH, c) 03.04, exceto os salmonídeos, atuns, bacalhaus, hadoque e saithe classificados nas subposições 0304.4, 0304.5, 0304.7, 0304.8 e 0304.9 da NCM/SH;NCM;03035910;DESTINADOS À ALIMENTAÇÃO HUMANA;Produtos das subposições e dos códigos 0302.1, 0302.3, 0302.51.00, 0302.52.00, 0302.53.00 e 0302.9 da NCM/SH, produtos das subposições e dos códigos 0303.1, 0303.4, 0303.63.00, 0303.64.00, 0303.65.00 e 0303.9 da NCM/SH, salmonídeos, atuns, bacalhaus, hadoque e saithe classificados nas subposições 0304.4, 0304.5, 0304.7, 0304.8 e 0304.9 da NCM/SH;PERMITIDO;;2026-01-01;;https://dfe-portal.svrs.rs.gov.br/DFE/TabelaClassificacaoTributaria
200003;I;Mate da posição 09.03 da NCM/SH;NCM;09030010;DESTINADOS À ALIMENTAÇÃO HUMANA;;PERMITIDO;;2026-01-01;;https://dfe-portal.svrs.rs.gov.br/DFE/TabelaClassificacaoTributaria
200003;I;Mate da posição 09.03 da NCM/SH;NCM;09030090;DESTINADOS À ALIMENTAÇÃO HUMANA;;PERMITIDO;;2026-01-01;;https://dfe-portal.svrs.rs.gov.br/DFE/TabelaClassificacaoTributaria
200003;I;Farinha com baixo teor de proteína para pessoas com aminoacidopatias, acidemias e defeitos do ciclo da uréia da NCM 1901.90.90;NCM;19019090;DESTINADOS À ALIMENTAÇÃO HUMANA;;PERMITIDO;;2026-01-01;;https://dfe-portal.svrs.rs.gov.br/DFE/TabelaClassificacaoTributaria
200003;I;Peixes e carnes de peixes (exceto salmonídeos, atuns, bacalhaus, hadoque, saithe e ovas e outros subprodutos) dos seguintes códigos, subposições e posições da NCM/SH: a) 03.02, exceto os produtos das subposições e dos códigos 0302.1, 0302.3, 0302.51.00, 0302.52.00, 0302.53.00 e 0302.9 da NCM/SH, b) 03.03, exceto os produtos das subposições e dos códigos 0303.1, 0303.4, 0303.63.00, 0303.64.00, 0303.65.00 e 0303.9 da NCM/SH, c) 03.04, exceto os salmonídeos, atuns, bacalhaus, hadoque e saithe classificados nas subposições 0304.4, 0304.5, 0304.7, 0304.8 e 0304.9 da NCM/SH;NCM;03035920;DESTINADOS À ALIMENTAÇÃO HUMANA;Produtos das subposições e dos códigos 0302.1, 0302.3, 0302.51.00, 0302.52.00, 0302.53.00 e 0302.9 da NCM/SH, produtos das subposições e dos códigos 0303.1, 0303.4, 0303.63.00, 0303.64.00, 0303.65.00 e 0303.9 da NCM/SH, salmonídeos, atuns, bacalhaus, hadoque e saithe classificados nas subposições 0304.4, 0304.5, 0304.7, 0304.8 e 0304.9 da NCM/SH;PERMITIDO;;2026-01-01;;https://dfe-portal.svrs.rs.gov.br/DFE/TabelaClassificacaoTributaria
200003;I;Peixes e carnes de peixes (exceto salmonídeos, atuns, bacalhaus, hadoque, saithe e ovas e outros subprodutos) dos seguintes códigos, subposições e posições da NCM/SH: a) 03.02, exceto os produtos das subposições e dos códigos 0302.1, 0302.3, 0302.51.00, 0302.52.00, 0302.53.00 e 0302.9 da NCM/SH, b) 03.03, exceto os produtos das subposições e dos códigos 0303.1, 0303.4, 0303.63.00, 0303.64.00, 0303.65.00 e 0303.9 da NCM/SH, c) 03.04, exceto os salmonídeos, atuns, bacalhaus, hadoque e saithe classificados nas subposições 0304.4, 0304.5, 0304.7, 0304.8 e 0304.9 da NCM/SH;NCM;03035990;DESTINADOS À ALIMENTAÇÃO HUMANA;Produtos das subposições e dos códigos 0302.1, 0302.3, 0302.51.00, 0302.52.00, 0302.53.00 e 0302.9 da NCM/SH, produtos das subposições e dos códigos 0303.1, 0303.4, 0303.63.00, 0303.64.00, 0303.65.00 e 0303.9 da NCM/SH, salmonídeos, atuns, bacalhaus, hadoque e saithe classificados nas subposições 0304.4, 0304.5, 0304.7, 0304.8 e 0304.9 da NCM/SH;PERMITIDO;;2026-01-01;;https://dfe-portal.svrs.rs.gov.br/DFE/TabelaClassificacaoTributaria
200003;I;Peixes e carnes de peixes (exceto salmonídeos, atuns, bacalhaus, hadoque, saithe e ovas e outros subprodutos) dos seguintes códigos, subposições e posições da NCM/SH: a) 03.02, exceto os produtos das subposições e dos códigos 0302.1, 0302.3, 0302.51.00, 0302.52.00, 0302.53.00 e 0302.9 da NCM/SH, b) 03.03, exceto os produtos das subposições e dos códigos 0303.1, 0303.4, 0303.63.00, 0303.64.00, 0303.65.00 e 0303.9 da NCM/SH, c) 03.04, exceto os salmonídeos, atuns, bacalhaus, hadoque e saithe classificados nas subposições 0304.4, 0304.5, 0304.7, 0304.8 e 0304.9 da NCM/SH;NCM;03049221;;Produtos das subposições e dos códigos 0302.1, 0302.3, 0302.51.00, 0302.52.00, 0302.53.00 e 0302.9 da NCM/SH, produtos das subposições e dos códigos 0303.1, 0303.4, 0303.63.00, 0303.64.00, 0303.65.00 e 0303.9 da NCM/SH, salmonídeos, atuns, bacalhaus, hadoque e saithe classificados nas subposições 0304.4, 0304.5, 0304.7, 0304.8 e 0304.9 da NCM/SH;VEDADO;;2026-01-01;;https://dfe-portal.svrs.rs.gov.br/DFE/TabelaClassificacaoTributaria
200003;I;Peixes e carnes de peixes (exceto salmonídeos, atuns, bacalhaus, hadoque, saithe e ovas e outros subprodutos) dos seguintes códigos, subposições e posições da NCM/SH: a) 03.02, exceto os produtos das subposições e dos códigos 0302.1, 0302.3, 0302.51.00, 0302.52.00, 0302.53.00 e 0302.9 da NCM/SH, b) 03.03, exceto os produtos das subposições e dos códigos 0303.1, 0303.4, 0303.63.00, 0303.64.00, 0303.65.00 e 0303.9 da NCM/SH, c) 03.04, exceto os salmonídeos, atuns, bacalhaus, hadoque e saithe classificados nas subposições 0304.4, 0304.5, 0304.7, 0304.8 e 0304.9 da NCM/SH;NCM;03049222;;Produtos das subposições e dos códigos 0302.1, 0302.3, 0302.51.00, 0302.52.00, 0302.53.00 e 0302.9 da NCM/SH, produtos das subposições e dos códigos 0303.1, 0303.4, 0303.63.00, 0303.64.00, 0303.65.00 e 0303.9 da NCM/SH, salmonídeos, atuns, bacalhaus, hadoque e saithe classificados nas subposições 0304.4, 0304.5, 0304.7, 0304.8 e 0304.9 da NCM/SH;VEDADO;;2026-01-01;;https://dfe-portal.svrs.rs.gov.br/DFE/TabelaClassificacaoTributaria
200003;I;Peixes e carnes de peixes (exceto salmonídeos, atuns, bacalhaus, hadoque, saithe e ovas e outros subprodutos) dos seguintes códigos, subposições e posições da NCM/SH: a) 03.02, exceto os produtos das subposições e dos códigos 0302.1, 0302.3, 0302.51.00, 0302.52.00, 0302.53.00 e 0302.9 da NCM/SH, b) 03.03, exceto os produtos das subposições e dos códigos 0303.1, 0303.4, 0303.63.00, 0303.64.00, 0303.65.00 e 0303.9 da NCM/SH, c) 03.04, exceto os salmonídeos, atuns, bacalhaus, hadoque e saithe classificados nas subposições 0304.4, 0304.5, 0304.7, 0304.8 e 0304.9 da NCM/SH;NCM;03036600;DESTINADOS À ALIMENTAÇÃO HUMANA;Produtos das subposições e dos códigos 0302.1, 0302.3, 0302.51.00, 0302.52.00, 0302.53.00 e 0302.9 da NCM/SH, produtos das subposições e dos códigos 0303.1, 0303.4, 0303.63.00, 0303.64.00, 0303.65.00 e 0303.9 da NCM/SH, salmonídeos, atuns, bacalhaus, hadoque e saithe classificados nas subposições 0304.4, 0304.5, 0304.7, 0304.8 e 0304.9 da NCM/SH;PERMITIDO;;2026-01-01;;https://dfe-portal.svrs.rs.gov.br/DFE/TabelaClassificacaoTributaria
200003;I;Peixes e carnes de peixes (exceto salmonídeos, atuns, bacalhaus, hadoque, saithe e ovas e outros subprodutos) dos seguintes códigos, subposições e posições da NCM/SH: a) 03.02, exceto os produtos das subposições e dos códigos 0302.1, 0302.3, 0302.51.00, 0302.52.00, 0302.53.00 e 0302.9 da NCM/SH, b) 03.03, exceto os produtos das subposições e dos códigos 0303.1, 0303.4, 0303.63.00, 0303.64.00, 0303.65.00 e 0303.9 da NCM/SH, c) 03.04, exceto os salmonídeos, atuns, bacalhaus, hadoque e saithe classificados nas subposições 0304.4, 0304.5, 0304.7, 0304.8 e 0304.9 da NCM/SH;NCM;03038943;DESTINADOS À ALIMENTAÇÃO HUMANA;Produtos das subposições e dos códigos 0302.1, 0302.3, 0302.51.00, 0302.52.00, 0302.53.00 e 0302.9 da NCM/SH, produtos das subposições e dos códigos 0303.1, 0303.4, 0303.63.00, 0303.64.00, 0303.65.00 e 0303.9 da NCM/SH, salmonídeos, atuns, bacalhaus, hadoque e saithe classificados nas subposições 0304.4, 0304.5, 0304.7, 0304.8 e 0304.9 da NCM/SH;PERMITIDO;;2026-01-01;;https://dfe-portal.svrs.rs.gov.br/DFE/TabelaClassificacaoTributaria
200003;I;Peixes e carnes de peixes (exceto salmonídeos, atuns, bacalhaus, hadoque, saithe e ovas e outros subprodutos) dos seguintes códigos, subposições e posições da NCM/SH: a) 03.02, exceto os produtos das subposições e dos códigos 0302.1, 0302.3, 0302.51.00, 0302.52.00, 0302.53.00 e 0302.9 da NCM/SH, b) 03.03, exceto os produtos das subposições e dos códigos 0303.1, 0303.4, 0303.63.00, 0303.64.00, 0303.65.00 e 0303.9 da NCM/SH, c) 03.04, exceto os salmonídeos, atuns, bacalhaus, hadoque e saithe classificados nas subposições 0304.4, 0304.5, 0304.7, 0304.8 e 0304.9 da NCM/SH;NCM;03038944;DESTINADOS À ALIMENTAÇÃO HUMANA;Produtos das subposições e dos códigos 0302.1, 0302.3, 0302.51.00, 0302.52.00, 0302.53.00 e 0302.9 da NCM/SH, produtos das subposições e dos códigos 0303.1, 0303.4, 0303.63.00, 0303.64.00, 0303.65.00 e 0303.9 da NCM/SH, salmonídeos, atuns, bacalhaus, hadoque e saithe classificados nas subposições 0304.4, 0304.5, 0304.7, 0304.8 e 0304.9 da NCM/SH;PERMITIDO;;2026-01-01;;https://dfe-portal.svrs.rs.gov.br/DFE/TabelaClassificacaoTributaria
200003;I;Peixes e carnes de peixes (exceto salmonídeos, atuns, bacalhaus, hadoque, saithe e ovas e outros subprodutos) dos seguintes códigos, subposições e posições da NCM/SH: a) 03.02, exceto os produtos das subposições e dos códigos 0302.1, 0302.3, 0302.51.00, 0302.52.00, 0302.53.00 e 0302.9 da NCM/SH, b) 03.03, exceto os produtos das subposições e dos códigos 0303.1, 0303.4, 0303.63.00, 0303.64.00, 0303.65.00 e 0303.9 da NCM/SH, c) 03.04, exceto os salmonídeos, atuns, bacalhaus, hadoque e saithe classificados nas subposições 0304.4, 0304.5, 0304.7, 0304.8 e 0304.9 da NCM/SH;NCM;03038945;DESTINADOS À ALIMENTAÇÃO HUMANA;Produtos das subposições e dos códigos 0302.1, 0302.3, 0302.51.00, 0302.52.00, 0302.53.00 e 0302.9 da NCM/SH, produtos das subposições e dos códigos 0303.1, 0303.4, 0303.63.00, 0303.64.00, 0303.65.00 e 0303.9 da NCM/SH, salmonídeos, atuns, bacalhaus, hadoque e saithe classificados nas subposições 0304.4, 0304.5, 0304.7, 0304.8 e 0304.9 da NCM/SH;PERMITIDO;;2026-01-01;;https://dfe-portal.svrs.rs.gov.br/DFE/TabelaClassificacaoTributaria
200003;I;Peixes e carnes de peixes (exceto salmonídeos, atuns, bacalhaus, hadoque, saithe e ovas e outros subprodutos) dos seguintes códigos, subposições e posições da NCM/SH: a) 03.02, exceto os produtos das subposições e dos códigos 0302.1, 0302.3, 0302.51.00, 0302.52.00, 0302.53.00 e 0302.9 da NCM/SH, b) 03.03, exceto os produtos das subposições e dos códigos 0303.1, 0303.4, 0303.63.00, 0303.64.00, 0303.65.00 e 0303.9 da NCM/SH, c) 03.04, exceto os salmonídeos, atuns, bacalhaus, hadoque e saithe classificados nas subposições 0304.4, 0304.5, 0304.7, 0304.8 e 0304.9 da NCM/SH;NCM;03045500;;Produtos das subposições e dos códigos 0302.1, 0302.3, 0302.51.00, 0302.52.00, 0302.53.00 e 0302.9 da NCM/SH, produtos das subposições e dos códigos 0303.1, 0303.4, 0303.63.00, 0303.64.00, 0303.65.00 e 0303.9 da NCM/SH, salmonídeos, atuns, bacalhaus, hadoque e saithe classificados nas subposições 0304.4, 0304.5, 0304.7, 0304.8 e 0304.9 da NCM/SH;VEDADO;;2026-01-01;;https://dfe-portal.svrs.rs.gov.br/DFE/TabelaClassificacaoTributaria
200003;I;Peixes e carnes de peixes (exceto salmonídeos, atuns, bacalhaus, hadoque, saithe e ovas e outros subprodutos) dos seguintes códigos, subposições e posições da NCM/SH: a) 03.02, exceto os produtos das subposições e dos códigos 0302.1, 0302.3, 0302.51.00, 0302.52.00, 0302.53.00 e 0302.9 da NCM/SH, b) 03.03, exceto os produtos das subposições e dos códigos 0303.1, 0303.4, 0303.63.00, 0303.64.00, 0303.65.00 e 0303.9 da NCM/SH, c) 03.04, exceto os salmonídeos, atuns, bacalhaus, hadoque e saithe classificados nas subposições 0304.4, 0304.5, 0304.7, 0304.8 e 0304.9 da NCM/SH;NCM;03038946;DESTINADOS À ALIMENTAÇÃO HUMANA;Produtos das subposições e dos códigos 0302.1, 0302.3, 0302.51.00, 0302.52.00, 0302.53.00 e 0302.9 da NCM/SH, produtos das subposições e dos códigos 0303.1, 0303.4, 0303.63.00, 0303.64.00, 0303.65.00 e 0303.9 da NCM/SH, salmonídeos, atuns, bacalhaus, hadoque e saithe classificados nas subposições 0304.4, 0304.5, 0304.7, 0304.8 e 0304.9 da NCM/SH;PERMITIDO;;2026-01-01;;https://dfe-portal.svrs.rs.gov.br/DFE/TabelaClassificacaoTributaria
200003;I;Peixes e carnes de peixes (exceto salmonídeos, atuns, bacalhaus, hadoque, saithe e ovas e outros subprodutos) dos seguintes códigos, subposições e posições da NCM/SH: a) 03.02, exceto os produtos das subposições e dos códigos 0302.1, 0302.3, 0302.51.00, 0302.52.00, 0302.53.00 e 0302.9 da NCM/SH, b) 03.03, exceto os produtos das subposições e dos códigos 0303.1, 0303.4, 0303.63.00, 0303.64.00, 0303.65.00 e 0303.9 da NCM/SH, c) 03.04, exceto os salmonídeos, atuns, bacalhaus, hadoque e saithe classificados nas subposições 0304.4, 0304.5, 0304.7, 0304.8 e 0304.9 da NCM/SH;NCM;03038951;DESTINADOS À ALIMENTAÇÃO HUMANA;Produtos das subposições e dos códigos 0302.1, 0302.3, 0302.51.00, 0302.52.00, 0302.53.00 e 0302.9 da NCM/SH, produtos das subposições e dos códigos 0303.1, 0303.4, 0303.63.00, 0303.64.00, 0303.65.00 e 0303.9 da NCM/SH, salmonídeos, atuns, bacalhaus, hadoque e saithe classificados nas subposições 0304.4, 0304.5, 0304.7, 0304.8 e 0304.9 da NCM/SH;PERMITIDO;;2026-01-01;;https://dfe-portal.svrs.rs.gov.br/DFE/TabelaClassificacaoTributaria
200003;I;Peixes e carnes de peixes (exceto salmonídeos, atuns, bacalhaus, hadoque, saithe e ovas e outros subprodutos) dos seguintes códigos, subposições e posições da NCM/SH: a) 03.02, exceto os produtos das subposições e dos códigos 0302.1, 0302.3, 0302.51.00, 0302.52.00, 0302.53.00 e 0302.9 da NCM/SH, b) 03.03, exceto os produtos das subposições e dos códigos 0303.1, 0303.4, 0303.63.00, 0303.64.00, 0303.65.00 e 0303.9 da NCM/SH, c) 03.04, exceto os salmonídeos, atuns, bacalhaus, hadoque e saithe classificados nas subposições 0304.4, 0304.5, 0304.7, 0304.8 e 0304.9 da NCM/SH;NCM;03038952;DESTINADOS À ALIMENTAÇÃO HUMANA;Produtos das subposições e dos códigos 0302.1, 0302.3, 0302.51.00, 0302.52.00, 0302.53.00 e 0302.9 da NCM/SH, produtos das subposições e dos códigos 0303.1, 0303.4, 0303.63.00, 0303.64.00, 0303.65.00 e 0303.9 da NCM/SH, salmonídeos, atuns, bacalhaus, hadoque e saithe classificados nas subposições 0304.4, 0304.5, 0304.7, 0304.8 e 0304.9 da NCM/SH;PERMITIDO;;2026-01-01;;https://dfe-portal.svrs.rs.gov.br/DFE/TabelaClassificacaoTributaria
200003;I;Peixes e carnes de peixes (exceto salmonídeos, atuns, bacalhaus, hadoque, saithe e ovas e outros subprodutos) dos seguintes códigos, subposições e posições da NCM/SH: a) 03.02, exceto os produtos das subposições e dos códigos 0302.1, 0302.3, 0302.51.00, 0302.52.00, 0302.53.00 e 0302.9 da NCM/SH, b) 03.03, exceto os produtos das subposições e dos códigos 0303.1, 0303.4, 0303.63.00, 0303.64.00, 0303.65.00 e 0303.9 da NCM/SH, c) 03.04, exceto os salmonídeos, atuns, bacalhaus, hadoque e saithe classificados nas subposições 0304.4, 0304.5, 0304.7, 0304.8 e 0304.9 da NCM/SH;NCM;03048990;;Produtos das subposições e dos códigos 0302.1, 0302.3, 0302.51.00, 0302.52.00, 0302.53.00 e 0302.9 da NCM/SH, produtos das subposições e dos códigos 0303.1, 0303.4, 0303.63.00, 0303.64.00, 0303.65.00 e 0303.9 da NCM/SH, salmonídeos, atuns, bacalhaus, hadoque e saithe classificados nas subposições 0304.4, 0304.5, 0304.7, 0304.8 e 0304.9 da NCM/SH;VEDADO;;2026-01-01;;https://dfe-portal.svrs.rs.gov.br/DFE/TabelaClassificacaoTributaria
200003;I;Peixes e carnes de peixes (exceto salmonídeos, atuns, bacalhaus, hadoque, saithe e ovas e outros subprodutos) dos seguintes códigos, subposições e posições da NCM/SH: a) 03.02, exceto os produtos das subposições e dos códigos 0302.1, 0302.3, 0302.51.00, 0302.52.00, 0302.53.00 e 0302.9 da NCM/SH, b) 03.03, exceto os produtos das subposições e dos códigos 0303.1, 0303.4, 0303.63.00, 0303.64.00, 0303.65.00 e 0303.9 da NCM/SH, c) 03.04, exceto os salmonídeos, atuns, bacalhaus, hadoque e saithe classificados nas subposições 0304.4, 0304.5, 0304.7, 0304.8 e 0304.9 da NCM/SH;NCM;03038953;DESTINADOS À ALIMENTAÇÃO HUMANA;Produtos das subposições e dos códigos 0302.1, 0302.3, 0302.51.00, 0302.52.00, 0302.53.00 e 0302.9 da NCM/SH, produtos das subposições e dos códigos 0303.1, 0303.4, 0303.63.00, 0303.64.00, 0303.65.00 e 0303.9 da NCM/SH, salmonídeos, atuns, bacalhaus, hadoque e saithe classificados nas subposições 0304.4, 0304.5, 0304.7, 0304.8 e 0304.9 da NCM/SH;PERMITIDO;;2026-01-01;;https://dfe-portal.svrs.rs.gov.br/DFE/TabelaClassificacaoTributaria
200003;I;Peixes e carnes de peixes (exceto salmonídeos, atuns, bacalhaus, hadoque, saithe e ovas e outros subprodutos) dos seguintes códigos, subposições e posições da NCM/SH: a) 03.02, exceto os produtos das subposições e dos códigos 0302.1, 0302.3, 0302.51.00, 0302.52.00, 0302.53.00 e 0302.9 da NCM/SH, b) 03.03, exceto os produtos das subposições e dos códigos 0303.1, 0303.4, 0303.63.00, 0303.64.00, 0303.65.00 e 0303.9 da NCM/SH, c) 03.04, exceto os salmonídeos, atuns, bacalhaus, hadoque e saithe classificados nas subposições 0304.4, 0304.5, 0304.7, 0304.8 e 0304.9 da NCM/SH;NCM;03038954;DESTINADOS À ALIMENTAÇÃO HUMANA;Produtos das subposições e dos códigos 0302.1, 0302.3, 0302.51.00, 0302.52.00, 0302.53.00 e 0302.9 da NCM/SH, produtos das subposições e dos códigos 0303.1, 0303.4, 0303.63.00, 0303.64.00, 0303.65.00 e 0303.9 da NCM/SH, salmonídeos, atuns, bacalhaus, hadoque e saithe classificados nas subposições 0304.4, 0304.5, 0304.7, 0304.8 e 0304.9 da NCM/SH;PERMITIDO;;2026-01-01;;https://dfe-portal.svrs.rs.gov.br/DFE/TabelaClassificacaoTributaria
200003;I;Peixes e carnes de peixes (exceto salmonídeos, atuns, bacalhaus, hadoque, saithe e ovas e outros subprodutos) dos seguintes códigos, subposições e posições da NCM/SH: a) 03.02, exceto os produtos das subposições e dos códigos 0302.1, 0302.3, 0302.51.00, 0302.52.00, 0302.53.00 e 0302.9 da NCM/SH, b) 03.03, exceto os produtos das subposições e dos códigos 0303.1, 0303.4, 0303.63.00, 0303.64.00, 0303.65.00 e 0303.9 da NCM/SH, c) 03.04, exceto os salmonídeos, atuns, bacalhaus, hadoque e saithe classificados nas subposições 0304.4, 0304.5, 0304.7, 0304.8 e 0304.9 da NCM/SH;NCM;03038955;DESTINADOS À ALIMENTAÇÃO HUMANA;Produtos das subposições e dos códigos 0302.1, 0302.3, 0302.51.00, 0302.52.00, 0302.53.00 e 0302.9 da NCM/SH, produtos das subposições e dos códigos 0303.1, 0303.4, 0303.63.00, 0303.64.00, 0303.65.00 e 0303.9 da NCM/SH, salmonídeos, atuns, bacalhaus, hadoque e saithe classificados nas subposições 0304.4, 0304.5, 0304.7, 0304.8 e 0304.9 da NCM/SH;PERMITIDO;;2026-01-01;;https://dfe-portal.svrs.rs.gov.br/DFE/TabelaClassificacaoTributaria
200003;I;Peixes e carnes de peixes (exceto salmonídeos, atuns, bacalhaus, hadoque, saithe e ovas e outros subprodutos) dos seguintes códigos, subposições e posições da NCM/SH: a) 03.02, exceto os produtos das subposições e dos códigos 0302.1, 0302.3, 0302.51.00, 0302.52.00, 0302.53.00 e 0302.9 da NCM/SH, b) 03.03, exceto os produtos das subposições e dos códigos 0303.1, 0303.4, 0303.63.00, 0303.64.00, 0303.65.00 e 0303.9 da NCM/SH, c) 03.04, exceto os salmonídeos, atuns, bacalhaus, hadoque e saithe classificados nas subposições 0304.4, 0304.5, 0304.7, 0304.8 e 0304.9 da NCM/SH;NCM;03031100;;Produtos das subposições e dos códigos 0302.1, 0302.3, 0302.51.00, 0302.52.00, 0302.53.00 e 0302.9 da NCM/SH, produtos das subposições e dos códigos 0303.1, 0303.4, 0303.63.00, 0303.64.00, 0303.65.00 e 0303.9 da NCM/SH, salmonídeos, atuns, bacalhaus, hadoque e saithe classificados nas subposições 0304.4, 0304.5, 0304.7, 0304.8 e 0304.9 da NCM/SH;VEDADO;;2026-01-01;;https://dfe-portal.svrs.rs.gov.br/DFE/TabelaClassificacaoTributaria
200003;I;Peixes e carnes de peixes (exceto salmonídeos, atuns, bacalhaus, hadoque, saithe e ovas e outros subprodutos) dos seguintes códigos, subposições e posições da NCM/SH: a) 03.02, exceto os produtos das subposições e dos códigos 0302.1, 0302.3, 0302.51.00, 0302.52.00, 0302.53.00 e 0302.9 da NCM/SH, b) 03.03, exceto os produtos das subposições e dos códigos 0303.1, 0303.4, 0303.63.00, 0303.64.00, 0303.65.00 e 0303.9 da NCM/SH, c) 03.04, exceto os salmonídeos, atuns, bacalhaus, hadoque e saithe classificados nas subposições 0304.4, 0304.5, 0304.7, 0304.8 e 0304.9 da NCM/SH;NCM;03038956;DESTINADOS À ALIMENTAÇÃO HUMANA;Produtos das subposições e dos códigos 0302.1, 0302.3, 0302.51.00, 0302.52.00, 0302.53.00 e 0302.9 da NCM/SH, produtos das subposições e dos códigos 0303.1, 0303.4, 0303.63.00, 0303.64.00, 0303.65.00 e 0303.9 da NCM/SH, salmonídeos, atuns, bacalhaus, hadoque e saithe classificados nas subposições 0304.4, 0304.5, 0304.7, 0304.8 e 0304.9 da NCM/SH;PERMITIDO;;2026-01-01;;https://dfe-portal.svrs.rs.gov.br/DFE/TabelaClassificacaoTributaria
200003;I;Peixes e carnes de peixes (exceto salmonídeos, atuns, bacalhaus, hadoque, saithe e ovas e outros subprodutos) dos seguintes códigos, subposições e posições da NCM/SH: a) 03.02, exceto os produtos das subposições e dos códigos 0302.1, 0302.3, 0302.51.00, 0302.52.00, 0302.53.00 e 0302.9 da NCM/SH, b) 03.03, exceto os produtos das subposições e dos códigos 0303.1, 0303.4, 0303.63.00, 0303.64.00, 0303.65.00 e 0303.9 da NCM/SH, c) 03.04, exceto os salmonídeos, atuns, bacalhaus, hadoque e saithe classificados nas subposições 0304.4, 0304.5, 0304.7, 0304.8 e 0304.9 da NCM/SH;NCM;03038961;DESTINADOS À ALIMENTAÇÃO HUMANA;Produtos das subposições e dos códigos 0302.1, 0302.3, 0302.51.00, 0302.52.00, 0302.53.00 e 0302.9 da NCM/SH, produtos das subposições e dos códigos 0303.1, 0303.4, 0303.63.00, 0303.64.00, 0303.65.00 e 0303.9 da NCM/SH, salmonídeos, atuns, bacalhaus, hadoque e saithe classificados nas subposições 0304.4, 0304.5, 0304.7, 0304.8 e 0304.9 da NCM/SH;PERMITIDO;;2026-01-01;;https://dfe-portal.svrs.rs.gov.br/DFE/TabelaClassificacaoTributaria
200003;I;Peixes e carnes de peixes (exceto salmonídeos, atuns, bacalhaus, hadoque, saithe e ovas e outros subprodutos) dos seguintes códigos, subposições e posições da NCM/SH: a) 03.02, exceto os produtos das subposições e dos códigos 0302.1, 0302.3, 0302.51.00, 0302.52.00, 0302.53.00 e 0302.9 da NCM/SH, b) 03.03, exceto os produtos das subposições e dos códigos 0303.1, 0303.4, 0303.63.00, 0303.64.00, 0303.65.00 e 0303.9 da NCM/SH, c) 03.04, exceto os salmonídeos, atuns, bacalhaus, hadoque e saithe classificados nas subposições 0304.4, 0304.5, 0304.7, 0304.8 e 0304.9 da NCM/SH;NCM;03038962;DESTINADOS À ALIMENTAÇÃO HUMANA;Produtos das subposições e dos códigos 0302.1, 0302.3, 0302.51.00, 0302.52.00, 0302.53.00 e 0302.9 da NCM/SH, produtos das subposições e dos códigos 0303.1, 0303.4, 0303.63.00, 0303.64.00, 0303.65.00 e 0303.9 da NCM/SH, salmonídeos, atuns, bacalhaus, hadoque e saithe classificados nas subposições 0304.4, 0304.5, 0304.7, 0304.8 e 0304.9 da NCM/SH;PERMITIDO;;2026-01-01;;https://dfe-portal.svrs.rs.gov.br/DFE/TabelaClassificacaoTributaria
200003;I;Peixes e carnes de peixes (exceto salmonídeos, atuns, bacalhaus, hadoque, saithe e ovas e outros subprodutos) dos seguintes códigos, subposições e posições da NCM/SH: a) 03.02, exceto os produtos das subposições e dos códigos 0302.1, 0302.3, 0302.51.00, 0302.52.00, 0302.53.00 e 0302.9 da NCM/SH, b) 03.03, exceto os produtos das subposições e dos códigos 0303.1, 0303.4, 0303.63.00, 0303.64.00, 0303.65.00 e 0303.9 da NCM/SH, c) 03.04, exceto os salmonídeos, atuns, bacalhaus, hadoque e saithe classificados nas subposições 0304.4, 0304.5, 0304.7, 0304.8 e 0304.9 da NCM/SH;NCM;03031900;;Produtos das subposições e dos códigos 0302.1, 0302.3, 0302.51.00, 0302.52.00, 0302.53.00 e 0302.9 da NCM/SH, produtos das subposições e dos códigos 0303.1, 0303.4, 0303.63.00, 0303.64.00, 0303.65.00 e 0303.9 da NCM/SH, salmonídeos, atuns, bacalhaus, hadoque e saithe classificados nas subposições 0304.4, 0304.5, 0304.7, 0304.8 e 0304.9 da NCM/SH;VEDADO;;2026-01-01;;https://dfe-portal.svrs.rs.gov.br/DFE/TabelaClassificacaoTributaria
200003;I;Peixes e carnes de peixes (exceto salmonídeos, atuns, bacalhaus, hadoque, saithe e ovas e outros subprodutos) dos seguintes códigos, subposições e posições da NCM/SH: a) 03.02, exceto os produtos das subposições e dos códigos 0302.1, 0302.3, 0302.51.00, 0302.52.00, 0302.53.00 e 0302.9 da NCM/SH, b) 03.03, exceto os produtos das subposições e dos códigos 0303.1, 0303.4, 0303.63.00, 0303.64.00, 0303.65.00 e 0303.9 da NCM/SH, c) 03.04, exceto os salmonídeos, atuns, bacalhaus, hadoque e saithe classificados nas subposições 0304.4, 0304.5, 0304.7, 0304.8 e 0304.9 da NCM/SH;NCM;03038963;DESTINADOS À ALIMENTAÇÃO HUMANA;Produtos das subposições e dos códigos 0302.1, 0302.3, 0302.51.00, 0302.52.00, 0302.53.00 e 0302.9 da NCM/SH, produtos das subposições e dos códigos 0303.1, 0303.4, 0303.63.00, 0303.64.00, 0303.65.00 e 0303.9 da NCM/SH, salmonídeos, atuns, bacalhaus, hadoque e saithe classificados nas subposições 0304.4, 0304.5, 0304.7, 0304.8 e 0304.9 da NCM/SH;PERMITIDO;;2026-01-01;;https://dfe-portal.svrs.rs.gov.br/DFE/TabelaClassificacaoTributaria
200003;I;Peixes e carnes de peixes (exceto salmonídeos, atuns, bacalhaus, hadoque, saithe e ovas e outros subprodutos) dos seguintes códigos, subposições e posições da NCM/SH: a) 03.02, exceto os produtos das subposições e dos códigos 0302.1, 0302.3, 0302.51.00, 0302.52.00, 0302.53.00 e 0302.9 da NCM/SH, b) 03.03, exceto os produtos das subposições e dos códigos 0303.1, 0303.4, 0303.63.00, 0303.64.00, 0303.65.00 e 0303.9 da NCM/SH, c) 03.04, exceto os salmonídeos, atuns, bacalhaus, hadoque e saithe classificados nas subposições 0304.4, 0304.5, 0304.7, 0304.8 e 0304.9 da NCM/SH;NCM;03038964;DESTINADOS À ALIMENTAÇÃO HUMANA;Produtos das subposições e dos códigos 0302.1, 0302.3, 0302.51.00, 0302.52.00, 0302.53.00 e 0302.9 da NCM/SH, produtos das subposições e dos códigos 0303.1, 0303.4, 0303.63.00, 0303.64.00, 0303.65.00 e 0303.9 da NCM/SH, salmonídeos, atuns, bacalhaus, hadoque e saithe classificados nas subposições 0304.4, 0304.5, 0304.7, 0304.8 e 0304.9 da NCM/SH;PERMITIDO;;2026-01-01;;https://dfe-portal.svrs.rs.gov.br/DFE/TabelaClassificacaoTributaria
200003;I;Peixes e carnes de peixes (exceto salmonídeos, atuns, bacalhaus, hadoque, saithe e ovas e outros subprodutos) dos seguintes códigos, subposições e posições da NCM/SH: a) 03.02, exceto os produtos das subposições e dos códigos 0302.1, 0302.3, 0302.51.00, 0302.52.00, 0302.53.00 e 0302.9 da NCM/SH, b) 03.03, exceto os produtos das subposições e dos códigos 0303.1, 0303.4, 0303.63.00, 0303.64.00, 0303.65.00 e 0303.9 da NCM/SH, c) 03.04, exceto os salmonídeos, atuns, bacalhaus, hadoque e saithe classificados nas subposições 0304.4, 0304.5, 0304.7, 0304.8 e 0304.9 da NCM/SH;NCM;03038965;DESTINADOS À ALIMENTAÇÃO HUMANA;Produtos das subposições e dos códigos 0302.1, 0302.3, 0302.51.00, 0302.52.00, 0302.53.00 e 0302.9 da NCM/SH, produtos das subposições e dos códigos 0303.1, 0303.4, 0303.63.00, 0303.64.00, 0303.65.00 e 0303.9 da NCM/SH, salmonídeos, atuns, bacalhaus, hadoque e saithe classificados nas subposições 0304.4, 0304.5, 0304.7, 0304.8 e 0304.9 da NCM/SH;PERMITIDO;;2026-01-01;;https://dfe-portal.svrs.rs.gov.br/DFE/TabelaClassificacaoTributaria
200003;I;Peixes e carnes de peixes (exceto salmonídeos, atuns, bacalhaus, hadoque, saithe e ovas e outros subprodutos) dos seguintes códigos, subposições e posições da NCM/SH: a) 03.02, exceto os produtos das subposições e dos códigos 0302.1, 0302.3, 0302.51.00, 0302.52.00, 0302.53.00 e 0302.9 da NCM/SH, b) 03.03, exceto os produtos das subposições e dos códigos 0303.1, 0303.4, 0303.63.00, 0303.64.00, 0303.65.00 e 0303.9 da NCM/SH, c) 03.04, exceto os salmonídeos, atuns, bacalhaus, hadoque e saithe classificados nas subposições 0304.4, 0304.5, 0304.7, 0304.8 e 0304.9 da NCM/SH;NCM;03039910;;Produtos das subposições e dos códigos 0302.1, 0302.3, 0302.51.00, 0302.52.00, 0302.53.00 e 0302.9 da NCM/SH, produtos das subposições e dos códigos 0303.1, 0303.4, 0303.63.00, 0303.64.00, 0303.65.00 e 0303.9 da NCM/SH, salmonídeos, atuns, bacalhaus, hadoque e saithe classificados nas subposições 0304.4, 0304.5, 0304.7, 0304.8 e 0304.9 da NCM/SH;VEDADO;;2026-01-01;;https://dfe-portal.svrs.rs.gov.br/DFE/TabelaClassificacaoTributaria
200003;I;Peixes e carnes de peixes (exceto salmonídeos, atuns, bacalhaus, hadoque, saithe e ovas e outros subprodutos) dos seguintes códigos, subposições e posições da NCM/SH: a) 03.02, exceto os produtos das subposições e dos códigos 0302.1, 0302.3, 0302.51.00, 0302.52.00, 0302.53.00 e 0302.9 da NCM/SH, b) 03.03, exceto os produtos das subposições e dos códigos 0303.1, 0303.4, 0303.63.00, 0303.64.00, 0303.65.00 e 0303.9 da NCM/SH, c) 03.04, exceto os salmonídeos, atuns, bacalhaus, hadoque e saithe classificados nas subposições 0304.4, 0304.5, 0304.7, 0304.8 e 0304.9 da NCM/SH;NCM;03038990;DESTINADOS À ALIMENTAÇÃO HUMANA;Produtos das subposições e dos códigos 0302.1, 0302.3, 0302.51.00, 0302.52.00, 0302.53.00 e 0302.9 da NCM/SH, produtos das subposições e dos códigos 0303.1, 0303.4, 0303.63.00, 0303.64.00, 0303.65.00 e 0303.9 da NCM/SH, salmonídeos, atuns, bacalhaus, hadoque e saithe classificados nas subposições 0304.4, 0304.5, 0304.7, 0304.8 e 0304.9 da NCM/SH;PERMITIDO;;2026-01-01;;https://dfe-portal.svrs.rs.gov.br/DFE/TabelaClassificacaoTributaria
200003;I;Peixes e carnes de peixes (exceto salmonídeos, atuns, bacalhaus, hadoque, saithe e ovas e outros subprodutos) dos seguintes códigos, subposições e posições da NCM/SH: a) 03.02, exceto os produtos das subposições e dos códigos 0302.1, 0302.3, 0302.51.00, 0302.52.00, 0302.53.00 e 0302.9 da NCM/SH, b) 03.03, exceto os produtos das subposições e dos códigos 0303.1, 0303.4, 0303.63.00, 0303.64.00, 0303.65.00 e 0303.9 da NCM/SH, c) 03.04, exceto os salmonídeos, atuns, bacalhaus, hadoque e saithe classificados nas subposições 0304.4, 0304.5, 0304.7, 0304.8 e 0304.9 da NCM/SH;NCM;03031200;;Produtos das subposições e dos códigos 0302.1, 0302.3, 0302.51.00, 0302.52.00, 0302.53.00 e 0302.9 da NCM/SH, produtos das subposições e dos códigos 0303.1, 0303.4, 0303.63.00, 0303.64.00, 0303.65.00 e 0303.9 da NCM/SH, salmonídeos, atuns, bacalhaus, hadoque e saithe classificados nas subposições 0304.4, 0304.5, 0304.7, 0304.8 e 0304.9 da NCM/SH;VEDADO;;2026-01-01;;https://dfe-portal.svrs.rs.gov.br/DFE/TabelaClassificacaoTributaria
200003;I;Peixes e carnes de peixes (exceto salmonídeos, atuns, bacalhaus, hadoque, saithe e ovas e outros subprodutos) dos seguintes códigos, subposições e posições da NCM/SH: a) 03.02, exceto os produtos das subposições e dos códigos 0302.1, 0302.3, 0302.51.00, 0302.52.00, 0302.53.00 e 0302.9 da NCM/SH, b) 03.03, exceto os produtos das subposições e dos códigos 0303.1, 0303.4, 0303.63.00, 0303.64.00, 0303.65.00 e 0303.9 da NCM/SH, c) 03.04, exceto os salmonídeos, atuns, bacalhaus, hadoque e saithe classificados nas subposições 0304.4, 0304.5, 0304.7, 0304.8 e 0304.9 da NCM/SH;NCM;03031400;;Produtos das subposições e dos códigos 0302.1, 0302.3, 0302.51.00, 0302.52.00, 0302.53.00 e 0302.9 da NCM/SH, produtos das subposições e dos códigos 0303.1, 0303.4, 0303.63.00, 0303.64.00, 0303.65.00 e 0303.9 da NCM/SH, salmonídeos, atuns, bacalhaus, hadoque e saithe classificados nas subposições 0304.4, 0304.5, 0304.7, 0304.8 e 0304.9 da NCM/SH;VEDADO;;2026-01-01;;https://dfe-portal.svrs.rs.gov.br/DFE/TabelaClassificacaoTributaria
200003;I;Peixes e carnes de peixes (exceto salmonídeos, atuns, bacalhaus, hadoque, saithe e ovas e outros subprodutos) dos seguintes códigos, subposições e posições da NCM/SH: a) 03.02, exceto os produtos das subposições e dos códigos 0302.1, 0302.3, 0302.51.00, 0302.52.00, 0302.53.00 e 0302.9 da NCM/SH, b) 03.03, exceto os produtos das subposições e dos códigos 0303.1, 0303.4, 0303.63.00, 0303.64.00, 0303.65.00 e 0303.9 da NCM/SH, c) 03.04, exceto os salmonídeos, atuns, bacalhaus, hadoque e saithe classificados nas subposições 0304.4, 0304.5, 0304.7, 0304.8 e 0304.9 da NCM/SH;NCM;03044800;;Produtos das subposições e dos códigos 0302.1, 0302.3, 0302.51.00, 0302.52.00, 0302.53.00 e 0302.9 da NCM/SH, produtos das subposições e dos códigos 0303.1, 0303.4, 0303.63.00, 0303.64.00, 0303.65.00 e 0303.9 da NCM/SH, salmonídeos, atuns, bacalhaus, hadoque e saithe classificados nas subposições 0304.4, 0304.5, 0304.7, 0304.8 e 0304.9 da NCM/SH;VEDADO;;2026-01-01;;https://dfe-portal.svrs.rs.gov.br/DFE/TabelaClassificacaoTributaria
200003;I;Peixes e carnes de peixes (exceto salmonídeos, atuns, bacalhaus, hadoque, saithe e ovas e outros subprodutos) dos seguintes códigos, subposições e posições da NCM/SH: a) 03.02, exceto os produtos das subposições e dos códigos 0302.1, 0302.3, 0302.51.00, 0302.52.00, 0302.53.00 e 0302.9 da NCM/SH, b) 03.03, exceto os produtos das subposições e dos códigos 0303.1, 0303.4, 0303.63.00, 0303.64.00, 0303.65.00 e 0303.9 da NCM/SH, c) 03.04, exceto os salmonídeos, atuns, bacalhaus, hadoque e saithe classificados nas subposições 0304.4, 0304.5, 0304.7, 0304.8 e 0304.9 da NCM/SH;NCM;03034100;;Produtos das subposições e dos códigos 0302.1, 0302.3, 0302.51.00, 0302.52.00, 0302.53.00 e 0302.9 da NCM/SH, produtos das subposições e dos códigos 0303.1, 0303.4, 0303.63.00, 0303.64.00, 0303.65.00 e 0303.9 da NCM/SH, salmonídeos, atuns, bacalhaus, hadoque e saithe classificados nas subposições 0304.4, 0304.5, 0304.7, 0304.8 e 0304.9 da NCM/SH;VEDADO;;2026-01-01;;https://dfe-portal.svrs.rs.gov.br/DFE/TabelaClassificacaoTributaria
200003;I;Peixes e carnes de peixes (exceto salmonídeos, atuns, bacalhaus, hadoque, saithe e ovas e outros subprodutos) dos seguintes códigos, subposições e posições da NCM/SH: a) 03.02, exceto os produtos das subposições e dos códigos 0302.1, 0302.3, 0302.51.00, 0302.52.00, 0302.53.00 e 0302.9 da NCM/SH, b) 03.03, exceto os produtos das subposições e dos códigos 0303.1, 0303.4, 0303.63.00, 0303.64.00, 0303.65.00 e 0303.9 da NCM/SH, c) 03.04, exceto os salmonídeos, atuns, bacalhaus, hadoque e saithe classificados nas subposições 0304.4, 0304.5, 0304.7, 0304.8 e 0304.9 da NCM/SH;NCM;03034200;;Produtos das subposições e dos códigos 0302.1, 0302.3, 0302.51.00, 0302.52.00, 0302.53.00 e 0302.9 da NCM/SH, produtos das subposições e dos códigos 0303.1, 0303.4, 0303.63.00, 0303.64.00, 0303.65.00 e 0303.9 da NCM/SH, salmonídeos, atuns, bacalhaus, hadoque e saithe classificados nas subposições 0304.4, 0304.5, 0304.7, 0304.8 e 0304.9 da NCM/SH;VEDADO;;2026-01-01;;https://dfe-portal.svrs.rs.gov.br/DFE/TabelaClassificacaoTributaria
200003;I;Peixes e carnes de peixes (exceto salmonídeos, atuns, bacalhaus, hadoque, saithe e ovas e outros subprodutos) dos seguintes códigos, subposições e posições da NCM/SH: a) 03.02, exceto os produtos das subposições e dos códigos 0302.1, 0302.3, 0302.51.00, 0302.52.00, 0302.53.00 e 0302.9 da NCM/SH, b) 03.03, exceto os produtos das subposições e dos códigos 0303.1, 0303.4, 0303.63.00, 0303.64.00, 0303.65.00 e 0303.9 da NCM/SH, c) 03.04, exceto os salmonídeos, atuns, bacalhaus, hadoque e saithe classificados nas subposições 0304.4, 0304.5, 0304.7, 0304.8 e 0304.9 da NCM/SH;NCM;03034300;;Produtos das subposições e dos códigos 0302.1, 0302.3, 0302.51.00, 0302.52.00, 0302.53.00 e 0302.9 da NCM/SH, produtos das subposições e dos códigos 0303.1, 0303.4, 0303.63.00, 0303.64.00, 0303.65.00 e 0303.9 da NCM/SH, salmonídeos, atuns, bacalhaus, hadoque e saithe classificados nas subposições 0304.4, 0304.5, 0304.7, 0304.8 e 0304.9 da NCM/SH;VEDADO;;2026-01-01;;https://dfe-portal.svrs.rs.gov.br/DFE/TabelaClassificacaoTributaria
200003;I;Peixes e carnes de peixes (exceto salmonídeos, atuns, bacalhaus, hadoque, saithe e ovas e outros subprodutos) dos seguintes códigos, subposições e posições da NCM/SH: a) 03.02, exceto os produtos das subposições e dos códigos 0302.1, 0302.3, 0302.51.00, 0302.52.00, 0302.53.00 e 0302.9 da NCM/SH, b) 03.03, exceto os produtos das subposições e dos códigos 0303.1, 0303.4, 0303.63.00, 0303.64.00, 0303.65.00 e 0303.9 da NCM/SH, c) 03.04, exceto os salmonídeos, atuns, bacalhaus, hadoque e saithe classificados nas subposições 0304.4, 0304.5, 0304.7, 0304.8 e 0304.9 da NCM/SH;NCM;03034900;;Produtos das subposições e dos códigos 0302.1, 0302.3, 0302.51.00, 0302.52.00, 0302.53.00 e 0302.9 da NCM/SH, produtos das subposições e dos códigos 0303.1, 0303.4, 0303.63.00, 0303.64.00, 0303.65.00 e 0303.9 da NCM/SH, salmonídeos, atuns, bacalhaus, hadoque e saithe classificados nas subposições 0304.4, 0304.5, 0304.7, 0304.8 e 0304.9 da NCM/SH;VEDADO;;2026-01-01;;https://dfe-portal.svrs.rs.gov.br/DFE/TabelaClassificacaoTributaria
200003;I;Peixes e carnes de peixes (exceto salmonídeos, atuns, bacalhaus, hadoque, saithe e ovas e outros subprodutos) dos seguintes códigos, subposições e posições da NCM/SH: a) 03.02, exceto os produtos das subposições e dos códigos 0302.1, 0302.3, 0302.51.00, 0302.52.00, 0302.53.00 e 0302.9 da NCM/SH, b) 03.03, exceto os produtos das subposições e dos códigos 0303.1, 0303.4, 0303.63.00, 0303.64.00, 0303.65.00 e 0303.9 da NCM/SH, c) 03.04, exceto os salmonídeos, atuns, bacalhaus, hadoque e saithe classificados nas subposições 0304.4, 0304.5, 0304.7, 0304.8 e 0304.9 da NCM/SH;NCM;03039190;;Produtos das subposições e dos códigos 0302.1, 0302.3, 0302.51.00, 0302.52.00, 0302.53.00 e 0302.9 da NCM/SH, produtos das subposições e dos códigos 0303.1, 0303.4, 0303.63.00, 0303.64.00, 0303.65.00 e 0303.9 da NCM/SH, salmonídeos, atuns, bacalhaus, hadoque e saithe classificados nas subposições 0304.4, 0304.5, 0304.7, 0304.8 e 0304.9 da NCM/SH;VEDADO;;2026-01-01;;https://dfe-portal.svrs.rs.gov.br/DFE/TabelaClassificacaoTributaria
200003;I;Peixes e carnes de peixes (exceto salmonídeos, atuns, bacalhaus, hadoque, saithe e ovas e outros subprodutos) dos seguintes códigos, subposições e posições da NCM/SH: a) 03.02, exceto os produtos das subposições e dos códigos 0302.1, 0302.3, 0302.51.00, 0302.52.00, 0302.53.00 e 0302.9 da NCM/SH, b) 03.03, exceto os produtos das subposições e dos códigos 0303.1, 0303.4, 0303.63.00, 0303.64.00, 0303.65.00 e 0303.9 da NCM/SH, c) 03.04, exceto os salmonídeos, atuns, bacalhaus, hadoque e saithe classificados nas subposições 0304.4, 0304.5, 0304.7, 0304.8 e 0304.9 da NCM/SH;NCM;03034400;;Produtos das subposições e dos códigos 0302.1, 0302.3, 0302.51.00, 0302.52.00, 0302.53.00 e 0302.9 da NCM/SH, produtos das subposições e dos códigos 0303.1, 0303.4, 0303.63.00, 0303.64.00, 0303.65.00 e 0303.9 da NCM/SH, salmonídeos, atuns, bacalhaus, hadoque e saithe classificados nas subposições 0304.4, 0304.5, 0304.7, 0304.8 e 0304.9 da NCM/SH;VEDADO;;2026-01-01;;https://dfe-portal.svrs.rs.gov.br/DFE/TabelaClassificacaoTributaria
200003;I;Peixes e carnes de peixes (exceto salmonídeos, atuns, bacalhaus, hadoque, saithe e ovas e outros subprodutos) dos seguintes códigos, subposições e posições da NCM/SH: a) 03.02, exceto os produtos das subposições e dos códigos 0302.1, 0302.3, 0302.51.00, 0302.52.00, 0302.53.00 e 0302.9 da NCM/SH, b) 03.03, exceto os produtos das subposições e dos códigos 0303.1, 0303.4, 0303.63.00, 0303.64.00, 0303.65.00 e 0303.9 da NCM/SH, c) 03.04, exceto os salmonídeos, atuns, bacalhaus, hadoque e saithe classificados nas subposições 0304.4, 0304.5, 0304.7, 0304.8 e 0304.9 da NCM/SH;NCM;03034500;;Produtos das subposições e dos códigos 0302.1, 0302.3, 0302.51.00, 0302.52.00, 0302.53.00 e 0302.9 da NCM/SH, produtos das subposições e dos códigos 0303.1, 0303.4, 0303.63.00, 0303.64.00, 0303.65.00 e 0303.9 da NCM/SH, salmonídeos, atuns, bacalhaus, hadoque e saithe classificados nas subposições 0304.4, 0304.5, 0304.7, 0304.8 e 0304.9 da NCM/SH;VEDADO;;2026-01-01;;https://dfe-portal.svrs.rs.gov.br/DFE/TabelaClassificacaoTributaria
200003;I;Peixes e carnes de peixes (exceto salmonídeos, atuns, bacalhaus, hadoque, saithe e ovas e outros subprodutos) dos seguintes códigos, subposições e posições da NCM/SH: a) 03.02, exceto os produtos das subposições e dos códigos 0302.1, 0302.3, 0302.51.00, 0302.52.00, 0302.53.00 e 0302.9 da NCM/SH, b) 03.03, exceto os produtos das subposições e dos códigos 0303.1, 0303.4, 0303.63.00, 0303.64.00, 0303.65.00 e 0303.9 da NCM/SH, c) 03.04, exceto os salmonídeos, atuns, bacalhaus, hadoque e saithe classificados nas subposições 0304.4, 0304.5, 0304.7, 0304.8 e 0304.9 da NCM/SH;NCM;03034600;;Produtos das subposições e dos códigos 0302.1, 0302.3, 0302.51.00, 0302.52.00, 0302.53.00 e 0302.9 da NCM/SH, produtos das subposições e dos códigos 0303.1, 0303.4, 0303.63.00, 0303.64.00, 0303.65.00 e 0303.9 da NCM/SH, salmonídeos, atuns, bacalhaus, hadoque e saithe classificados nas subposições 0304.4, 0304.5, 0304.7, 0304.8 e 0304.9 da NCM/SH;VEDADO;;2026-01-01;;https://dfe-portal.svrs.rs.gov.br/DFE/TabelaClassificacaoTributaria
200003;I;Peixes e carnes de peixes (exceto salmonídeos, atuns, bacalhaus, hadoque, saithe e ovas e outros subprodutos) dos seguintes códigos, subposições e posições da NCM/SH: a) 03.02, exceto os produtos das subposições e dos códigos 0302.1, 0302.3, 0302.51.00, 0302.52.00, 0302.53.00 e 0302.9 da NCM/SH, b) 03.03, exceto os produtos das subposições e dos códigos 0303.1, 0303.4, 0303.63.00, 0303.64.00, 0303.65.00 e 0303.9 da NCM/SH, c) 03.04, exceto os salmonídeos, atuns, bacalhaus, hadoque e saithe classificados nas subposições 0304.4, 0304.5, 0304.7, 0304.8 e 0304.9 da NCM/SH;NCM;03039990;;Produtos das subposições e dos códigos 0302.1, 0302.3, 0302.51.00, 0302.52.00, 0302.53.00 e 0302.9 da NCM/SH, produtos das subposições e dos códigos 0303.1, 0303.4, 0303.63.00, 0303.64.00, 0303.65.00 e 0303.9 da NCM/SH, salmonídeos, atuns, bacalhaus, hadoque e saithe classificados nas subposições 0304.4, 0304.5, 0304.7, 0304.8 e 0304.9 da NCM/SH;VEDADO;;2026-01-01;;https://dfe-portal.svrs.rs.gov.br/DFE/TabelaClassificacaoTributaria
200003;I;Peixes e carnes de peixes (exceto salmonídeos, atuns, bacalhaus, hadoque, saithe e ovas e outros subprodutos) dos seguintes códigos, subposições e posições da NCM/SH: a) 03.02, exceto os produtos das subposições e dos códigos 0302.1, 0302.3, 0302.51.00, 0302.52.00, 0302.53.00 e 0302.9 da NCM/SH, b) 03.03, exceto os produtos das subposições e dos códigos 0303.1, 0303.4, 0303.63.00, 0303.64.00, 0303.65.00 e 0303.9 da NCM/SH, c) 03.04, exceto os salmonídeos, atuns, bacalhaus, hadoque e saithe classificados nas subposições 0304.4, 0304.5, 0304.7, 0304.8 e 0304.9 da NCM/SH;NCM;03044300;;Produtos das subposições e dos códigos 0302.1, 0302.3, 0302.51.00, 0302.52.00, 0302.53.00 e 0302.9 da NCM/SH, produtos das subposições e dos códigos 0303.1, 0303.4, 0303.63.00, 0303.64.00, 0303.65.00 e 0303.9 da NCM/SH, salmonídeos, atuns, bacalhaus, hadoque e saithe classificados nas subposições 0304.4, 0304.5, 0304.7, 0304.8 e 0304.9 da NCM/SH;VEDADO;;2026-01-01;;https://dfe-portal.svrs.rs.gov.br/DFE/TabelaClassificacaoTributaria
200003;I;Peixes e carnes de peixes (exceto salmonídeos, atuns, bacalhaus, hadoque, saithe e ovas e outros subprodutos) dos seguintes códigos, subposições e posições da NCM/SH: a) 03.02, exceto os produtos das subposições e dos códigos 0302.1, 0302.3, 0302.51.00, 0302.52.00, 0302.53.00 e 0302.9 da NCM/SH, b) 03.03, exceto os produtos das subposições e dos códigos 0303.1, 0303.4, 0303.63.00, 0303.64.00, 0303.65.00 e 0303.9 da NCM/SH, c) 03.04, exceto os salmonídeos, atuns, bacalhaus, hadoque e saithe classificados nas subposições 0304.4, 0304.5, 0304.7, 0304.8 e 0304.9 da NCM/SH;NCM;03036300;;Produtos das subposições e dos códigos 0302.1, 0302.3, 0302.51.00, 0302.52.00, 0302.53.00 e 0302.9 da NCM/SH, produtos das subposições e dos códigos 0303.1, 0303.4, 0303.63.00, 0303.64.00, 0303.65.00 e 0303.9 da NCM/SH, salmonídeos, atuns, bacalhaus, hadoque e saithe classificados nas subposições 0304.4, 0304.5, 0304.7, 0304.8 e 0304.9 da NCM/SH;VEDADO;;2026-01-01;;https://dfe-portal.svrs.rs.gov.br/DFE/TabelaClassificacaoTributaria
200003;I;Peixes e carnes de peixes (exceto salmonídeos, atuns, bacalhaus, hadoque, saithe e ovas e outros subprodutos) dos seguintes códigos, subposições e posições da NCM/SH: a) 03.02, exceto os produtos das subposições e dos códigos 0302.1, 0302.3, 0302.51.00, 0302.52.00, 0302.53.00 e 0302.9 da NCM/SH, b) 03.03, exceto os produtos das subposições e dos códigos 0303.1, 0303.4, 0303.63.00, 0303.64.00, 0303.65.00 e 0303.9 da NCM/SH, c) 03.04, exceto os salmonídeos, atuns, bacalhaus, hadoque e saithe classificados nas subposições 0304.4, 0304.5, 0304.7, 0304.8 e 0304.9 da NCM/SH;NCM;03036400;;Produtos das subposições e dos códigos 0302.1, 0302.3, 0302.51.00, 0302.52.00, 0302.53.00 e 0302.9 da NCM/SH, produtos das subposições e dos códigos 0303.1, 0303.4, 0303.63.00, 0303.64.00, 0303.65.00 e 0303.9 da NCM/SH, salmonídeos, atuns, bacalhaus, hadoque e saithe classificados nas subposições 0304.4, 0304.5, 0304.7, 0304.8 e 0304.9 da NCM/SH;VEDADO;;2026-01-01;;https://dfe-portal.svrs.rs.gov.br/DFE/TabelaClassificacaoTributaria
200003;I;Peixes e carnes de peixes (exceto salmonídeos, atuns, bacalhaus, hadoque, saithe e ovas e outros subprodutos) dos seguintes códigos, subposições e posições da NCM/SH: a) 03.02, exceto os produtos das subposições e dos códigos 0302.1, 0302.3, 0302.51.00, 0302.52.00, 0302.53.00 e 0302.9 da NCM/SH, b) 03.03, exceto os produtos das subposições e dos códigos 0303.1, 0303.4, 0303.63.00, 0303.64.00, 0303.65.00 e 0303.9 da NCM/SH, c) 03.04, exceto os salmonídeos, atuns, bacalhaus, hadoque e saithe classificados nas subposições 0304.4, 0304.5, 0304.7, 0304.8 e 0304.9 da NCM/SH;NCM;03036500;;Produtos das subposições e dos códigos 0302.1, 0302.3, 0302.51.00, 0302.52.00, 0302.53.00 e 0302.9 da NCM/SH, produtos das subposições e dos códigos 0303.1, 0303.4, 0303.63.00, 0303.64.00, 0303.65.00 e 0303.9 da NCM/SH, salmonídeos, atuns, bacalhaus, hadoque e saithe classificados nas subposições 0304.4, 0304.5, 0304.7, 0304.8 e 0304.9 da NCM/SH;VEDADO;;2026-01-01;;https://dfe-portal.svrs.rs.gov.br/DFE/TabelaClassificacaoTributaria
200003;I;Peixes e carnes de peixes (exceto salmonídeos, atuns, bacalhaus, hadoque, saithe e ovas e outros subprodutos) dos seguintes códigos, subposições e posições da NCM/SH: a) 03.02, exceto os produtos das subposições e dos códigos 0302.1, 0302.3, 0302.51.00, 0302.52.00, 0302.53.00 e 0302.9 da NCM/SH, b) 03.03, exceto os produtos das subposições e dos códigos 0303.1, 0303.4, 0303.63.00, 0303.64.00, 0303.65.00 e 0303.9 da NCM/SH, c) 03.04, exceto os salmonídeos, atuns, bacalhaus, hadoque e saithe classificados nas subposições 0304.4, 0304.5, 0304.7, 0304.8 e 0304.9 da NCM/SH;NCM;03045700;;Produtos das subposições e dos códigos 0302.1, 0302.3, 0302.51.00, 0302.52.00, 0302.53.00 e 0302.9 da NCM/SH, produtos das subposições e dos códigos 0303.1, 0303.4, 0303.63.00, 0303.64.00, 0303.65.00 e 0303.9 da NCM/SH, salmonídeos, atuns, bacalhaus, hadoque e saithe classificados nas subposições 0304.4, 0304.5, 0304.7, 0304.8 e 0304.9 da NCM/SH;VEDADO;;2026-01-01;;https://dfe-portal.svrs.rs.gov.br/DFE/TabelaClassificacaoTributaria
200003;I;Peixes e carnes de peixes (exceto salmonídeos, atuns, bacalhaus, hadoque, saithe e ovas e outros subprodutos) dos seguintes códigos, subposições e posições da NCM/SH: a) 03.02, exceto os produtos das subposições e dos códigos 0302.1, 0302.3, 0302.51.00, 0302.52.00, 0302.53.00 e 0302.9 da NCM/SH, b) 03.03, exceto os produtos das subposições e dos códigos 0303.1, 0303.4, 0303.63.00, 0303.64.00, 0303.65.00 e 0303.9 da NCM/SH, c) 03.04, exceto os salmonídeos, atuns, bacalhaus, hadoque e saithe classificados nas subposições 0304.4, 0304.5, 0304.7, 0304.8 e 0304.9 da NCM/SH;NCM;03039110;;Produtos das subposições e dos códigos 0302.1, 0302.3, 0302.51.00, 0302.52.00, 0302.53.00 e 0302.9 da NCM/SH, produtos das subposições e dos códigos 0303.1, 0303.4, 0303.63.00, 0303.64.00, 0303.65.00 e 0303.9 da NCM/SH, salmonídeos, atuns, bacalhaus, hadoque e saithe classificados nas subposições 0304.4, 0304.5, 0304.7, 0304.8 e 0304.9 da NCM/SH;VEDADO;;2026-01-01;;https://dfe-portal.svrs.rs.gov.br/DFE/TabelaClassificacaoTributaria
200003;I;Peixes e carnes de peixes (exceto salmonídeos, atuns, bacalhaus, hadoque, saithe e ovas e outros subprodutos) dos seguintes códigos, subposições e posições da NCM/SH: a) 03.02, exceto os produtos das subposições e dos códigos 0302.1, 0302.3, 0302.51.00, 0302.52.00, 0302.53.00 e 0302.9 da NCM/SH, b) 03.03, exceto os produtos das subposições e dos códigos 0303.1, 0303.4, 0303.63.00, 0303.64.00, 0303.65.00 e 0303.9 da NCM/SH, c) 03.04, exceto os salmonídeos, atuns, bacalhaus, hadoque e saithe classificados nas subposições 0304.4, 0304.5, 0304.7, 0304.8 e 0304.9 da NCM/SH;NCM;03043100;DESTINADOS À ALIMENTAÇÃO HUMANA;Produtos das subposições e dos códigos 0302.1, 0302.3, 0302.51.00, 0302.52.00, 0302.53.00 e 0302.9 da NCM/SH, produtos das subposições e dos códigos 0303.1, 0303.4, 0303.63.00, 0303.64.00, 0303.65.00 e 0303.9 da NCM/SH, salmonídeos, atuns, bacalhaus, hadoque e saithe classificados nas subposições 0304.4, 0304.5, 0304.7, 0304.8 e 0304.9 da NCM/SH;PERMITIDO;;2026-01-01;;https://dfe-portal.svrs.rs.gov.br/DFE/TabelaClassificacaoTributaria
200003;I;Peixes e carnes de peixes (exceto salmonídeos, atuns, bacalhaus, hadoque, saithe e ovas e outros subprodutos) dos seguintes códigos, subposições e posições da NCM/SH: a) 03.02, exceto os produtos das subposições e dos códigos 0302.1, 0302.3, 0302.51.00, 0302.52.00, 0302.53.00 e 0302.9 da NCM/SH, b) 03.03, exceto os produtos das subposições e dos códigos 0303.1, 0303.4, 0303.63.00, 0303.64.00, 0303.65.00 e 0303.9 da NCM/SH, c) 03.04, exceto os salmonídeos, atuns, bacalhaus, hadoque e saithe classificados nas subposições 0304.4, 0304.5, 0304.7, 0304.8 e 0304.9 da NCM/SH;NCM;03043210;DESTINADOS À ALIMENTAÇÃO HUMANA;Produtos das subposições e dos códigos 0302.1, 0302.3, 0302.51.00, 0302.52.00, 0302.53.00 e 0302.9 da NCM/SH, produtos das subposições e dos códigos 0303.1, 0303.4, 0303.63.00, 0303.64.00, 0303.65.00 e 0303.9 da NCM/SH, salmonídeos, atuns, bacalhaus, hadoque e saithe classificados nas subposições 0304.4, 0304.5, 0304.7, 0304.8 e 0304.9 da NCM/SH;PERMITIDO;;2026-01-01;;https://dfe-portal.svrs.rs.gov.br/DFE/TabelaClassificacaoTributaria
200003;I;Peixes e carnes de peixes (exceto salmonídeos, atuns, bacalhaus, hadoque, saithe e ovas e outros subprodutos) dos seguintes códigos, subposições e posições da NCM/SH: a) 03.02, exceto os produtos das subposições e dos códigos 0302.1, 0302.3, 0302.51.00, 0302.52.00, 0302.53.00 e 0302.9 da NCM/SH, b) 03.03, exceto os produtos das subposições e dos códigos 0303.1, 0303.4, 0303.63.00, 0303.64.00, 0303.65.00 e 0303.9 da NCM/SH, c) 03.04, exceto os salmonídeos, atuns, bacalhaus, hadoque e saithe classificados nas subposições 0304.4, 0304.5, 0304.7, 0304.8 e 0304.9 da NCM/SH;NCM;03044920;;Produtos das subposições e dos códigos 0302.1, 0302.3, 0302.51.00, 0302.52.00, 0302.53.00 e 0302.9 da NCM/SH, produtos das subposições e dos códigos 0303.1, 0303.4, 0303.63.00, 0303.64.00, 0303.65.00 e 0303.9 da NCM/SH, salmonídeos, atuns, bacalhaus, hadoque e saithe classificados nas subposições 0304.4, 0304.5, 0304.7, 0304.8 e 0304.9 da NCM/SH;VEDADO;;2026-01-01;;https://dfe-portal.svrs.rs.gov.br/DFE/TabelaClassificacaoTributaria
200003;I;Peixes e carnes de peixes (exceto salmonídeos, atuns, bacalhaus, hadoque, saithe e ovas e outros subprodutos) dos seguintes códigos, subposições e posições da NCM/SH: a) 03.02, exceto os produtos das subposições e dos códigos 0302.1, 0302.3, 0302.51.00, 0302.52.00, 0302.53.00 e 0302.9 da NCM/SH, b) 03.03, exceto os produtos das subposições e dos códigos 0303.1, 0303.4, 0303.63.00, 0303.64.00, 0303.65.00 e 0303.9 da NCM/SH, c) 03.04, exceto os salmonídeos, atuns, bacalhaus, hadoque e saithe classificados nas subposições 0304.4, 0304.5, 0304.7, 0304.8 e 0304.9 da NCM/SH;NCM;03043290;DESTINADOS À ALIMENTAÇÃO HUMANA;Produtos das subposições e dos códigos 0302.1, 0302.3, 0302.51.00, 0302.52.00, 0302.53.00 e 0302.9 da NCM/SH, produtos das subposições e dos códigos 0303.1, 0303.4, 0303.63.00, 0303.64.00, 0303.65.00 e 0303.9 da NCM/SH, salmonídeos, atuns, bacalhaus, hadoque e saithe classificados nas subposições 0304.4, 0304.5, 0304.7, 0304.8 e 0304.9 da NCM/SH;PERMITIDO;;2026-01-01;;https://dfe-portal.svrs.rs.gov.br/DFE/TabelaClassificacaoTributaria
200003;I;Peixes e carnes de peixes (exceto salmonídeos, atuns, bacalhaus, hadoque, saithe e ovas e outros subprodutos) dos seguintes códigos, subposições e posições da NCM/SH: a) 03.02, exceto os produtos das subposições e dos códigos 0302.1, 0302.3, 0302.51.00, 0302.52.00, 0302.53.00 e 0302.9 da NCM/SH, b) 03.03, exceto os produtos das subposições e dos códigos 0303.1, 0303.4, 0303.63.00, 0303.64.00, 0303.65.00 e 0303.9 da NCM/SH, c) 03.04, exceto os salmonídeos, atuns, bacalhaus, hadoque e saithe classificados nas subposições 0304.4, 0304.5, 0304.7, 0304.8 e 0304.9 da NCM/SH;NCM;03043300;DESTINADOS À ALIMENTAÇÃO HUMANA;Produtos das subposições e dos códigos 0302.1, 0302.3, 0302.51.00, 0302.52.00, 0302.53.00 e 0302.9 da NCM/SH, produtos das subposições e dos códigos 0303.1, 0303.4, 0303.63.00, 0303.64.00, 0303.65.00 e 0303.9 da NCM/SH, salmonídeos, atuns, bacalhaus, hadoque e saithe classificados nas subposições 0304.4, 0304.5, 0304.7, 0304.8 e 0304.9 da NCM/SH;PERMITIDO;;2026-01-01;;https://dfe-portal.svrs.rs.gov.br/DFE/TabelaClassificacaoTributaria
200003;I;Peixes e carnes de peixes (exceto salmonídeos, atuns, bacalhaus, hadoque, saithe e ovas e outros subprodutos) dos seguintes códigos, subposições e posições da NCM/SH: a) 03.02, exceto os produtos das subposições e dos códigos 0302.1, 0302.3, 0302.51.00, 0302.52.00, 0302.53.00 e 0302.9 da NCM/SH, b) 03.03, exceto os produtos das subposições e dos códigos 0303.1, 0303.4, 0303.63.00, 0303.64.00, 0303.65.00 e 0303.9 da NCM/SH, c) 03.04, exceto os salmonídeos, atuns, bacalhaus, hadoque e saithe classificados nas subposições 0304.4, 0304.5, 0304.7, 0304.8 e 0304.9 da NCM/SH;NCM;03049211;;Produtos das subposições e dos códigos 0302.1, 0302.3, 0302.51.00, 0302.52.00, 0302.53.00 e 0302.9 da NCM/SH, produtos das subposições e dos códigos 0303.1, 0303.4, 0303.63.00, 0303.64.00, 0303.65.00 e 0303.9 da NCM/SH, salmonídeos, atuns, bacalhaus, hadoque e saithe classificados nas subposições 0304.4, 0304.5, 0304.7, 0304.8 e 0304.9 da NCM/SH;VEDADO;;2026-01-01;;https://dfe-portal.svrs.rs.gov.br/DFE/TabelaClassificacaoTributaria
200003;I;Peixes e carnes de peixes (exceto salmonídeos, atuns, bacalhaus, hadoque, saithe e ovas e outros subprodutos) dos seguintes códigos, subposições e posições da NCM/SH: a) 03.02, exceto os produtos das subposições e dos códigos 0302.1, 0302.3, 0302.51.00, 0302.52.00, 0302.53.00 e 0302.9 da NCM/SH, b) 03.03, exceto os produtos das subposições e dos códigos 0303.1, 0303.4, 0303.63.00, 0303.64.00, 0303.65.00 e 0303.9 da NCM/SH, c) 03.04, exceto os salmonídeos, atuns, bacalhaus, hadoque e saithe classificados nas subposições 0304.4, 0304.5, 0304.7, 0304.8 e 0304.9 da NCM/SH;NCM;03049212;;Produtos das subposições e dos códigos 0302.1, 0302.3, 0302.51.00, 0302.52.00, 0302.53.00 e 0302.9 da NCM/SH, produtos das subposições e dos códigos 0303.1, 0303.4, 0303.63.00, 0303.64.00, 0303.65.00 e 0303.9 da NCM/SH, salmonídeos, atuns, bacalhaus, hadoque e saithe classificados nas subposições 0304.4, 0304.5, 0304.7, 0304.8 e 0304.9 da NCM/SH;VEDADO;;2026-01-01;;https://dfe-portal.svrs.rs.gov.br/DFE/TabelaClassificacaoTributaria
200003;I;Peixes e carnes de peixes (exceto salmonídeos, atuns, bacalhaus, hadoque, saithe e ovas e outros subprodutos) dos seguintes códigos, subposições e posições da NCM/SH: a) 03.02, exceto os produtos das subposições e dos códigos 0302.1, 0302.3, 0302.51.00, 0302.52.00, 0302.53.00 e 0302.9 da NCM/SH, b) 03.03, exceto os produtos das subposições e dos códigos 0303.1, 0303.4, 0303.63.00, 0303.64.00, 0303.65.00 e 0303.9 da NCM/SH, c) 03.04, exceto os salmonídeos, atuns, bacalhaus, hadoque e saithe classificados nas subposições 0304.4, 0304.5, 0304.7, 0304.8 e 0304.9 da NCM/SH;NCM;03043900;DESTINADOS À ALIMENTAÇÃO HUMANA;Produtos das subposições e dos códigos 0302.1, 0302.3, 0302.51.00, 0302.52.00, 0302.53.00 e 0302.9 da NCM/SH, produtos das subposições e dos códigos 0303.1, 0303.4, 0303.63.00, 0303.64.00, 0303.65.00 e 0303.9 da NCM/SH, salmonídeos, atuns, bacalhaus, hadoque e saithe classificados nas subposições 0304.4, 0304.5, 0304.7, 0304.8 e 0304.9 da NCM/SH;PERMITIDO;;2026-01-01;;https://dfe-portal.svrs.rs.gov.br/DFE/TabelaClassificacaoTributaria
200003;I;Peixes e carnes de peixes (exceto salmonídeos, atuns, bacalhaus, hadoque, saithe e ovas e outros subprodutos) dos seguintes códigos, subposições e posições da NCM/SH: a) 03.02, exceto os produtos das subposições e dos códigos 0302.1, 0302.3, 0302.51.00, 0302.52.00, 0302.53.00 e 0302.9 da NCM/SH, b) 03.03, exceto os produtos das subposições e dos códigos 0303.1, 0303.4, 0303.63.00, 0303.64.00, 0303.65.00 e 0303.9 da NCM/SH, c) 03.04, exceto os salmonídeos, atuns, bacalhaus, hadoque e saithe classificados nas subposições 0304.4, 0304.5, 0304.7, 0304.8 e 0304.9 da NCM/SH;NCM;03046100;DESTINADOS À ALIMENTAÇÃO HUMANA;Produtos das subposições e dos códigos 0302.1, 0302.3, 0302.51.00, 0302.52.00, 0302.53.00 e 0302.9 da NCM/SH, produtos das subposições e dos códigos 0303.1, 0303.4, 0303.63.00, 0303.64.00, 0303.65.00 e 0303.9 da NCM/SH, salmonídeos, atuns, bacalhaus, hadoque e saithe classificados nas subposições 0304.4, 0304.5, 0304.7, 0304.8 e 0304.9 da NCM/SH;PERMITIDO;;2026-01-01;;https://dfe-portal.svrs.rs.gov.br/DFE/TabelaClassificacaoTributaria
200003;I;Peixes e carnes de peixes (exceto salmonídeos, atuns, bacalhaus, hadoque, saithe e ovas e outros subprodutos) dos seguintes códigos, subposições e posições da NCM/SH: a) 03.02, exceto os produtos das subposições e dos códigos 0302.1, 0302.3, 0302.51.00, 0302.52.00, 0302.53.00 e 0302.9 da NCM/SH, b) 03.03, exceto os produtos das subposições e dos códigos 0303.1, 0303.4, 0303.63.00, 0303.64.00, 0303.65.00 e 0303.9 da NCM/SH, c) 03.04, exceto os salmonídeos, atuns, bacalhaus, hadoque e saithe classificados nas subposições 0304.4, 0304.5, 0304.7, 0304.8 e 0304.9 da NCM/SH;NCM;03045200;;Produtos das subposições e dos códigos 0302.1, 0302.3, 0302.51.00, 0302.52.00, 0302.53.00 e 0302.9 da NCM/SH, produtos das subposições e dos códigos 0303.1, 0303.4, 0303.63.00, 0303.64.00, 0303.65.00 e 0303.9 da NCM/SH, salmonídeos, atuns, bacalhaus, hadoque e saithe classificados nas subposições 0304.4, 0304.5, 0304.7, 0304.8 e 0304.9 da NCM/SH;VEDADO;;2026-01-01;;https://dfe-portal.svrs.rs.gov.br/DFE/TabelaClassificacaoTributaria
200003;I;Peixes e carnes de peixes (exceto salmonídeos, atuns, bacalhaus, hadoque, saithe e ovas e outros subprodutos) dos seguintes códigos, subposições e posições da NCM/SH: a) 03.02, exceto os produtos das subposições e dos códigos 0302.1, 0302.3, 0302.51.00, 0302.52.00, 0302.53.00 e 0302.9 da NCM/SH, b) 03.03, exceto os produtos das subposições e dos códigos 0303.1, 0303.4, 0303.63.00, 0303.64.00, 0303.65.00 e 0303.9 da NCM/SH, c) 03.04, exceto os salmonídeos, atuns, bacalhaus, hadoque e saithe classificados nas subposições 0304.4, 0304.5, 0304.7, 0304.8 e 0304.9 da NCM/SH;NCM;03045300;;Produtos das subposições e dos códigos 0302.1, 0302.3, 0302.51.00, 0302.52.00, 0302.53.00 e 0302.9 da NCM/SH, produtos das subposições e dos códigos 0303.1, 0303.4, 0303.63.00, 0303.64.00, 0303.65.00 e 0303.9 da NCM/SH, salmonídeos, atuns, bacalhaus, hadoque e saithe classificados nas subposições 0304.4, 0304.5, 0304.7, 0304.8 e 0304.9 da NCM/SH;VEDADO;;2026-01-01;;https://dfe-portal.svrs.rs.gov.br/DFE/TabelaClassificacaoTributaria
200003;I;Peixes e carnes de peixes (exceto salmonídeos, atuns, bacalhaus, hadoque, saithe e ovas e outros subprodutos) dos seguintes códigos, subposições e posições da NCM/SH: a) 03.02, exceto os produtos das subposições e dos códigos 0302.1, 0302.3, 0302.51.00, 0302.52.00, 0302.53.00 e 0302.9 da NCM/SH, b) 03.03, exceto os produtos das subposições e dos códigos 0303.1, 0303.4, 0303.63.00, 0303.64.00, 0303.65.00 e 0303.9 da NCM/SH, c) 03.04, exceto os salmonídeos, atuns, bacalhaus, hadoque e saithe classificados nas subposições 0304.4, 0304.5, 0304.7, 0304.8 e 0304.9 da NCM/SH;NCM;03046210;DESTINADOS À ALIMENTAÇÃO HUMANA;Produtos das subposições e dos códigos 0302.1, 0302.3, 0302.51.00, 0302.52.00, 0302.53.00 e 0302.9 da NCM/SH, produtos das subposições e dos códigos 0303.1, 0303.4, 0303.63.00, 0303.64.00, 0303.65.00 e 0303.9 da NCM/SH, salmonídeos, atuns, bacalhaus, hadoque e saithe classificados nas subposições 0304.4, 0304.5, 0304.7, 0304.8 e 0304.9 da NCM/SH;PERMITIDO;;2026-01-01;;https://dfe-portal.svrs.rs.gov.br/DFE/TabelaClassificacaoTributaria
200003;I;Peixes e carnes de peixes (exceto salmonídeos, atuns, bacalhaus, hadoque, saithe e ovas e outros subprodutos) dos seguintes códigos, subposições e posições da NCM/SH: a) 03.02, exceto os produtos das subposições e dos códigos 0302.1, 0302.3, 0302.51.00, 0302.52.00, 0302.53.00 e 0302.9 da NCM/SH, b) 03.03, exceto os produtos das subposições e dos códigos 0303.1, 0303.4, 0303.63.00, 0303.64.00, 0303.65.00 e 0303.9 da NCM/SH, c) 03.04, exceto os salmonídeos, atuns, bacalhaus, hadoque e saithe classificados nas subposições 0304.4, 0304.5, 0304.7, 0304.8 e 0304.9 da NCM/SH;NCM;03046290;DESTINADOS À ALIMENTAÇÃO HUMANA;Produtos das subposições e dos códigos 0302.1, 0302.3, 0302.51.00, 0302.52.00, 0302.53.00 e 0302.9 da NCM/SH, produtos das subposições e dos códigos 0303.1, 0303.4, 0303.63.00, 0303.64.00, 0303.65.00 e 0303.9 da NCM/SH, salmonídeos, atuns, bacalhaus, hadoque e saithe classificados nas subposições 0304.4, 0304.5, 0304.7, 0304.8 e 0304.9 da NCM/SH;PERMITIDO;;2026-01-01;;https://dfe-portal.svrs.rs.gov.br/DFE/TabelaClassificacaoTributaria
200003;I;Peixes e carnes de peixes (exceto salmonídeos, atuns, bacalhaus, hadoque, saithe e ovas e outros subprodutos) dos seguintes códigos, subposições e posições da NCM/SH: a) 03.02, exceto os produtos das subposições e dos códigos 0302.1, 0302.3, 0302.51.00, 0302.52.00, 0302.53.00 e 0302.9 da NCM/SH, b) 03.03, exceto os produtos das subposições e dos códigos 0303.1, 0303.4, 0303.63.00, 0303.64.00, 0303.65.00 e 0303.9 da NCM/SH, c) 03.04, exceto os salmonídeos, atuns, bacalhaus, hadoque e saithe classificados nas subposições 0304.4, 0304.5, 0304.7, 0304.8 e 0304.9 da NCM/SH;NCM;03047900;;Produtos das subposições e dos códigos 0302.1, 0302.3, 0302.51.00, 0302.52.00, 0302.53.00 e 0302.9 da NCM/SH, produtos das subposições e dos códigos 0303.1, 0303.4, 0303.63.00, 0303.64.00, 0303.65.00 e 0303.9 da NCM/SH, salmonídeos, atuns, bacalhaus, hadoque e saithe classificados nas subposições 0304.4, 0304.5, 0304.7, 0304.8 e 0304.9 da NCM/SH;VEDADO;;2026-01-01;;https://dfe-portal.svrs.rs.gov.br/DFE/TabelaClassificacaoTributaria
200003;I;Peixes e carnes de peixes (exceto salmonídeos, atuns, bacalhaus, hadoque, saithe e ovas e outros subprodutos) dos seguintes códigos, subposições e posições da NCM/SH: a) 03.02, exceto os produtos das subposições e dos códigos 0302.1, 0302.3, 0302.51.00, 0302.52.00, 0302.53.00 e 0302.9 da NCM/SH, b) 03.03, exceto os produtos das subposições e dos códigos 0303.1, 0303.4, 0303.63.00, 0303.64.00, 0303.65.00 e 0303.9 da NCM/SH, c) 03.04, exceto os salmonídeos, atuns, bacalhaus, hadoque e saithe classificados nas subposições 0304.4, 0304.5, 0304.7, 0304.8 e 0304.9 da NCM/SH;NCM;03048300;;Produtos das subposições e dos códigos 0302.1, 0302.3, 0302.51.00, 0302.52.00, 0302.53.00 e 0302.9 da NCM/SH, produtos das subposições e dos códigos 0303.1, 0303.4, 0303.63.00, 0303.64.00, 0303.65.00 e 0303.9 da NCM/SH, salmonídeos, atuns, bacalhaus, hadoque e saithe classificados nas subposições 0304.4, 0304.5, 0304.7, 0304.8 e 0304.9 da NCM/SH;VEDADO;;2026-01-01;;https://dfe-portal.svrs.rs.gov.br/DFE/TabelaClassificacaoTributaria
200003;I;Peixes e carnes de peixes (exceto salmonídeos, atuns, bacalhaus, hadoque, saithe e ovas e outros subprodutos) dos seguintes códigos, subposições e posições da NCM/SH: a) 03.02, exceto os produtos das subposições e dos códigos 0302.1, 0302.3, 0302.51.00, 0302.52.00, 0302.53.00 e 0302.9 da NCM/SH, b) 03.03, exceto os produtos das subposições e dos códigos 0303.1, 0303.4, 0303.63.00, 0303.64.00, 0303.65.00 e 0303.9 da NCM/SH, c) 03.04, exceto os salmonídeos, atuns, bacalhaus, hadoque e saithe classificados nas subposições 0304.4, 0304.5, 0304.7, 0304.8 e 0304.9 da NCM/SH;NCM;03046300;DESTINADOS À ALIMENTAÇÃO HUMANA;Produtos das subposições e dos códigos 0302.1, 0302.3, 0302.51.00, 0302.52.00, 0302.53.00 e 0302.9 da NCM/SH, produtos das subposições e dos códigos 0303.1, 0303.4, 0303.63.00, 0303.64.00, 0303.65.00 e 0303.9 da NCM/SH, salmonídeos, atuns, bacalhaus, hadoque e saithe classificados nas subposições 0304.4, 0304.5, 0304.7, 0304.8 e 0304.9 da NCM/SH;PERMITIDO;;2026-01-01;;https://dfe-portal.svrs.rs.gov.br/DFE/TabelaClassificacaoTributaria
200003;I;Peixes e carnes de peixes (exceto salmonídeos, atuns, bacalhaus, hadoque, saithe e ovas e outros subprodutos) dos seguintes códigos, subposições e posições da NCM/SH: a) 03.02, exceto os produtos das subposições e dos códigos 0302.1, 0302.3, 0302.51.00, 0302.52.00, 0302.53.00 e 0302.9 da NCM/SH, b) 03.03, exceto os produtos das subposições e dos códigos 0303.1, 0303.4, 0303.63.00, 0303.64.00, 0303.65.00 e 0303.9 da NCM/SH, c) 03.04, exceto os salmonídeos, atuns, bacalhaus, hadoque e saithe classificados nas subposições 0304.4, 0304.5, 0304.7, 0304.8 e 0304.9 da NCM/SH;NCM;03046900;DESTINADOS À ALIMENTAÇÃO HUMANA;Produtos das subposições e dos códigos 0302.1, 0302.3, 0302.51.00, 0302.52.00, 0302.53.00 e 0302.9 da NCM/SH, produtos das subposições e dos códigos 0303.1, 0303.4, 0303.63.00, 0303.64.00, 0303.65.00 e 0303.9 da NCM/SH, salmonídeos, atuns, bacalhaus, hadoque e saithe classificados nas subposições 0304.4, 0304.5, 0304.7, 0304.8 e 0304.9 da NCM/SH;PERMITIDO;;2026-01-01;;https://dfe-portal.svrs.rs.gov.br/DFE/TabelaClassificacaoTributaria
200003;I;Peixes e carnes de peixes (exceto salmonídeos, atuns, bacalhaus, hadoque, saithe e ovas e outros subprodutos) dos seguintes códigos, subposições e posições da NCM/SH: a) 03.02, exceto os produtos das subposições e dos códigos 0302.1, 0302.3, 0302.51.00, 0302.52.00, 0302.53.00 e 0302.9 da NCM/SH, b) 03.03, exceto os produtos das subposições e dos códigos 0303.1, 0303.4, 0303.63.00, 0303.64.00, 0303.65.00 e 0303.9 da NCM/SH, c) 03.04, exceto os salmonídeos, atuns, bacalhaus, hadoque e saithe classificados nas subposições 0304.4, 0304.5, 0304.7, 0304.8 e 0304.9 da NCM/SH;NCM;03048510;;Produtos das subposições e dos códigos 0302.1, 0302.3, 0302.51.00, 0302.52.00, 0302.53.00 e 0302.9 da NCM/SH, produtos das subposições e dos códigos 0303.1, 0303.4, 0303.63.00, 0303.64.00, 0303.65.00 e 0303.9 da NCM/SH, salmonídeos, atuns, bacalhaus, hadoque e saithe classificados nas subposições 0304.4, 0304.5, 0304.7, 0304.8 e 0304.9 da NCM/SH;VEDADO;;2026-01-01;;https://dfe-portal.svrs.rs.gov.br/DFE/TabelaClassificacaoTributaria
200003;I;Peixes e carnes de peixes (exceto salmonídeos, atuns, bacalhaus, hadoque, saithe e ovas e outros subprodutos) dos seguintes códigos, subposições e posições da NCM/SH: a) 03.02, exceto os produtos das subposições e dos códigos 0302.1, 0302.3, 0302.51.00, 0302.52.00, 0302.53.00 e 0302.9 da NCM/SH, b) 03.03, exceto os produtos das subposições e dos códigos 0303.1, 0303.4, 0303.63.00, 0303.64.00, 0303.65.00 e 0303.9 da NCM/SH, c) 03.04, exceto os salmonídeos, atuns, bacalhaus, hadoque e saithe classificados nas subposições 0304.4, 0304.5, 0304.7, 0304.8 e 0304.9 da NCM/SH;NCM;03048520;;Produtos das subposições e dos códigos 0302.1, 0302.3, 0302.51.00, 0302.52.00, 0302.53.00 e 0302.9 da NCM/SH, produtos das subposições e dos códigos 0303.1, 0303.4, 0303.63.00, 0303.64.00, 0303.65.00 e 0303.9 da NCM/SH, salmonídeos, atuns, bacalhaus, hadoque e saithe classificados nas subposições 0304.4, 0304.5, 0304.7, 0304.8 e 0304.9 da NCM/SH;VEDADO;;2026-01-01;;https://dfe-portal.svrs.rs.gov.br/DFE/TabelaClassificacaoTributaria
200003;I;Peixes e carnes de peixes (exceto salmonídeos, atuns, bacalhaus, hadoque, saithe e ovas e outros subprodutos) dos seguintes códigos, subposições e posições da NCM/SH: a) 03.02, exceto os produtos das subposições e dos códigos 0302.1, 0302.3, 0302.51.00, 0302.52.00, 0302.53.00 e 0302.9 da NCM/SH, b) 03.03, exceto os produtos das subposições e dos códigos 0303.1, 0303.4, 0303.63.00, 0303.64.00, 0303.65.00 e 0303.9 da NCM/SH, c) 03.04, exceto os salmonídeos, atuns, bacalhaus, hadoque e saithe classificados nas subposições 0304.4, 0304.5, 0304.7, 0304.8 e 0304.9 da NCM/SH;NCM;03044100;;Produtos das subposições e dos códigos 0302.1, 0302.3, 0302.51.00, 0302.52.00, 0302.53.00 e 0302.9 da NCM/SH, produtos das subposições e dos códigos 0303.1, 0303.4, 0303.63.00, 0303.64.00, 0303.65.00 e 0303.9 da NCM/SH, salmonídeos, atuns, bacalhaus, hadoque e saithe classificados nas subposições 0304.4, 0304.5, 0304.7, 0304.8 e 0304.9 da NCM/SH;VEDADO;;2026-01-01;;https://dfe-portal.svrs.rs.gov.br/DFE/TabelaClassificacaoTributaria
200003;I;Peixes e carnes de peixes (exceto salmonídeos, atuns, bacalhaus, hadoque, saithe e ovas e outros subprodutos) dos seguintes códigos, subposições e posições da NCM/SH: a) 03.02, exceto os produtos das subposições e dos códigos 0302.1, 0302.3, 0302.51.00, 0302.52.00, 0302.53.00 e 0302.9 da NCM/SH, b) 03.03, exceto os produtos das subposições e dos códigos 0303.1, 0303.4, 0303.63.00, 0303.64.00, 0303.65.00 e 0303.9 da NCM/SH, c) 03.04, exceto os salmonídeos, atuns, bacalhaus, hadoque e saithe classificados nas subposições 0304.4, 0304.5, 0304.7, 0304.8 e 0304.9 da NCM/SH;NCM;03044200;;Produtos das subposições e dos códigos 0302.1, 0302.3, 0302.51.00, 0302.52.00, 0302.53.00 e 0302.9 da NCM/SH, produtos das subposições e dos códigos 0303.1, 0303.4, 0303.63.00, 0303.64.00, 0303.65.00 e 0303.9 da NCM/SH, salmonídeos, atuns, bacalhaus, hadoque e saithe classificados nas subposições 0304.4, 0304.5, 0304.7, 0304.8 e 0304.9 da NCM/SH;VEDADO;;2026-01-01;;https://dfe-portal.svrs.rs.gov.br/DFE/TabelaClassificacaoTributaria
200003;I;Peixes e carnes de peixes (exceto salmonídeos, atuns, bacalhaus, hadoque, saithe e ovas e outros subprodutos) dos seguintes códigos, subposições e posições da NCM/SH: a) 03.02, exceto os produtos das subposições e dos códigos 0302.1, 0302.3, 0302.51.00, 0302.52.00, 0302.53.00 e 0302.9 da NCM/SH, b) 03.03, exceto os produtos das subposições e dos códigos 0303.1, 0303.4, 0303.63.00, 0303.64.00, 0303.65.00 e 0303.9 da NCM/SH, c) 03.04, exceto os salmonídeos, atuns, bacalhaus, hadoque e saithe classificados nas subposições 0304.4, 0304.5, 0304.7, 0304.8 e 0304.9 da NCM/SH;NCM;03044400;;Produtos das subposições e dos códigos 0302.1, 0302.3, 0302.51.00, 0302.52.00, 0302.53.00 e 0302.9 da NCM/SH, produtos das subposições e dos códigos 0303.1, 0303.4, 0303.63.00, 0303.64.00, 0303.65.00 e 0303.9 da NCM/SH, salmonídeos, atuns, bacalhaus, hadoque e saithe classificados nas subposições 0304.4, 0304.5, 0304.7, 0304.8 e 0304.9 da NCM/SH;VEDADO;;2026-01-01;;https://dfe-portal.svrs.rs.gov.br/DFE/TabelaClassificacaoTributaria
200003;I;Peixes e carnes de peixes (exceto salmonídeos, atuns, bacalhaus, hadoque, saithe e ovas e outros subprodutos) dos seguintes códigos, subposições e posições da NCM/SH: a) 03.02, exceto os produtos das subposições e dos códigos 0302.1, 0302.3, 0302.51.00, 0302.52.00, 0302.53.00 e 0302.9 da NCM/SH, b) 03.03, exceto os produtos das subposições e dos códigos 0303.1, 0303.4, 0303.63.00, 0303.64.00, 0303.65.00 e 0303.9 da NCM/SH, c) 03.04, exceto os salmonídeos, atuns, bacalhaus, hadoque e saithe classificados nas subposições 0304.4, 0304.5, 0304.7, 0304.8 e 0304.9 da NCM/SH;NCM;03044600;;Produtos das subposições e dos códigos 0302.1, 0302.3, 0302.51.00, 0302.52.00, 0302.53.00 e 0302.9 da NCM/SH, produtos das subposições e dos códigos 0303.1, 0303.4, 0303.63.00, 0303.64.00, 0303.65.00 e 0303.9 da NCM/SH, salmonídeos, atuns, bacalhaus, hadoque e saithe classificados nas subposições 0304.4, 0304.5, 0304.7, 0304.8 e 0304.9 da NCM/SH;VEDADO;;2026-01-01;;https://dfe-portal.svrs.rs.gov.br/DFE/TabelaClassificacaoTributaria
200003;I;Peixes e carnes de peixes (exceto salmonídeos, atuns, bacalhaus, hadoque, saithe e ovas e outros subprodutos) dos seguintes códigos, subposições e posições da NCM/SH: a) 03.02, exceto os produtos das subposições e dos códigos 0302.1, 0302.3, 0302.51.00, 0302.52.00, 0302.53.00 e 0302.9 da NCM/SH, b) 03.03, exceto os produtos das subposições e dos códigos 0303.1, 0303.4, 0303.63.00, 0303.64.00, 0303.65.00 e 0303.9 da NCM/SH, c) 03.04, exceto os salmonídeos, atuns, bacalhaus, hadoque e saithe classificados nas subposições 0304.4, 0304.5, 0304.7, 0304.8 e 0304.9 da NCM/SH;NCM;03045100;;Produtos das subposições e dos códigos 0302.1, 0302.3, 0302.51.00, 0302.52.00, 0302.53.00 e 0302.9 da NCM/SH, produtos das subposições e dos códigos 0303.1, 0303.4, 0303.63.00, 0303.64.00, 0303.65.00 e 0303.9 da NCM/SH, salmonídeos, atuns, bacalhaus, hadoque e saithe classificados nas subposições 0304.4, 0304.5, 0304.7, 0304.8 e 0304.9 da NCM/SH;VEDADO;;2026-01-01;;https://dfe-portal.svrs.rs.gov.br/DFE/TabelaClassificacaoTributaria
200003;I;Peixes e carnes de peixes (exceto salmonídeos, atuns, bacalhaus, hadoque, saithe e ovas e outros subprodutos) dos seguintes códigos, subposições e posições da NCM/SH: a) 03.02, exceto os produtos das subposições e dos códigos 0302.1, 0302.3, 0302.51.00, 0302.52.00, 0302.53.00 e 0302.9 da NCM/SH, b) 03.03, exceto os produtos das subposições e dos códigos 0303.1, 0303.4, 0303.63.00, 0303.64.00, 0303.65.00 e 0303.9 da NCM/SH, c) 03.04, exceto os salmonídeos, atuns, bacalhaus, hadoque e saithe classificados nas subposições 0304.4, 0304.5, 0304.7, 0304.8 e 0304.9 da NCM/SH;NCM;03047100;;Produtos das subposições e dos códigos 0302.1, 0302.3, 0302.51.00, 0302.52.00, 0302.53.00 e 0302.9 da NCM/SH, produtos das subposições e dos códigos 0303.1, 0303.4, 0303.63.00, 0303.64.00, 0303.65.00 e 0303.9 da NCM/SH, salmonídeos, atuns, bacalhaus, hadoque e saithe classificados nas subposições 0304.4, 0304.5, 0304.7, 0304.8 e 0304.9 da NCM/SH;VEDADO;;2026-01-01;;https://dfe-portal.svrs.rs.gov.br/DFE/TabelaClassificacaoTributaria
200003;I;Peixes e carnes de peixes (exceto salmonídeos, atuns, bacalhaus, hadoque, saithe e ovas e outros subprodutos) dos seguintes códigos, subposições e posições da NCM/SH: a) 03.02, exceto os produtos das subposições e dos códigos 0302.1, 0302.3, 0302.51.00, 0302.52.00, 0302.53.00 e 0302.9 da NCM/SH, b) 03.03, exceto os produtos das subposições e dos códigos 0303.1, 0303.4, 0303.63.00, 0303.64.00, 0303.65.00 e 0303.9 da NCM/SH, c) 03.04, exceto os salmonídeos, atuns, bacalhaus, hadoque e saithe classificados nas subposições 0304.4, 0304.5, 0304.7, 0304.8 e 0304.9 da NCM/SH;NCM;03047200;;Produtos das subposições e dos códigos 0302.1, 0302.3, 0302.51.00, 0302.52.00, 0302.53.00 e 0302.9 da NCM/SH, produtos das subposições e dos códigos 0303.1, 0303.4, 0303.63.00, 0303.64.00, 0303.65.00 e 0303.9 da NCM/SH, salmonídeos, atuns, bacalhaus, hadoque e saithe classificados nas subposições 0304.4, 0304.5, 0304.7, 0304.8 e 0304.9 da NCM/SH;VEDADO;;2026-01-01;;https://dfe-portal.svrs.rs.gov.br/DFE/TabelaClassificacaoTributaria
200003;I;Queijos tipo mozarela, minas, prato, queijo de coalho, ricota, requeijão, queijo provolone, queijo parmesão, queijo fresco não maturado e queijo do reino classificados nos códigos 0406.10.10, 0406.10.90, 0406.20.00, 0406.90.10, 0406.90.20 e 0406.90.30 da NCM/SH;NCM;04062000;DESTINADOS À ALIMENTAÇÃO HUMANA;;PERMITIDO;;2026-01-01;;https://dfe-portal.svrs.rs.gov.br/DFE/TabelaClassificacaoTributaria
200003;I;Queijos tipo mozarela, minas, prato, queijo de coalho, ricota, requeijão, queijo provolone, queijo parmesão, queijo fresco não maturado e queijo do reino classificados nos códigos 0406.10.10, 0406.10.90, 0406.20.00, 0406.90.10, 0406.90.20 e 0406.90.30 da NCM/SH;NCM;04069010;DESTINADOS À ALIMENTAÇÃO HUMANA;;PERMITIDO;;2026-01-01;;https://dfe-portal.svrs.rs.gov.br/DFE/TabelaClassificacaoTributaria
200003;I;Peixes e carnes de peixes (exceto salmonídeos, atuns, bacalhaus, hadoque, saithe e ovas e outros subprodutos) dos seguintes códigos, subposições e posições da NCM/SH: a) 03.02, exceto os produtos das subposições e dos códigos 0302.1, 0302.3, 0302.51.00, 0302.52.00, 0302.53.00 e 0302.9 da NCM/SH, b) 03.03, exceto os produtos das subposições e dos códigos 0303.1, 0303.4, 0303.63.00, 0303.64.00, 0303.65.00 e 0303.9 da NCM/SH, c) 03.04, exceto os salmonídeos, atuns, bacalhaus, hadoque e saithe classificados nas subposições 0304.4, 0304.5, 0304.7, 0304.8 e 0304.9 da NCM/SH;NCM;03047300;;Produtos das subposições e dos códigos 0302.1, 0302.3, 0302.51.00, 0302.52.00, 0302.53.00 e 0302.9 da NCM/SH, produtos das subposições e dos códigos 0303.1, 0303.4, 0303.63.00, 0303.64.00, 0303.65.00 e 0303.9 da NCM/SH, salmonídeos, atuns, bacalhaus, hadoque e saithe classificados nas subposições 0304.4, 0304.5, 0304.7, 0304.8 e 0304.9 da NCM/SH;VEDADO;;2026-01-01;;https://dfe-portal.svrs.rs.gov.br/DFE/TabelaClassificacaoTributaria
200003;I;Peixes e carnes de peixes (exceto salmonídeos, atuns, bacalhaus, hadoque, saithe e ovas e outros subprodutos) dos seguintes códigos, subposições e posições da NCM/SH: a) 03.02, exceto os produtos das subposições e dos códigos 0302.1, 0302.3, 0302.51.00, 0302.52.00, 0302.53.00 e 0302.9 da NCM/SH, b) 03.03, exceto os produtos das subposições e dos códigos 0303.1, 0303.4, 0303.63.00, 0303.64.00, 0303.65.00 e 0303.9 da NCM/SH, c) 03.04, exceto os salmonídeos, atuns, bacalhaus, hadoque e saithe classificados nas subposições 0304.4, 0304.5, 0304.7, 0304.8 e 0304.9 da NCM/SH;NCM;03047400;;Produtos das subposições e dos códigos 0302.1, 0302.3, 0302.51.00, 0302.52.00, 0302.53.00 e 0302.9 da NCM/SH, produtos das subposições e dos códigos 0303.1, 0303.4, 0303.63.00, 0303.64.00, 0303.65.00 e 0303.9 da NCM/SH, salmonídeos, atuns, bacalhaus, hadoque e saithe classificados nas subposições 0304.4, 0304.5, 0304.7, 0304.8 e 0304.9 da NCM/SH;VEDADO;;2026-01-01;;https://dfe-portal.svrs.rs.gov.br/DFE/TabelaClassificacaoTributaria
200003;I;Peixes e carnes de peixes (exceto salmonídeos, atuns, bacalhaus, hadoque, saithe e ovas e outros subprodutos) dos seguintes códigos, subposições e posições da NCM/SH: a) 03.02, exceto os produtos das subposições e dos códigos 0302.1, 0302.3, 0302.51.00, 0302.52.00, 0302.53.00 e 0302.9 da NCM/SH, b) 03.03, exceto os produtos das subposições e dos códigos 0303.1, 0303.4, 0303.63.00, 0303.64.00, 0303.65.00 e 0303.9 da NCM/SH, c) 03.04, exceto os salmonídeos, atuns, bacalhaus, hadoque e saithe classificados nas subposições 0304.4, 0304.5, 0304.7, 0304.8 e 0304.9 da NCM/SH;NCM;03047500;;Produtos das subposições e dos códigos 0302.1, 0302.3, 0302.51.00, 0302.52.00, 0302.53.00 e 0302.9 da NCM/SH, produtos das subposições e dos códigos 0303.1, 0303.4, 0303.63.00, 0303.64.00, 0303.65.00 e 0303.9 da NCM/SH, salmonídeos, atuns, bacalhaus, hadoque e saithe classificados nas subposições 0304.4, 0304.5, 0304.7, 0304.8 e 0304.9 da NCM/SH;VEDADO;;2026-01-01;;https://dfe-portal.svrs.rs.gov.br/DFE/TabelaClassificacaoTributaria
200003;I;Peixes e carnes de peixes (exceto salmonídeos, atuns, bacalhaus, hadoque, saithe e ovas e outros subprodutos) dos seguintes códigos, subposições e posições da NCM/SH: a) 03.02, exceto os produtos das subposições e dos códigos 0302.1, 0302.3, 0302.51.00, 0302.52.00, 0302.53.00 e 0302.9 da NCM/SH, b) 03.03, exceto os produtos das subposições e dos códigos 0303.1, 0303.4, 0303.63.00, 0303.64.00, 0303.65.00 e 0303.9 da NCM/SH, c) 03.04, exceto os salmonídeos, atuns, bacalhaus, hadoque e saithe classificados nas subposições 0304.4, 0304.5, 0304.7, 0304.8 e 0304.9 da NCM/SH;NCM;03048700;;Produtos das subposições e dos códigos 0302.1, 0302.3, 0302.51.00, 0302.52.00, 0302.53.00 e 0302.9 da NCM/SH, produtos das subposições e dos códigos 0303.1, 0303.4, 0303.63.00, 0303.64.00, 0303.65.00 e 0303.9 da NCM/SH, salmonídeos, atuns, bacalhaus, hadoque e saithe classificados nas subposições 0304.4, 0304.5, 0304.7, 0304.8 e 0304.9 da NCM/SH;VEDADO;;2026-01-01;;https://dfe-portal.svrs.rs.gov.br/DFE/TabelaClassificacaoTributaria
200003;I;Peixes e carnes de peixes (exceto salmonídeos, atuns, bacalhaus, hadoque, saithe e ovas e outros subprodutos) dos seguintes códigos, subposições e posições da NCM/SH: a) 03.02, exceto os produtos das subposições e dos códigos 0302.1, 0302.3, 0302.51.00, 0302.52.00, 0302.53.00 e 0302.9 da NCM/SH, b) 03.03, exceto os produtos das subposições e dos códigos 0303.1, 0303.4, 0303.63.00, 0303.64.00, 0303.65.00 e 0303.9 da NCM/SH, c) 03.04, exceto os salmonídeos, atuns, bacalhaus, hadoque e saithe classificados nas subposições 0304.4, 0304.5, 0304.7, 0304.8 e 0304.9 da NCM/SH;NCM;03048100;;Produtos das subposições e dos códigos 0302.1, 0302.3, 0302.51.00, 0302.52.00, 0302.53.00 e 0302.9 da NCM/SH, produtos das subposições e dos códigos 0303.1, 0303.4, 0303.63.00, 0303.64.00, 0303.65.00 e 0303.9 da NCM/SH, salmonídeos, atuns, bacalhaus, hadoque e saithe classificados nas subposições 0304.4, 0304.5, 0304.7, 0304.8 e 0304.9 da NCM/SH;VEDADO;;2026-01-01;;https://dfe-portal.svrs.rs.gov.br/DFE/TabelaClassificacaoTributaria
200003;I;Peixes e carnes de peixes (exceto salmonídeos, atuns, bacalhaus, hadoque, saithe e ovas e outros subprodutos) dos seguintes códigos, subposições e posições da NCM/SH: a) 03.02, exceto os produtos das subposições e dos códigos 0302.1, 0302.3, 0302.51.00, 0302.52.00, 0302.53.00 e 0302.9 da NCM/SH, b) 03.03, exceto os produtos das subposições e dos códigos 0303.1, 0303.4, 0303.63.00, 0303.64.00, 0303.65.00 e 0303.9 da NCM/SH, c) 03.04, exceto os salmonídeos, atuns, bacalhaus, hadoque e saithe classificados nas subposições 0304.4, 0304.5, 0304.7, 0304.8 e 0304.9 da NCM/SH;NCM;03048200;;Produtos das subposições e dos códigos 0302.1, 0302.3, 0302.51.00, 0302.52.00, 0302.53.00 e 0302.9 da NCM/SH, produtos das subposições e dos códigos 0303.1, 0303.4, 0303.63.00, 0303.64.00, 0303.65.00 e 0303.9 da NCM/SH, salmonídeos, atuns, bacalhaus, hadoque e saithe classificados nas subposições 0304.4, 0304.5, 0304.7, 0304.8 e 0304.9 da NCM/SH;VEDADO;;2026-01-01;;https://dfe-portal.svrs.rs.gov.br/DFE/TabelaClassificacaoTributaria
200003;I;Peixes e carnes de peixes (exceto salmonídeos, atuns, bacalhaus, hadoque, saithe e ovas e outros subprodutos) dos seguintes códigos, subposições e posições da NCM/SH: a) 03.02, exceto os produtos das subposições e dos códigos 0302.1, 0302.3, 0302.51.00, 0302.52.00, 0302.53.00 e 0302.9 da NCM/SH, b) 03.03, exceto os produtos das subposições e dos códigos 0303.1, 0303.4, 0303.63.00, 0303.64.00, 0303.65.00 e 0303.9 da NCM/SH, c) 03.04, exceto os salmonídeos, atuns, bacalhaus, hadoque e saithe classificados nas subposições 0304.4, 0304.5, 0304.7, 0304.8 e 0304.9 da NCM/SH;NCM;03049300;;Produtos das subposições e dos códigos 0302.1, 0302.3, 0302.51.00, 0302.52.00, 0302.53.00 e 0302.9 da NCM/SH, produtos das subposições e dos códigos 0303.1, 0303.4, 0303.63.00, 0303.64.00, 0303.65.00 e 0303.9 da NCM/SH, salmonídeos, atuns, bacalhaus, hadoque e saithe classificados nas subposições 0304.4, 0304.5, 0304.7, 0304.8 e 0304.9 da NCM/SH;VEDADO;;2026-01-01;;https://dfe-portal.svrs.rs.gov.br/DFE/TabelaClassificacaoTributaria
200003;I;Peixes e carnes de peixes (exceto salmonídeos, atuns, bacalhaus, hadoque, saithe e ovas e outros subprodutos) dos seguintes códigos, subposições e posições da NCM/SH: a) 03.02, exceto os produtos das subposições e dos códigos 0302.1, 0302.3, 0302.51.00, 0302.52.00, 0302.53.00 e 0302.9 da NCM/SH, b) 03.03, exceto os produtos das subposições e dos códigos 0303.1, 0303.4, 0303.63.00, 0303.64.00, 0303.65.00 e 0303.9 da NCM/SH, c) 03.04, exceto os salmonídeos, atuns, bacalhaus, hadoque e saithe classificados nas subposições 0304.4, 0304.5, 0304.7, 0304.8 e 0304.9 da NCM/SH;NCM;03049500;;Produtos das subposições e dos códigos 0302.1, 0302.3, 0302.51.00, 0302.52.00, 0302.53.00 e 0302.9 da NCM/SH, produtos das subposições e dos códigos 0303.1, 0303.4, 0303.63.00, 0303.64.00, 0303.65.00 e 0303.9 da NCM/SH, salmonídeos, atuns, bacalhaus, hadoque e saithe classificados nas subposições 0304.4, 0304.5, 0304.7, 0304.8 e 0304.9 da NCM/SH;VEDADO;;2026-01-01;;https://dfe-portal.svrs.rs.gov.br/DFE/TabelaClassificacaoTributaria
200003;I;Peixes e carnes de peixes (exceto salmonídeos, atuns, bacalhaus, hadoque, saithe e ovas e outros subprodutos) dos seguintes códigos, subposições e posições da NCM/SH: a) 03.02, exceto os produtos das subposições e dos códigos 0302.1, 0302.3, 0302.51.00, 0302.52.00, 0302.53.00 e 0302.9 da NCM/SH, b) 03.03, exceto os produtos das subposições e dos códigos 0303.1, 0303.4, 0303.63.00, 0303.64.00, 0303.65.00 e 0303.9 da NCM/SH, c) 03.04, exceto os salmonídeos, atuns, bacalhaus, hadoque e saithe classificados nas subposições 0304.4, 0304.5, 0304.7, 0304.8 e 0304.9 da NCM/SH;NCM;03049600;;Produtos das subposições e dos códigos 0302.1, 0302.3, 0302.51.00, 0302.52.00, 0302.53.00 e 0302.9 da NCM/SH, produtos das subposições e dos códigos 0303.1, 0303.4, 0303.63.00, 0303.64.00, 0303.65.00 e 0303.9 da NCM/SH, salmonídeos, atuns, bacalhaus, hadoque e saithe classificados nas subposições 0304.4, 0304.5, 0304.7, 0304.8 e 0304.9 da NCM/SH;VEDADO;;2026-01-01;;https://dfe-portal.svrs.rs.gov.br/DFE/TabelaClassificacaoTributaria
200003;I;Peixes e carnes de peixes (exceto salmonídeos, atuns, bacalhaus, hadoque, saithe e ovas e outros subprodutos) dos seguintes códigos, subposições e posições da NCM/SH: a) 03.02, exceto os produtos das subposições e dos códigos 0302.1, 0302.3, 0302.51.00, 0302.52.00, 0302.53.00 e 0302.9 da NCM/SH, b) 03.03, exceto os produtos das subposições e dos códigos 0303.1, 0303.4, 0303.63.00, 0303.64.00, 0303.65.00 e 0303.9 da NCM/SH, c) 03.04, exceto os salmonídeos, atuns, bacalhaus, hadoque e saithe classificados nas subposições 0304.4, 0304.5, 0304.7, 0304.8 e 0304.9 da NCM/SH;NCM;03049700;;Produtos das subposições e dos códigos 0302.1, 0302.3, 0302.51.00, 0302.52.00, 0302.53.00 e 0302.9 da NCM/SH, produtos das subposições e dos códigos 0303.1, 0303.4, 0303.63.00, 0303.64.00, 0303.65.00 e 0303.9 da NCM/SH, salmonídeos, atuns, bacalhaus, hadoque e saithe classificados nas subposições 0304.4, 0304.5, 0304.7, 0304.8 e 0304.9 da NCM/SH;VEDADO;;2026-01-01;;https://dfe-portal.svrs.rs.gov.br/DFE/TabelaClassificacaoTributaria
200003;I;Peixes e carnes de peixes (exceto salmonídeos, atuns, bacalhaus, hadoque, saithe e ovas e outros subprodutos) dos seguintes códigos, subposições e posições da NCM/SH: a) 03.02, exceto os produtos das subposições e dos códigos 0302.1, 0302.3, 0302.51.00, 0302.52.00, 0302.53.00 e 0302.9 da NCM/SH, b) 03.03, exceto os produtos das subposições e dos códigos 0303.1, 0303.4, 0303.63.00, 0303.64.00, 0303.65.00 e 0303.9 da NCM/SH, c) 03.04, exceto os salmonídeos, atuns, bacalhaus, hadoque e saithe classificados nas subposições 0304.4, 0304.5, 0304.7, 0304.8 e 0304.9 da NCM/SH;NCM;03049900;;Produtos das subposições e dos códigos 0302.1, 0302.3, 0302.51.00, 0302.52.00, 0302.53.00 e 0302.9 da NCM/SH, produtos das subposições e dos códigos 0303.1, 0303.4, 0303.63.00, 0303.64.00, 0303.65.00 e 0303.9 da NCM/SH, salmonídeos, atuns, bacalhaus, hadoque e saithe classificados nas subposições 0304.4, 0304.5, 0304.7, 0304.8 e 0304.9 da NCM/SH;VEDADO;;2026-01-01;;https://dfe-portal.svrs.rs.gov.br/DFE/TabelaClassificacaoTributaria
200003;I;Queijos tipo mozarela, minas, prato, queijo de coalho, ricota, requeijão, queijo provolone, queijo parmesão, queijo fresco não maturado e queijo do reino classificados nos códigos 0406.10.10, 0406.10.90, 0406.20.00, 0406.90.10, 0406.90.20 e 0406.90.30 da NCM/SH;NCM;04061010;DESTINADOS À ALIMENTAÇÃO HUMANA;;PERMITIDO;;2026-01-01;;https://dfe-portal.svrs.rs.gov.br/DFE/TabelaClassificacaoTributaria
200003;I;Peixes e carnes de peixes (exceto salmonídeos, atuns, bacalhaus, hadoque, saithe e ovas e outros subprodutos) dos seguintes códigos, subposições e posições da NCM/SH: a) 03.02, exceto os produtos das subposições e dos códigos 0302.1, 0302.3, 0302.51.00, 0302.52.00, 0302.53.00 e 0302.9 da NCM/SH, b) 03.03, exceto os produtos das subposições e dos códigos 0303.1, 0303.4, 0303.63.00, 0303.64.00, 0303.65.00 e 0303.9 da NCM/SH, c) 03.04, exceto os salmonídeos, atuns, bacalhaus, hadoque e saithe classificados nas subposições 0304.4, 0304.5, 0304.7, 0304.8 e 0304.9 da NCM/SH;NCM;03036700;DESTINADOS À ALIMENTAÇÃO HUMANA;Produtos das subposições e dos códigos 0302.1, 0302.3, 0302.51.00, 0302.52.00, 0302.53.00 e 0302.9 da NCM/SH, produtos das subposições e dos códigos 0303.1, 0303.4, 0303.63.00, 0303.64.00, 0303.65.00 e 0303.9 da NCM/SH, salmonídeos, atuns, bacalhaus, hadoque e saithe classificados nas subposições 0304.4, 0304.5, 0304.7, 0304.8 e 0304.9 da NCM/SH;PERMITIDO;;2026-01-01;;https://dfe-portal.svrs.rs.gov.br/DFE/TabelaClassificacaoTributaria
200003;I;Peixes e carnes de peixes (exceto salmonídeos, atuns, bacalhaus, hadoque, saithe e ovas e outros subprodutos) dos seguintes códigos, subposições e posições da NCM/SH: a) 03.02, exceto os produtos das subposições e dos códigos 0302.1, 0302.3, 0302.51.00, 0302.52.00, 0302.53.00 e 0302.9 da NCM/SH, b) 03.03, exceto os produtos das subposições e dos códigos 0303.1, 0303.4, 0303.63.00, 0303.64.00, 0303.65.00 e 0303.9 da NCM/SH, c) 03.04, exceto os salmonídeos, atuns, bacalhaus, hadoque e saithe classificados nas subposições 0304.4, 0304.5, 0304.7, 0304.8 e 0304.9 da NCM/SH;NCM;03036800;DESTINADOS À ALIMENTAÇÃO HUMANA;Produtos das subposições e dos códigos 0302.1, 0302.3, 0302.51.00, 0302.52.00, 0302.53.00 e 0302.9 da NCM/SH, produtos das subposições e dos códigos 0303.1, 0303.4, 0303.63.00, 0303.64.00, 0303.65.00 e 0303.9 da NCM/SH, salmonídeos, atuns, bacalhaus, hadoque e saithe classificados nas subposições 0304.4, 0304.5, 0304.7, 0304.8 e 0304.9 da NCM/SH;PERMITIDO;;2026-01-01;;https://dfe-portal.svrs.rs.gov.br/DFE/TabelaClassificacaoTributaria
200003;I;Peixes e carnes de peixes (exceto salmonídeos, atuns, bacalhaus, hadoque, saithe e ovas e outros subprodutos) dos seguintes códigos, subposições e posições da NCM/SH: a) 03.02, exceto os produtos das subposições e dos códigos 0302.1, 0302.3, 0302.51.00, 0302.52.00, 0302.53.00 e 0302.9 da NCM/SH, b) 03.03, exceto os produtos das subposições e dos códigos 0303.1, 0303.4, 0303.63.00, 0303.64.00, 0303.65.00 e 0303.9 da NCM/SH, c) 03.04, exceto os salmonídeos, atuns, bacalhaus, hadoque e saithe classificados nas subposições 0304.4, 0304.5, 0304.7, 0304.8 e 0304.9 da NCM/SH;NCM;03036910;DESTINADOS À ALIMENTAÇÃO HUMANA;Produtos das subposições e dos códigos 0302.1, 0302.3, 0302.51.00, 0302.52.00, 0302.53.00 e 0302.9 da NCM/SH, produtos das subposições e dos códigos 0303.1, 0303.4, 0303.63.00, 0303.64.00, 0303.65.00 e 0303.9 da NCM/SH, salmonídeos, atuns, bacalhaus, hadoque e saithe classificados nas subposições 0304.4, 0304.5, 0304.7, 0304.8 e 0304.9 da NCM/SH;PERMITIDO;;2026-01-01;;https://dfe-portal.svrs.rs.gov.br/DFE/TabelaClassificacaoTributaria
200003;I;Peixes e carnes de peixes (exceto salmonídeos, atuns, bacalhaus, hadoque, saithe e ovas e outros subprodutos) dos seguintes códigos, subposições e posições da NCM/SH: a) 03.02, exceto os produtos das subposições e dos códigos 0302.1, 0302.3, 0302.51.00, 0302.52.00, 0302.53.00 e 0302.9 da NCM/SH, b) 03.03, exceto os produtos das subposições e dos códigos 0303.1, 0303.4, 0303.63.00, 0303.64.00, 0303.65.00 e 0303.9 da NCM/SH, c) 03.04, exceto os salmonídeos, atuns, bacalhaus, hadoque e saithe classificados nas subposições 0304.4, 0304.5, 0304.7, 0304.8 e 0304.9 da NCM/SH;NCM;03036990;DESTINADOS À ALIMENTAÇÃO HUMANA;Produtos das subposições e dos códigos 0302.1, 0302.3, 0302.51.00, 0302.52.00, 0302.53.00 e 0302.9 da NCM/SH, produtos das subposições e dos códigos 0303.1, 0303.4, 0303.63.00, 0303.64.00, 0303.65.00 e 0303.9 da NCM/SH, salmonídeos, atuns, bacalhaus, hadoque e saithe classificados nas subposições 0304.4, 0304.5, 0304.7, 0304.8 e 0304.9 da NCM/SH;PERMITIDO;;2026-01-01;;https://dfe-portal.svrs.rs.gov.br/DFE/TabelaClassificacaoTributaria
200003;I;Peixes e carnes de peixes (exceto salmonídeos, atuns, bacalhaus, hadoque, saithe e ovas e outros subprodutos) dos seguintes códigos, subposições e posições da NCM/SH: a) 03.02, exceto os produtos das subposições e dos códigos 0302.1, 0302.3, 0302.51.00, 0302.52.00, 0302.53.00 e 0302.9 da NCM/SH, b) 03.03, exceto os produtos das subposições e dos códigos 0303.1, 0303.4, 0303.63.00, 0303.64.00, 0303.65.00 e 0303.9 da NCM/SH, c) 03.04, exceto os salmonídeos, atuns, bacalhaus, hadoque e saithe classificados nas subposições 0304.4, 0304.5, 0304.7, 0304.8 e 0304.9 da NCM/SH;NCM;03038111;DESTINADOS À ALIMENTAÇÃO HUMANA;Produtos das subposições e dos códigos 0302.1, 0302.3, 0302.51.00, 0302.52.00, 0302.53.00 e 0302.9 da NCM/SH, produtos das subposições e dos códigos 0303.1, 0303.4, 0303.63.00, 0303.64.00, 0303.65.00 e 0303.9 da NCM/SH, salmonídeos, atuns, bacalhaus, hadoque e saithe classificados nas subposições 0304.4, 0304.5, 0304.7, 0304.8 e 0304.9 da NCM/SH;PERMITIDO;;2026-01-01;;https://dfe-portal.svrs.rs.gov.br/DFE/TabelaClassificacaoTributaria
200003;I;Peixes e carnes de peixes (exceto salmonídeos, atuns, bacalhaus, hadoque, saithe e ovas e outros subprodutos) dos seguintes códigos, subposições e posições da NCM/SH: a) 03.02, exceto os produtos das subposições e dos códigos 0302.1, 0302.3, 0302.51.00, 0302.52.00, 0302.53.00 e 0302.9 da NCM/SH, b) 03.03, exceto os produtos das subposições e dos códigos 0303.1, 0303.4, 0303.63.00, 0303.64.00, 0303.65.00 e 0303.9 da NCM/SH, c) 03.04, exceto os salmonídeos, atuns, bacalhaus, hadoque e saithe classificados nas subposições 0304.4, 0304.5, 0304.7, 0304.8 e 0304.9 da NCM/SH;NCM;03038112;DESTINADOS À ALIMENTAÇÃO HUMANA;Produtos das subposições e dos códigos 0302.1, 0302.3, 0302.51.00, 0302.52.00, 0302.53.00 e 0302.9 da NCM/SH, produtos das subposições e dos códigos 0303.1, 0303.4, 0303.63.00, 0303.64.00, 0303.65.00 e 0303.9 da NCM/SH, salmonídeos, atuns, bacalhaus, hadoque e saithe classificados nas subposições 0304.4, 0304.5, 0304.7, 0304.8 e 0304.9 da NCM/SH;PERMITIDO;;2026-01-01;;https://dfe-portal.svrs.rs.gov.br/DFE/TabelaClassificacaoTributaria
200003;I;Peixes e carnes de peixes (exceto salmonídeos, atuns, bacalhaus, hadoque, saithe e ovas e outros subprodutos) dos seguintes códigos, subposições e posições da NCM/SH: a) 03.02, exceto os produtos das subposições e dos códigos 0302.1, 0302.3, 0302.51.00, 0302.52.00, 0302.53.00 e 0302.9 da NCM/SH, b) 03.03, exceto os produtos das subposições e dos códigos 0303.1, 0303.4, 0303.63.00, 0303.64.00, 0303.65.00 e 0303.9 da NCM/SH, c) 03.04, exceto os salmonídeos, atuns, bacalhaus, hadoque e saithe classificados nas subposições 0304.4, 0304.5, 0304.7, 0304.8 e 0304.9 da NCM/SH;NCM;03038113;DESTINADOS À ALIMENTAÇÃO HUMANA;Produtos das subposições e dos códigos 0302.1, 0302.3, 0302.51.00, 0302.52.00, 0302.53.00 e 0302.9 da NCM/SH, produtos das subposições e dos códigos 0303.1, 0303.4, 0303.63.00, 0303.64.00, 0303.65.00 e 0303.9 da NCM/SH, salmonídeos, atuns, bacalhaus, hadoque e saithe classificados nas subposições 0304.4, 0304.5, 0304.7, 0304.8 e 0304.9 da NCM/SH;PERMITIDO;;2026-01-01;;https://dfe-portal.svrs.rs.gov.br/DFE/TabelaClassificacaoTributaria
200003;I;Peixes e carnes de peixes (exceto salmonídeos, atuns, bacalhaus, hadoque, saithe e ovas e outros subprodutos) dos seguintes códigos, subposições e posições da NCM/SH: a) 03.02, exceto os produtos das subposições e dos códigos 0302.1, 0302.3, 0302.51.00, 0302.52.00, 0302.53.00 e 0302.9 da NCM/SH, b) 03.03, exceto os produtos das subposições e dos códigos 0303.1, 0303.4, 0303.63.00, 0303.64.00, 0303.65.00 e 0303.9 da NCM/SH, c) 03.04, exceto os salmonídeos, atuns, bacalhaus, hadoque e saithe classificados nas subposições 0304.4, 0304.5, 0304.7, 0304.8 e 0304.9 da NCM/SH;NCM;03049400;;Produtos das subposições e dos códigos 0302.1, 0302.3, 0302.51.00, 0302.52.00, 0302.53.00 e 0302.9 da NCM/SH, produtos das subposições e dos códigos 0303.1, 0303.4, 0303.63.00, 0303.64.00, 0303.65.00 e 0303.9 da NCM/SH, salmonídeos, atuns, bacalhaus, hadoque e saithe classificados nas subposições 0304.4, 0304.5, 0304.7, 0304.8 e 0304.9 da NCM/SH;VEDADO;;2026-01-01;;https://dfe-portal.svrs.rs.gov.br/DFE/TabelaClassificacaoTributaria
200003;I;Peixes e carnes de peixes (exceto salmonídeos, atuns, bacalhaus, hadoque, saithe e ovas e outros subprodutos) dos seguintes códigos, subposições e posições da NCM/SH: a) 03.02, exceto os produtos das subposições e dos códigos 0302.1, 0302.3, 0302.51.00, 0302.52.00, 0302.53.00 e 0302.9 da NCM/SH, b) 03.03, exceto os produtos das subposições e dos códigos 0303.1, 0303.4, 0303.63.00, 0303.64.00, 0303.65.00 e 0303.9 da NCM/SH, c) 03.04, exceto os salmonídeos, atuns, bacalhaus, hadoque e saithe classificados nas subposições 0304.4, 0304.5, 0304.7, 0304.8 e 0304.9 da NCM/SH;NCM;03038114;DESTINADOS À ALIMENTAÇÃO HUMANA;Produtos das subposições e dos códigos 0302.1, 0302.3, 0302.51.00, 0302.52.00, 0302.53.00 e 0302.9 da NCM/SH, produtos das subposições e dos códigos 0303.1, 0303.4, 0303.63.00, 0303.64.00, 0303.65.00 e 0303.9 da NCM/SH, salmonídeos, atuns, bacalhaus, hadoque e saithe classificados nas subposições 0304.4, 0304.5, 0304.7, 0304.8 e 0304.9 da NCM/SH;PERMITIDO;;2026-01-01;;https://dfe-portal.svrs.rs.gov.br/DFE/TabelaClassificacaoTributaria
200003;I;Peixes e carnes de peixes (exceto salmonídeos, atuns, bacalhaus, hadoque, saithe e ovas e outros subprodutos) dos seguintes códigos, subposições e posições da NCM/SH: a) 03.02, exceto os produtos das subposições e dos códigos 0302.1, 0302.3, 0302.51.00, 0302.52.00, 0302.53.00 e 0302.9 da NCM/SH, b) 03.03, exceto os produtos das subposições e dos códigos 0303.1, 0303.4, 0303.63.00, 0303.64.00, 0303.65.00 e 0303.9 da NCM/SH, c) 03.04, exceto os salmonídeos, atuns, bacalhaus, hadoque e saithe classificados nas subposições 0304.4, 0304.5, 0304.7, 0304.8 e 0304.9 da NCM/SH;NCM;03038119;DESTINADOS À ALIMENTAÇÃO HUMANA;Produtos das subposições e dos códigos 0302.1, 0302.3, 0302.51.00, 0302.52.00, 0302.53.00 e 0302.9 da NCM/SH, produtos das subposições e dos códigos 0303.1, 0303.4, 0303.63.00, 0303.64.00, 0303.65.00 e 0303.9 da NCM/SH, salmonídeos, atuns, bacalhaus, hadoque e saithe classificados nas subposições 0304.4, 0304.5, 0304.7, 0304.8 e 0304.9 da NCM/SH;PERMITIDO;;2026-01-01;;https://dfe-portal.svrs.rs.gov.br/DFE/TabelaClassificacaoTributaria
200003;I;Peixes e carnes de peixes (exceto salmonídeos, atuns, bacalhaus, hadoque, saithe e ovas e outros subprodutos) dos seguintes códigos, subposições e posições da NCM/SH: a) 03.02, exceto os produtos das subposições e dos códigos 0302.1, 0302.3, 0302.51.00, 0302.52.00, 0302.53.00 e 0302.9 da NCM/SH, b) 03.03, exceto os produtos das subposições e dos códigos 0303.1, 0303.4, 0303.63.00, 0303.64.00, 0303.65.00 e 0303.9 da NCM/SH, c) 03.04, exceto os salmonídeos, atuns, bacalhaus, hadoque e saithe classificados nas subposições 0304.4, 0304.5, 0304.7, 0304.8 e 0304.9 da NCM/SH;NCM;03038190;DESTINADOS À ALIMENTAÇÃO HUMANA;Produtos das subposições e dos códigos 0302.1, 0302.3, 0302.51.00, 0302.52.00, 0302.53.00 e 0302.9 da NCM/SH, produtos das subposições e dos códigos 0303.1, 0303.4, 0303.63.00, 0303.64.00, 0303.65.00 e 0303.9 da NCM/SH, salmonídeos, atuns, bacalhaus, hadoque e saithe classificados nas subposições 0304.4, 0304.5, 0304.7, 0304.8 e 0304.9 da NCM/SH;PERMITIDO;;2026-01-01;;https://dfe-portal.svrs.rs.gov.br/DFE/TabelaClassificacaoTributaria
200003;I;Fórmulas Dietoterápicas para Erros Inatos do Metabolismo da NCM 2106.9090;NCM;21069090;DESTINADOS À ALIMENTAÇÃO HUMANA;;PERMITIDO;;2026-01-01;;https://dfe-portal.svrs.rs.gov.br/DFE/TabelaClassificacaoTributaria
200003;I;Peixes e carnes de peixes (exceto salmonídeos, atuns, bacalhaus, hadoque, saithe e ovas e outros subprodutos) dos seguintes códigos, subposições e posições da NCM/SH: a) 03.02, exceto os produtos das subposições e dos códigos 0302.1, 0302.3, 0302.51.00, 0302.52.00, 0302.53.00 e 0302.9 da NCM/SH, b) 03.03, exceto os produtos das subposições e dos códigos 0303.1, 0303.4, 0303.63.00, 0303.64.00, 0303.65.00 e 0303.9 da NCM/SH, c) 03.04, exceto os salmonídeos, atuns, bacalhaus, hadoque e saithe classificados nas subposições 0304.4, 0304.5, 0304.7, 0304.8 e 0304.9 da NCM/SH;NCM;03038200;DESTINADOS À ALIMENTAÇÃO HUMANA;Produtos das subposições e dos códigos 0302.1, 0302.3, 0302.51.00, 0302.52.00, 0302.53.00 e 0302.9 da NCM/SH, produtos das subposições e dos códigos 0303.1, 0303.4, 0303.63.00, 0303.64.00, 0303.65.00 e 0303.9 da NCM/SH, salmonídeos, atuns, bacalhaus, hadoque e saithe classificados nas subposições 0304.4, 0304.5, 0304.7, 0304.8 e 0304.9 da NCM/SH;PERMITIDO;;2026-01-01;;https://dfe-portal.svrs.rs.gov.br/DFE/TabelaClassificacaoTributaria
200003;I;Peixes e carnes de peixes (exceto salmonídeos, atuns, bacalhaus, hadoque, saithe e ovas e outros subprodutos) dos seguintes códigos, subposições e posições da NCM/SH: a) 03.02, exceto os produtos das subposições e dos códigos 0302.1, 0302.3, 0302.51.00, 0302.52.00, 0302.53.00 e 0302.9 da NCM/SH, b) 03.03, exceto os produtos das subposições e dos códigos 0303.1, 0303.4, 0303.63.00, 0303.64.00, 0303.65.00 e 0303.9 da NCM/SH, c) 03.04, exceto os salmonídeos, atuns, bacalhaus, hadoque e saithe classificados nas subposições 0304.4, 0304.5, 0304.7, 0304.8 e 0304.9 da NCM/SH;NCM;03038311;DESTINADOS À ALIMENTAÇÃO HUMANA;Produtos das subposições e dos códigos 0302.1, 0302.3, 0302.51.00, 0302.52.00, 0302.53.00 e 0302.9 da NCM/SH, produtos das subposições e dos códigos 0303.1, 0303.4, 0303.63.00, 0303.64.00, 0303.65.00 e 0303.9 da NCM/SH, salmonídeos, atuns, bacalhaus, hadoque e saithe classificados nas subposições 0304.4, 0304.5, 0304.7, 0304.8 e 0304.9 da NCM/SH;PERMITIDO;;2026-01-01;;https://dfe-portal.svrs.rs.gov.br/DFE/TabelaClassificacaoTributaria
200003;I;Peixes e carnes de peixes (exceto salmonídeos, atuns, bacalhaus, hadoque, saithe e ovas e outros subprodutos) dos seguintes códigos, subposições e posições da NCM/SH: a) 03.02, exceto os produtos das subposições e dos códigos 0302.1, 0302.3, 0302.51.00, 0302.52.00, 0302.53.00 e 0302.9 da NCM/SH, b) 03.03, exceto os produtos das subposições e dos códigos 0303.1, 0303.4, 0303.63.00, 0303.64.00, 0303.65.00 e 0303.9 da NCM/SH, c) 03.04, exceto os salmonídeos, atuns, bacalhaus, hadoque e saithe classificados nas subposições 0304.4, 0304.5, 0304.7, 0304.8 e 0304.9 da NCM/SH;NCM;03038319;DESTINADOS À ALIMENTAÇÃO HUMANA;Produtos das subposições e dos códigos 0302.1, 0302.3, 0302.51.00, 0302.52.00, 0302.53.00 e 0302.9 da NCM/SH, produtos das subposições e dos códigos 0303.1, 0303.4, 0303.63.00, 0303.64.00, 0303.65.00 e 0303.9 da NCM/SH, salmonídeos, atuns, bacalhaus, hadoque e saithe classificados nas subposições 0304.4, 0304.5, 0304.7, 0304.8 e 0304.9 da NCM/SH;PERMITIDO;;2026-01-01;;https://dfe-portal.svrs.rs.gov.br/DFE/TabelaClassificacaoTributaria
200003;I;Peixes e carnes de peixes (exceto salmonídeos, atuns, bacalhaus, hadoque, saithe e ovas e outros subprodutos) dos seguintes códigos, subposições e posições da NCM/SH: a) 03.02, exceto os produtos das subposições e dos códigos 0302.1, 0302.3, 0302.51.00, 0302.52.00, 0302.53.00 e 0302.9 da NCM/SH, b) 03.03, exceto os produtos das subposições e dos códigos 0303.1, 0303.4, 0303.63.00, 0303.64.00, 0303.65.00 e 0303.9 da NCM/SH, c) 03.04, exceto os salmonídeos, atuns, bacalhaus, hadoque e saithe classificados nas subposições 0304.4, 0304.5, 0304.7, 0304.8 e 0304.9 da NCM/SH;NCM;03048890;;Produtos das subposições e dos códigos 0302.1, 0302.3, 0302.51.00, 0302.52.00, 0302.53.00 e 0302.9 da NCM/SH, produtos das subposições e dos códigos 0303.1, 0303.4, 0303.63.00, 0303.64.00, 0303.65.00 e 0303.9 da NCM/SH, salmonídeos, atuns, bacalhaus, hadoque e saithe classificados nas subposições 0304.4, 0304.5, 0304.7, 0304.8 e 0304.9 da NCM/SH;VEDADO;;2026-01-01;;https://dfe-portal.svrs.rs.gov.br/DFE/TabelaClassificacaoTributaria
200003;I;Peixes e carnes de peixes (exceto salmonídeos, atuns, bacalhaus, hadoque, saithe e ovas e outros subprodutos) dos seguintes códigos, subposições e posições da NCM/SH: a) 03.02, exceto os produtos das subposições e dos códigos 0302.1, 0302.3, 0302.51.00, 0302.52.00, 0302.53.00 e 0302.9 da NCM/SH, b) 03.03, exceto os produtos das subposições e dos códigos 0303.1, 0303.4, 0303.63.00, 0303.64.00, 0303.65.00 e 0303.9 da NCM/SH, c) 03.04, exceto os salmonídeos, atuns, bacalhaus, hadoque e saithe classificados nas subposições 0304.4, 0304.5, 0304.7, 0304.8 e 0304.9 da NCM/SH;NCM;03038321;DESTINADOS À ALIMENTAÇÃO HUMANA;Produtos das subposições e dos códigos 0302.1, 0302.3, 0302.51.00, 0302.52.00, 0302.53.00 e 0302.9 da NCM/SH, produtos das subposições e dos códigos 0303.1, 0303.4, 0303.63.00, 0303.64.00, 0303.65.00 e 0303.9 da NCM/SH, salmonídeos, atuns, bacalhaus, hadoque e saithe classificados nas subposições 0304.4, 0304.5, 0304.7, 0304.8 e 0304.9 da NCM/SH;PERMITIDO;;2026-01-01;;https://dfe-portal.svrs.rs.gov.br/DFE/TabelaClassificacaoTributaria
200003;I;Peixes e carnes de peixes (exceto salmonídeos, atuns, bacalhaus, hadoque, saithe e ovas e outros subprodutos) dos seguintes códigos, subposições e posições da NCM/SH: a) 03.02, exceto os produtos das subposições e dos códigos 0302.1, 0302.3, 0302.51.00, 0302.52.00, 0302.53.00 e 0302.9 da NCM/SH, b) 03.03, exceto os produtos das subposições e dos códigos 0303.1, 0303.4, 0303.63.00, 0303.64.00, 0303.65.00 e 0303.9 da NCM/SH, c) 03.04, exceto os salmonídeos, atuns, bacalhaus, hadoque e saithe classificados nas subposições 0304.4, 0304.5, 0304.7, 0304.8 e 0304.9 da NCM/SH;NCM;03038329;DESTINADOS À ALIMENTAÇÃO HUMANA;Produtos das subposições e dos códigos 0302.1, 0302.3, 0302.51.00, 0302.52.00, 0302.53.00 e 0302.9 da NCM/SH, produtos das subposições e dos códigos 0303.1, 0303.4, 0303.63.00, 0303.64.00, 0303.65.00 e 0303.9 da NCM/SH, salmonídeos, atuns, bacalhaus, hadoque e saithe classificados nas subposições 0304.4, 0304.5, 0304.7, 0304.8 e 0304.9 da NCM/SH;PERMITIDO;;2026-01-01;;https://dfe-portal.svrs.rs.gov.br/DFE/TabelaClassificacaoTributaria
200003;I;Peixes e carnes de peixes (exceto salmonídeos, atuns, bacalhaus, hadoque, saithe e ovas e outros subprodutos) dos seguintes códigos, subposições e posições da NCM/SH: a) 03.02, exceto os produtos das subposições e dos códigos 0302.1, 0302.3, 0302.51.00, 0302.52.00, 0302.53.00 e 0302.9 da NCM/SH, b) 03.03, exceto os produtos das subposições e dos códigos 0303.1, 0303.4, 0303.63.00, 0303.64.00, 0303.65.00 e 0303.9 da NCM/SH, c) 03.04, exceto os salmonídeos, atuns, bacalhaus, hadoque e saithe classificados nas subposições 0304.4, 0304.5, 0304.7, 0304.8 e 0304.9 da NCM/SH;NCM;03038400;DESTINADOS À ALIMENTAÇÃO HUMANA;Produtos das subposições e dos códigos 0302.1, 0302.3, 0302.51.00, 0302.52.00, 0302.53.00 e 0302.9 da NCM/SH, produtos das subposições e dos códigos 0303.1, 0303.4, 0303.63.00, 0303.64.00, 0303.65.00 e 0303.9 da NCM/SH, salmonídeos, atuns, bacalhaus, hadoque e saithe classificados nas subposições 0304.4, 0304.5, 0304.7, 0304.8 e 0304.9 da NCM/SH;PERMITIDO;;2026-01-01;;https://dfe-portal.svrs.rs.gov.br/DFE/TabelaClassificacaoTributaria
200003;I;Peixes e carnes de peixes (exceto salmonídeos, atuns, bacalhaus, hadoque, saithe e ovas e outros subprodutos) dos seguintes códigos, subposições e posições da NCM/SH: a) 03.02, exceto os produtos das subposições e dos códigos 0302.1, 0302.3, 0302.51.00, 0302.52.00, 0302.53.00 e 0302.9 da NCM/SH, b) 03.03, exceto os produtos das subposições e dos códigos 0303.1, 0303.4, 0303.63.00, 0303.64.00, 0303.65.00 e 0303.9 da NCM/SH, c) 03.04, exceto os salmonídeos, atuns, bacalhaus, hadoque e saithe classificados nas subposições 0304.4, 0304.5, 0304.7, 0304.8 e 0304.9 da NCM/SH;NCM;03038910;DESTINADOS À ALIMENTAÇÃO HUMANA;Produtos das subposições e dos códigos 0302.1, 0302.3, 0302.51.00, 0302.52.00, 0302.53.00 e 0302.9 da NCM/SH, produtos das subposições e dos códigos 0303.1, 0303.4, 0303.63.00, 0303.64.00, 0303.65.00 e 0303.9 da NCM/SH, salmonídeos, atuns, bacalhaus, hadoque e saithe classificados nas subposições 0304.4, 0304.5, 0304.7, 0304.8 e 0304.9 da NCM/SH;PERMITIDO;;2026-01-01;;https://dfe-portal.svrs.rs.gov.br/DFE/TabelaClassificacaoTributaria
200003;I;Peixes e carnes de peixes (exceto salmonídeos, atuns, bacalhaus, hadoque, saithe e ovas e outros subprodutos) dos seguintes códigos, subposições e posições da NCM/SH: a) 03.02, exceto os produtos das subposições e dos códigos 0302.1, 0302.3, 0302.51.00, 0302.52.00, 0302.53.00 e 0302.9 da NCM/SH, b) 03.03, exceto os produtos das subposições e dos códigos 0303.1, 0303.4, 0303.63.00, 0303.64.00, 0303.65.00 e 0303.9 da NCM/SH, c) 03.04, exceto os salmonídeos, atuns, bacalhaus, hadoque e saithe classificados nas subposições 0304.4, 0304.5, 0304.7, 0304.8 e 0304.9 da NCM/SH;NCM;03038920;DESTINADOS À ALIMENTAÇÃO HUMANA;Produtos das subposições e dos códigos 0302.1, 0302.3, 0302.51.00, 0302.52.00, 0302.53.00 e 0302.9 da NCM/SH, produtos das subposições e dos códigos 0303.1, 0303.4, 0303.63.00, 0303.64.00, 0303.65.00 e 0303.9 da NCM/SH, salmonídeos, atuns, bacalhaus, hadoque e saithe classificados nas subposições 0304.4, 0304.5, 0304.7, 0304.8 e 0304.9 da NCM/SH;PERMITIDO;;2026-01-01;;https://dfe-portal.svrs.rs.gov.br/DFE/TabelaClassificacaoTributaria
200003;I;Peixes e carnes de peixes (exceto salmonídeos, atuns, bacalhaus, hadoque, saithe e ovas e outros subprodutos) dos seguintes códigos, subposições e posições da NCM/SH: a) 03.02, exceto os produtos das subposições e dos códigos 0302.1, 0302.3, 0302.51.00, 0302.52.00, 0302.53.00 e 0302.9 da NCM/SH, b) 03.03, exceto os produtos das subposições e dos códigos 0303.1, 0303.4, 0303.63.00, 0303.64.00, 0303.65.00 e 0303.9 da NCM/SH, c) 03.04, exceto os salmonídeos, atuns, bacalhaus, hadoque e saithe classificados nas subposições 0304.4, 0304.5, 0304.7, 0304.8 e 0304.9 da NCM/SH;NCM;03038932;DESTINADOS À ALIMENTAÇÃO HUMANA;Produtos das subposições e dos códigos 0302.1, 0302.3, 0302.51.00, 0302.52.00, 0302.53.00 e 0302.9 da NCM/SH, produtos das subposições e dos códigos 0303.1, 0303.4, 0303.63.00, 0303.64.00, 0303.65.00 e 0303.9 da NCM/SH, salmonídeos, atuns, bacalhaus, hadoque e saithe classificados nas subposições 0304.4, 0304.5, 0304.7, 0304.8 e 0304.9 da NCM/SH;PERMITIDO;;2026-01-01;;https://dfe-portal.svrs.rs.gov.br/DFE/TabelaClassificacaoTributaria
200003;I;Peixes e carnes de peixes (exceto salmonídeos, atuns, bacalhaus, hadoque, saithe e ovas e outros subprodutos) dos seguintes códigos, subposições e posições da NCM/SH: a) 03.02, exceto os produtos das subposições e dos códigos 0302.1, 0302.3, 0302.51.00, 0302.52.00, 0302.53.00 e 0302.9 da NCM/SH, b) 03.03, exceto os produtos das subposições e dos códigos 0303.1, 0303.4, 0303.63.00, 0303.64.00, 0303.65.00 e 0303.9 da NCM/SH, c) 03.04, exceto os salmonídeos, atuns, bacalhaus, hadoque e saithe classificados nas subposições 0304.4, 0304.5, 0304.7, 0304.8 e 0304.9 da NCM/SH;NCM;03048920;;Produtos das subposições e dos códigos 0302.1, 0302.3, 0302.51.00, 0302.52.00, 0302.53.00 e 0302.9 da NCM/SH, produtos das subposições e dos códigos 0303.1, 0303.4, 0303.63.00, 0303.64.00, 0303.65.00 e 0303.9 da NCM/SH, salmonídeos, atuns, bacalhaus, hadoque e saithe classificados nas subposições 0304.4, 0304.5, 0304.7, 0304.8 e 0304.9 da NCM/SH;VEDADO;;2026-01-01;;https://dfe-portal.svrs.rs.gov.br/DFE/TabelaClassificacaoTributaria
200003;I;Peixes e carnes de peixes (exceto salmonídeos, atuns, bacalhaus, hadoque, saithe e ovas e outros subprodutos) dos seguintes códigos, subposições e posições da NCM/SH: a) 03.02, exceto os produtos das subposições e dos códigos 0302.1, 0302.3, 0302.51.00, 0302.52.00, 0302.53.00 e 0302.9 da NCM/SH, b) 03.03, exceto os produtos das subposições e dos códigos 0303.1, 0303.4, 0303.63.00, 0303.64.00, 0303.65.00 e 0303.9 da NCM/SH, c) 03.04, exceto os salmonídeos, atuns, bacalhaus, hadoque e saithe classificados nas subposições 0304.4, 0304.5, 0304.7, 0304.8 e 0304.9 da NCM/SH;NCM;03038933;DESTINADOS À ALIMENTAÇÃO HUMANA;Produtos das subposições e dos códigos 0302.1, 0302.3, 0302.51.00, 0302.52.00, 0302.53.00 e 0302.9 da NCM/SH, produtos das subposições e dos códigos 0303.1, 0303.4, 0303.63.00, 0303.64.00, 0303.65.00 e 0303.9 da NCM/SH, salmonídeos, atuns, bacalhaus, hadoque e saithe classificados nas subposições 0304.4, 0304.5, 0304.7, 0304.8 e 0304.9 da NCM/SH;PERMITIDO;;2026-01-01;;https://dfe-portal.svrs.rs.gov.br/DFE/TabelaClassificacaoTributaria
200003;I;Peixes e carnes de peixes (exceto salmonídeos, atuns, bacalhaus, hadoque, saithe e ovas e outros subprodutos) dos seguintes códigos, subposições e posições da NCM/SH: a) 03.02, exceto os produtos das subposições e dos códigos 0302.1, 0302.3, 0302.51.00, 0302.52.00, 0302.53.00 e 0302.9 da NCM/SH, b) 03.03, exceto os produtos das subposições e dos códigos 0303.1, 0303.4, 0303.63.00, 0303.64.00, 0303.65.00 e 0303.9 da NCM/SH, c) 03.04, exceto os salmonídeos, atuns, bacalhaus, hadoque e saithe classificados nas subposições 0304.4, 0304.5, 0304.7, 0304.8 e 0304.9 da NCM/SH;NCM;03038941;DESTINADOS À ALIMENTAÇÃO HUMANA;Produtos das subposições e dos códigos 0302.1, 0302.3, 0302.51.00, 0302.52.00, 0302.53.00 e 0302.9 da NCM/SH, produtos das subposições e dos códigos 0303.1, 0303.4, 0303.63.00, 0303.64.00, 0303.65.00 e 0303.9 da NCM/SH, salmonídeos, atuns, bacalhaus, hadoque e saithe classificados nas subposições 0304.4, 0304.5, 0304.7, 0304.8 e 0304.9 da NCM/SH;PERMITIDO;;2026-01-01;;https://dfe-portal.svrs.rs.gov.br/DFE/TabelaClassificacaoTributaria
200003;I;Peixes e carnes de peixes (exceto salmonídeos, atuns, bacalhaus, hadoque, saithe e ovas e outros subprodutos) dos seguintes códigos, subposições e posições da NCM/SH: a) 03.02, exceto os produtos das subposições e dos códigos 0302.1, 0302.3, 0302.51.00, 0302.52.00, 0302.53.00 e 0302.9 da NCM/SH, b) 03.03, exceto os produtos das subposições e dos códigos 0303.1, 0303.4, 0303.63.00, 0303.64.00, 0303.65.00 e 0303.9 da NCM/SH, c) 03.04, exceto os salmonídeos, atuns, bacalhaus, hadoque e saithe classificados nas subposições 0304.4, 0304.5, 0304.7, 0304.8 e 0304.9 da NCM/SH;NCM;03038942;DESTINADOS À ALIMENTAÇÃO HUMANA;Produtos das subposições e dos códigos 0302.1, 0302.3, 0302.51.00, 0302.52.00, 0302.53.00 e 0302.9 da NCM/SH, produtos das subposições e dos códigos 0303.1, 0303.4, 0303.63.00, 0303.64.00, 0303.65.00 e 0303.9 da NCM/SH, salmonídeos, atuns, bacalhaus, hadoque e saithe classificados nas subposições 0304.4, 0304.5, 0304.7, 0304.8 e 0304.9 da NCM/SH;PERMITIDO;;2026-01-01;;https://dfe-portal.svrs.rs.gov.br/DFE/TabelaClassificacaoTributaria
200014;XV;Ovos da subposição 0407.2 da NCM/SH;NCM;04072100;PRODUTOS HORTÍCOLAS, FRUTAS E OVOS;;PERMITIDO;;2026-01-01;;https://dfe-portal.svrs.rs.gov.br/DFE/TabelaClassificacaoTributaria
200014;XV;Ovos da subposição 0407.2 da NCM/SH;NCM;04072900;PRODUTOS HORTÍCOLAS, FRUTAS E OVOS;;PERMITIDO;;2026-01-01;;https://dfe-portal.svrs.rs.gov.br/DFE/TabelaClassificacaoTributaria
200014;XV;Produtos hortícolas das posições 07.01, 07.02.00.00, 07.03, 07.04, 07.05, 07.06, 0707.00.00, 07.08, 07.09 e 07.10, exceto os cogumelos e trufas classificados na subposição 0709.5 e no código 0710.80.00 da NCM/SH;NCM;07011000;PRODUTOS HORTÍCOLAS, FRUTAS E OVOS;Cogumelos e trufas classificados na subposição 0709.5 e no código 0710.80.00 da NCM/SH;PERMITIDO;;2026-01-01;;https://dfe-portal.svrs.rs.gov.br/DFE/TabelaClassificacaoTributaria
200014;XV;Produtos hortícolas das posições 07.01, 07.02.00.00, 07.03, 07.04, 07.05, 07.06, 0707.00.00, 07.08, 07.09 e 07.10, exceto os cogumelos e trufas classificados na subposição 0709.5 e no código 0710.80.00 da NCM/SH;NCM;07019000;PRODUTOS HORTÍCOLAS, FRUTAS E OVOS;Cogumelos e trufas classificados na subposição 0709.5 e no código 0710.80.00 da NCM/SH;PERMITIDO;;2026-01-01;;https://dfe-portal.svrs.rs.gov.br/DFE/TabelaClassificacaoTributaria
200014;XV;Produtos hortícolas das posições 07.01, 07.02.00.00, 07.03, 07.04, 07.05, 07.06, 0707.00.00, 07.08, 07.09 e 07.10, exceto os cogumelos e trufas classificados na subposição 0709.5 e no código 0710.80.00 da NCM/SH;NCM;07020000;PRODUTOS HORTÍCOLAS, FRUTAS E OVOS;Cogumelos e trufas classificados na subposição 0709.5 e no código 0710.80.00 da NCM/SH;PERMITIDO;;2026-01-01;;https://dfe-portal.svrs.rs.gov.br/DFE/TabelaClassificacaoTributaria
200014;XV;Produtos hortícolas das posições 07.01, 07.02.00.00, 07.03, 07.04, 07.05, 07.06, 0707.00.00, 07.08, 07.09 e 07.10, exceto os cogumelos e trufas classificados na subposição 0709.5 e no código 0710.80.00 da NCM/SH;NCM;07031011;PRODUTOS HORTÍCOLAS, FRUTAS E OVOS;Cogumelos e trufas classificados na subposição 0709.5 e no código 0710.80.00 da NCM/SH;PERMITIDO;;2026-01-01;;https://dfe-portal.svrs.rs.gov.br/DFE/TabelaClassificacaoTributaria
200014;XV;Produtos hortícolas das posições 07.01, 07.02.00.00, 07.03, 07.04, 07.05, 07.06, 0707.00.00, 07.08, 07.09 e 07.10, exceto os cogumelos e trufas classificados na subposição 0709.5 e no código 0710.80.00 da NCM/SH;NCM;07031019;PRODUTOS HORTÍCOLAS, FRUTAS E OVOS;Cogumelos e trufas classificados na subposição 0709.5 e no código 0710.80.00 da NCM/SH;PERMITIDO;;2026-01-01;;https://dfe-portal.svrs.rs.gov.br/DFE/TabelaClassificacaoTributaria
200014;XV;Produtos hortícolas das posições 07.01, 07.02.00.00, 07.03, 07.04, 07.05, 07.06, 0707.00.00, 07.08, 07.09 e 07.10, exceto os cogumelos e trufas classificados na subposição 0709.5 e no código 0710.80.00 da NCM/SH;NCM;07031021;PRODUTOS HORTÍCOLAS, FRUTAS E OVOS;Cogumelos e trufas classificados na subposição 0709.5 e no código 0710.80.00 da NCM/SH;PERMITIDO;;2026-01-01;;https://dfe-portal.svrs.rs.gov.br/DFE/TabelaClassificacaoTributaria
200014;XV;Produtos hortícolas das posições 07.01, 07.02.00.00, 07.03, 07.04, 07.05, 07.06, 0707.00.00, 07.08, 07.09 e 07.10, exceto os cogumelos e trufas classificados na subposição 0709.5 e no código 0710.80.00 da NCM/SH;NCM;07031029;PRODUTOS HORTÍCOLAS, FRUTAS E OVOS;Cogumelos e trufas classificados na subposição 0709.5 e no código 0710.80.00 da NCM/SH;PERMITIDO;;2026-01-01;;https://dfe-portal.svrs.rs.gov.br/DFE/TabelaClassificacaoTributaria
200014;XV;Produtos hortícolas das posições 07.01, 07.02.00.00, 07.03, 07.04, 07.05, 07.06, 0707.00.00, 07.08, 07.09 e 07.10, exceto os cogumelos e trufas classificados na subposição 0709.5 e no código 0710.80.00 da NCM/SH;NCM;07032010;PRODUTOS HORTÍCOLAS, FRUTAS E OVOS;Cogumelos e trufas classificados na subposição 0709.5 e no código 0710.80.00 da NCM/SH;PERMITIDO;;2026-01-01;;https://dfe-portal.svrs.rs.gov.br/DFE/TabelaClassificacaoTributaria
200014;XV;Produtos hortícolas das posições 07.01, 07.02.00.00, 07.03, 07.04, 07.05, 07.06, 0707.00.00, 07.08, 07.09 e 07.10, exceto os cogumelos e trufas classificados na subposição 0709.5 e no código 0710.80.00 da NCM/SH;NCM;07032090;PRODUTOS HORTÍCOLAS, FRUTAS E OVOS;Cogumelos e trufas classificados na subposição 0709.5 e no código 0710.80.00 da NCM/SH;PERMITIDO;;2026-01-01;;https://dfe-portal.svrs.rs.gov.br/DFE/TabelaClassificacaoTributaria
200014;XV;Produtos hortícolas das posições 07.01, 07.02.00.00, 07.03, 07.04, 07.05, 07.06, 0707.00.00, 07.08, 07.09 e 07.10, exceto os cogumelos e trufas classificados na subposição 0709.5 e no código 0710.80.00 da NCM/SH;NCM;07039010;PRODUTOS HORTÍCOLAS, FRUTAS E OVOS;Cogumelos e trufas classificados na subposição 0709.5 e no código 0710.80.00 da NCM/SH;PERMITIDO;;2026-01-01;;https://dfe-portal.svrs.rs.gov.br/DFE/TabelaClassificacaoTributaria
200014;XV;Produtos hortícolas das posições 07.01, 07.02.00.00, 07.03, 07.04, 07.05, 07.06, 0707.00.00, 07.08, 07.09 e 07.10, exceto os cogumelos e trufas classificados na subposição 0709.5 e no código 0710.80.00 da NCM/SH;NCM;07039090;PRODUTOS HORTÍCOLAS, FRUTAS E OVOS;Cogumelos e trufas classificados na subposição 0709.5 e no código 0710.80.00 da NCM/SH;PERMITIDO;;2026-01-01;;https://dfe-portal.svrs.rs.gov.br/DFE/TabelaClassificacaoTributaria
200014;XV;Produtos hortícolas das posições 07.01, 07.02.00.00, 07.03, 07.04, 07.05, 07.06, 0707.00.00, 07.08, 07.09 e 07.10, exceto os cogumelos e trufas classificados na subposição 0709.5 e no código 0710.80.00 da NCM/SH;NCM;07041000;PRODUTOS HORTÍCOLAS, FRUTAS E OVOS;Cogumelos e trufas classificados na subposição 0709.5 e no código 0710.80.00 da NCM/SH;PERMITIDO;;2026-01-01;;https://dfe-portal.svrs.rs.gov.br/DFE/TabelaClassificacaoTributaria
200014;XV;Produtos hortícolas das posições 07.01, 07.02.00.00, 07.03, 07.04, 07.05, 07.06, 0707.00.00, 07.08, 07.09 e 07.10, exceto os cogumelos e trufas classificados na subposição 0709.5 e no código 0710.80.00 da NCM/SH;NCM;07042000;PRODUTOS HORTÍCOLAS, FRUTAS E OVOS;Cogumelos e trufas classificados na subposição 0709.5 e no código 0710.80.00 da NCM/SH;PERMITIDO;;2026-01-01;;https://dfe-portal.svrs.rs.gov.br/DFE/TabelaClassificacaoTributaria
200014;XV;Produtos hortícolas das posições 07.01, 07.02.00.00, 07.03, 07.04, 07.05, 07.06, 0707.00.00, 07.08, 07.09 e 07.10, exceto os cogumelos e trufas classificados na subposição 0709.5 e no código 0710.80.00 da NCM/SH;NCM;07049000;PRODUTOS HORTÍCOLAS, FRUTAS E OVOS;Cogumelos e trufas classificados na subposição 0709.5 e no código 0710.80.00 da NCM/SH;PERMITIDO;;2026-01-01;;https://dfe-portal.svrs.rs.gov.br/DFE/TabelaClassificacaoTributaria
200014;XV;Produtos hortícolas das posições 07.01, 07.02.00.00, 07.03, 07.04, 07.05, 07.06, 0707.00.00, 07.08, 07.09 e 07.10, exceto os cogumelos e trufas classificados na subposição 0709.5 e no código 0710.80.00 da NCM/SH;NCM;07051100;PRODUTOS HORTÍCOLAS, FRUTAS E OVOS;Cogumelos e trufas classificados na subposição 0709.5 e no código 0710.80.00 da NCM/SH;PERMITIDO;;2026-01-01;;https://dfe-portal.svrs.rs.gov.br/DFE/TabelaClassificacaoTributaria
200014;XV;Produtos hortícolas das posições 07.01, 07.02.00.00, 07.03, 07.04, 07.05, 07.06, 0707.00.00, 07.08, 07.09 e 07.10, exceto os cogumelos e trufas classificados na subposição 0709.5 e no código 0710.80.00 da NCM/SH;NCM;07051900;PRODUTOS HORTÍCOLAS, FRUTAS E OVOS;Cogumelos e trufas classificados na subposição 0709.5 e no código 0710.80.00 da NCM/SH;PERMITIDO;;2026-01-01;;https://dfe-portal.svrs.rs.gov.br/DFE/TabelaClassificacaoTributaria
200014;XV;Produtos hortícolas das posições 07.01, 07.02.00.00, 07.03, 07.04, 07.05, 07.06, 0707.00.00, 07.08, 07.09 e 07.10, exceto os cogumelos e trufas classificados na subposição 0709.5 e no código 0710.80.00 da NCM/SH;NCM;07052100;PRODUTOS HORTÍCOLAS, FRUTAS E OVOS;Cogumelos e trufas classificados na subposição 0709.5 e no código 0710.80.00 da NCM/SH;PERMITIDO;;2026-01-01;;https://dfe-portal.svrs.rs.gov.br/DFE/TabelaClassificacaoTributaria
200014;XV;Produtos hortícolas das posições 07.01, 07.02.00.00, 07.03, 07.04, 07.05, 07.06, 0707.00.00, 07.08, 07.09 e 07.10, exceto os cogumelos e trufas classificados na subposição 0709.5 e no código 0710.80.00 da NCM/SH;NCM;07052900;PRODUTOS HORTÍCOLAS, FRUTAS E OVOS;Cogumelos e trufas classificados na subposição 0709.5 e no código 0710.80.00 da NCM/SH;PERMITIDO;;2026-01-01;;https://dfe-portal.svrs.rs.gov.br/DFE/TabelaClassificacaoTributaria
200014;XV;Produtos hortícolas das posições 07.01, 07.02.00.00, 07.03, 07.04, 07.05, 07.06, 0707.00.00, 07.08, 07.09 e 07.10, exceto os cogumelos e trufas classificados na subposição 0709.5 e no código 0710.80.00 da NCM/SH;NCM;07061000;PRODUTOS HORTÍCOLAS, FRUTAS E OVOS;Cogumelos e trufas classificados na subposição 0709.5 e no código 0710.80.00 da NCM/SH;PERMITIDO;;2026-01-01;;https://dfe-portal.svrs.rs.gov.br/DFE/TabelaClassificacaoTributaria
200014;XV;Produtos hortícolas das posições 07.01, 07.02.00.00, 07.03, 07.04, 07.05, 07.06, 0707.00.00, 07.08, 07.09 e 07.10, exceto os cogumelos e trufas classificados na subposição 0709.5 e no código 0710.80.00 da NCM/SH;NCM;07069000;PRODUTOS HORTÍCOLAS, FRUTAS E OVOS;Cogumelos e trufas classificados na subposição 0709.5 e no código 0710.80.00 da NCM/SH;PERMITIDO;;2026-01-01;;https://dfe-portal.svrs.rs.gov.br/DFE/TabelaClassificacaoTributaria
200014;XV;Produtos hortícolas das posições 07.01, 07.02.00.00, 07.03, 07.04, 07.05, 07.06, 0707.00.00, 07.08, 07.09 e 07.10, exceto os cogumelos e trufas classificados na subposição 0709.5 e no código 0710.80.00 da NCM/SH;NCM;07070000;PRODUTOS HORTÍCOLAS, FRUTAS E OVOS;Cogumelos e trufas classificados na subposição 0709.5 e no código 0710.80.00 da NCM/SH;PERMITIDO;;2026-01-01;;https://dfe-portal.svrs.rs.gov.br/DFE/TabelaClassificacaoTributaria
200014;XV;Produtos hortícolas das posições 07.01, 07.02.00.00, 07.03, 07.04, 07.05, 07.06, 0707.00.00, 07.08, 07.09 e 07.10, exceto os cogumelos e trufas classificados na subposição 0709.5 e no código 0710.80.00 da NCM/SH;NCM;07081000;PRODUTOS HORTÍCOLAS, FRUTAS E OVOS;Cogumelos e trufas classificados na subposição 0709.5 e no código 0710.80.00 da NCM/SH;PERMITIDO;;2026-01-01;;https://dfe-portal.svrs.rs.gov.br/DFE/TabelaClassificacaoTributaria
200014;XV;Produtos hortícolas das posições 07.01, 07.02.00.00, 07.03, 07.04, 07.05, 07.06, 0707.00.00, 07.08, 07.09 e 07.10, exceto os cogumelos e trufas classificados na subposição 0709.5 e no código 0710.80.00 da NCM/SH;NCM;07082000;PRODUTOS HORTÍCOLAS, FRUTAS E OVOS;Cogumelos e trufas classificados na subposição 0709.5 e no código 0710.80.00 da NCM/SH;PERMITIDO;;2026-01-01;;https://dfe-portal.svrs.rs.gov.br/DFE/TabelaClassificacaoTributaria
200014;XV;Produtos hortícolas das posições 07.01, 07.02.00.00, 07.03, 07.04, 07.05, 07.06, 0707.00.00, 07.08, 07.09 e 07.10, exceto os cogumelos e trufas classificados na subposição 0709.5 e no código 0710.80.00 da NCM/SH;NCM;07089000;PRODUTOS HORTÍCOLAS, FRUTAS E OVOS;Cogumelos e trufas classificados na subposição 0709.5 e no código 0710.80.00 da NCM/SH;PERMITIDO;;2026-01-01;;https://dfe-portal.svrs.rs.gov.br/DFE/TabelaClassificacaoTributaria
200014;XV;Produtos hortícolas das posições 07.01, 07.02.00.00, 07.03, 07.04, 07.05, 07.06, 0707.00.00, 07.08, 07.09 e 07.10, exceto os cogumelos e trufas classificados na subposição 0709.5 e no código 0710.80.00 da NCM/SH;NCM;07092000;PRODUTOS HORTÍCOLAS, FRUTAS E OVOS;Cogumelos e trufas classificados na subposição 0709.5 e no código 0710.80.00 da NCM/SH;PERMITIDO;;2026-01-01;;https://dfe-portal.svrs.rs.gov.br/DFE/TabelaClassificacaoTributaria
200014;XV;Produtos hortícolas das posições 07.01, 07.02.00.00, 07.03, 07.04, 07.05, 07.06, 0707.00.00, 07.08, 07.09 e 07.10, exceto os cogumelos e trufas classificados na subposição 0709.5 e no código 0710.80.00 da NCM/SH;NCM;07093000;PRODUTOS HORTÍCOLAS, FRUTAS E OVOS;Cogumelos e trufas classificados na subposição 0709.5 e no código 0710.80.00 da NCM/SH;PERMITIDO;;2026-01-01;;https://dfe-portal.svrs.rs.gov.br/DFE/TabelaClassificacaoTributaria
200014;XV;Produtos hortícolas das posições 07.01, 07.02.00.00, 07.03, 07.04, 07.05, 07.06, 0707.00.00, 07.08, 07.09 e 07.10, exceto os cogumelos e trufas classificados na subposição 0709.5 e no código 0710.80.00 da NCM/SH;NCM;07094000;PRODUTOS HORTÍCOLAS, FRUTAS E OVOS;Cogumelos e trufas classificados na subposição 0709.5 e no código 0710.80.00 da NCM/SH;PERMITIDO;;2026-01-01;;https://dfe-portal.svrs.rs.gov.br/DFE/TabelaClassificacaoTributaria
200014;XV;Produtos hortícolas das posições 07.01, 07.02.00.00, 07.03, 07.04, 07.05, 07.06, 0707.00.00, 07.08, 07.09 e 07.10, exceto os cogumelos e trufas classificados na subposição 0709.5 e no código 0710.80.00 da NCM/SH;NCM;07096000;PRODUTOS HORTÍCOLAS, FRUTAS E OVOS;Cogumelos e trufas classificados na subposição 0709.5 e no código 0710.80.00 da NCM/SH;PERMITIDO;;2026-01-01;;https://dfe-portal.svrs.rs.gov.br/DFE/TabelaClassificacaoTributaria
200014;XV;Produtos hortícolas das posições 07.01, 07.02.00.00, 07.03, 07.04, 07.05, 07.06, 0707.00.00, 07.08, 07.09 e 07.10, exceto os cogumelos e trufas classificados na subposição 0709.5 e no código 0710.80.00 da NCM/SH;NCM;07097000;PRODUTOS HORTÍCOLAS, FRUTAS E OVOS;Cogumelos e trufas classificados na subposição 0709.5 e no código 0710.80.00 da NCM/SH;PERMITIDO;;2026-01-01;;https://dfe-portal.svrs.rs.gov.br/DFE/TabelaClassificacaoTributaria
200014;XV;Produtos hortícolas das posições 07.01, 07.02.00.00, 07.03, 07.04, 07.05, 07.06, 0707.00.00, 07.08, 07.09 e 07.10, exceto os cogumelos e trufas classificados na subposição 0709.5 e no código 0710.80.00 da NCM/SH;NCM;07099100;PRODUTOS HORTÍCOLAS, FRUTAS E OVOS;Cogumelos e trufas classificados na subposição 0709.5 e no código 0710.80.00 da NCM/SH;PERMITIDO;;2026-01-01;;https://dfe-portal.svrs.rs.gov.br/DFE/TabelaClassificacaoTributaria
200014;XV;Produtos hortícolas das posições 07.01, 07.02.00.00, 07.03, 07.04, 07.05, 07.06, 0707.00.00, 07.08, 07.09 e 07.10, exceto os cogumelos e trufas classificados na subposição 0709.5 e no código 0710.80.00 da NCM/SH;NCM;07099200;PRODUTOS HORTÍCOLAS, FRUTAS E OVOS;Cogumelos e trufas classificados na subposição 0709.5 e no código 0710.80.00 da NCM/SH;PERMITIDO;;2026-01-01;;https://dfe-portal.svrs.rs.gov.br/DFE/TabelaClassificacaoTributaria
200014;XV;Produtos hortícolas das posições 07.01, 07.02.00.00, 07.03, 07.04, 07.05, 07.06, 0707.00.00, 07.08, 07.09 e 07.10, exceto os cogumelos e trufas classificados na subposição 0709.5 e no código 0710.80.00 da NCM/SH;NCM;07099300;PRODUTOS HORTÍCOLAS, FRUTAS E OVOS;Cogumelos e trufas classificados na subposição 0709.5 e no código 0710.80.00 da NCM/SH;PERMITIDO;;2026-01-01;;https://dfe-portal.svrs.rs.gov.br/DFE/TabelaClassificacaoTributaria
200014;XV;Produtos hortícolas das posições 07.01, 07.02.00.00, 07.03, 07.04, 07.05, 07.06, 0707.00.00, 07.08, 07.09 e 07.10, exceto os cogumelos e trufas classificados na subposição 0709.5 e no código 0710.80.00 da NCM/SH;NCM;07099911;PRODUTOS HORTÍCOLAS, FRUTAS E OVOS;Cogumelos e trufas classificados na subposição 0709.5 e no código 0710.80.00 da NCM/SH;PERMITIDO;;2026-01-01;;https://dfe-portal.svrs.rs.gov.br/DFE/TabelaClassificacaoTributaria
200014;XV;Produtos hortícolas das posições 07.01, 07.02.00.00, 07.03, 07.04, 07.05, 07.06, 0707.00.00, 07.08, 07.09 e 07.10, exceto os cogumelos e trufas classificados na subposição 0709.5 e no código 0710.80.00 da NCM/SH;NCM;07099919;PRODUTOS HORTÍCOLAS, FRUTAS E OVOS;Cogumelos e trufas classificados na subposição 0709.5 e no código 0710.80.00 da NCM/SH;PERMITIDO;;2026-01-01;;https://dfe-portal.svrs.rs.gov.br/DFE/TabelaClassificacaoTributaria
200014;XV;Produtos hortícolas das posições 07.01, 07.02.00.00, 07.03, 07.04, 07.05, 07.06, 0707.00.00, 07.08, 07.09 e 07.10, exceto os cogumelos e trufas classificados na subposição 0709.5 e no código 0710.80.00 da NCM/SH;NCM;07099990;PRODUTOS HORTÍCOLAS, FRUTAS E OVOS;Cogumelos e trufas classificados na subposição 0709.5 e no código 0710.80.00 da NCM/SH;PERMITIDO;;2026-01-01;;https://dfe-portal.svrs.rs.gov.br/DFE/TabelaClassificacaoTributaria
200014;XV;Produtos hortícolas das posições 07.01, 07.02.00.00, 07.03, 07.04, 07.05, 07.06, 0707.00.00, 07.08, 07.09 e 07.10, exceto os cogumelos e trufas classificados na subposição 0709.5 e no código 0710.80.00 da NCM/SH;NCM;07095100;;Cogumelos e trufas classificados na subposição 0709.5 e no código 0710.80.00 da NCM/SH;VEDADO;;2026-01-01;;https://dfe-portal.svrs.rs.gov.br/DFE/TabelaClassificacaoTributaria
200014;XV;Produtos hortícolas das posições 07.01, 07.02.00.00, 07.03, 07.04, 07.05, 07.06, 0707.00.00, 07.08, 07.09 e 07.10, exceto os cogumelos e trufas classificados na subposição 0709.5 e no código 0710.80.00 da NCM/SH;NCM;07095200;;Cogumelos e trufas classificados na subposição 0709.5 e no código 0710.80.00 da NCM/SH;VEDADO;;2026-01-01;;https://dfe-portal.svrs.rs.gov.br/DFE/TabelaClassificacaoTributaria
200014;XV;Produtos hortícolas das posições 07.01, 07.02.00.00, 07.03, 07.04, 07.05, 07.06, 0707.00.00, 07.08, 07.09 e 07.10, exceto os cogumelos e trufas classificados na subposição 0709.5 e no código 0710.80.00 da NCM/SH;NCM;07095300;;Cogumelos e trufas classificados na subposição 0709.5 e no código 0710.80.00 da NCM/SH;VEDADO;;2026-01-01;;https://dfe-portal.svrs.rs.gov.br/DFE/TabelaClassificacaoTributaria
200014;XV;Produtos hortícolas das posições 07.01, 07.02.00.00, 07.03, 07.04, 07.05, 07.06, 0707.00.00, 07.08, 07.09 e 07.10, exceto os cogumelos e trufas classificados na subposição 0709.5 e no código 0710.80.00 da NCM/SH;NCM;07095400;;Cogumelos e trufas classificados na subposição 0709.5 e no código 0710.80.00 da NCM/SH;VEDADO;;2026-01-01;;https://dfe-portal.svrs.rs.gov.br/DFE/TabelaClassificacaoTributaria
200014;XV;Produtos hortícolas das posições 07.01, 07.02.00.00, 07.03, 07.04, 07.05, 07.06, 0707.00.00, 07.08, 07.09 e 07.10, exceto os cogumelos e trufas classificados na subposição 0709.5 e no código 0710.80.00 da NCM/SH;NCM;07095500;;Cogumelos e trufas classificados na subposição 0709.5 e no código 0710.80.00 da NCM/SH;VEDADO;;2026-01-01;;https://dfe-portal.svrs.rs.gov.br/DFE/TabelaClassificacaoTributaria
200014;XV;Produtos hortícolas das posições 07.01, 07.02.00.00, 07.03, 07.04, 07.05, 07.06, 0707.00.00, 07.08, 07.09 e 07.10, exceto os cogumelos e trufas classificados na subposição 0709.5 e no código 0710.80.00 da NCM/SH;NCM;07095600;;Cogumelos e trufas classificados na subposição 0709.5 e no código 0710.80.00 da NCM/SH;VEDADO;;2026-01-01;;https://dfe-portal.svrs.rs.gov.br/DFE/TabelaClassificacaoTributaria
200014;XV;Produtos hortícolas das posições 07.01, 07.02.00.00, 07.03, 07.04, 07.05, 07.06, 0707.00.00, 07.08, 07.09 e 07.10, exceto os cogumelos e trufas classificados na subposição 0709.5 e no código 0710.80.00 da NCM/SH;NCM;07095900;;Cogumelos e trufas classificados na subposição 0709.5 e no código 0710.80.00 da NCM/SH;VEDADO;;2026-01-01;;https://dfe-portal.svrs.rs.gov.br/DFE/TabelaClassificacaoTributaria
200014;XV;Produtos hortícolas das posições 07.01, 07.02.00.00, 07.03, 07.04, 07.05, 07.06, 0707.00.00, 07.08, 07.09 e 07.10, exceto os cogumelos e trufas classificados na subposição 0709.5 e no código 0710.80.00 da NCM/SH;NCM;07101000;PRODUTOS HORTÍCOLAS, FRUTAS E OVOS;Cogumelos e trufas classificados na subposição 0709.5 e no código 0710.80.00 da NCM/SH;PERMITIDO;;2026-01-01;;https://dfe-portal.svrs.rs.gov.br/DFE/TabelaClassificacaoTributaria
200014;XV;Produtos hortícolas das posições 07.01, 07.02.00.00, 07.03, 07.04, 07.05, 07.06, 0707.00.00, 07.08, 07.09 e 07.10, exceto os cogumelos e trufas classificados na subposição 0709.5 e no código 0710.80.00 da NCM/SH;NCM;07102100;PRODUTOS HORTÍCOLAS, FRUTAS E OVOS;Cogumelos e trufas classificados na subposição 0709.5 e no código 0710.80.00 da NCM/SH;PERMITIDO;;2026-01-01;;https://dfe-portal.svrs.rs.gov.br/DFE/TabelaClassificacaoTributaria
200014;XV;Produtos hortícolas das posições 07.01, 07.02.00.00, 07.03, 07.04, 07.05, 07.06, 0707.00.00, 07.08, 07.09 e 07.10, exceto os cogumelos e trufas classificados na subposição 0709.5 e no código 0710.80.00 da NCM/SH;NCM;07102200;PRODUTOS HORTÍCOLAS, FRUTAS E OVOS;Cogumelos e trufas classificados na subposição 0709.5 e no código 0710.80.00 da NCM/SH;PERMITIDO;;2026-01-01;;https://dfe-portal.svrs.rs.gov.br/DFE/TabelaClassificacaoTributaria
200014;XV;Produtos hortícolas das posições 07.01, 07.02.00.00, 07.03, 07.04, 07.05, 07.06, 0707.00.00, 07.08, 07.09 e 07.10, exceto os cogumelos e trufas classificados na subposição 0709.5 e no código 0710.80.00 da NCM/SH;NCM;07102900;PRODUTOS HORTÍCOLAS, FRUTAS E OVOS;Cogumelos e trufas classificados na subposição 0709.5 e no código 0710.80.00 da NCM/SH;PERMITIDO;;2026-01-01;;https://dfe-portal.svrs.rs.gov.br/DFE/TabelaClassificacaoTributaria
200014;XV;Produtos hortícolas das posições 07.01, 07.02.00.00, 07.03, 07.04, 07.05, 07.06, 0707.00.00, 07.08, 07.09 e 07.10, exceto os cogumelos e trufas classificados na subposição 0709.5 e no código 0710.80.00 da NCM/SH;NCM;07103000;PRODUTOS HORTÍCOLAS, FRUTAS E OVOS;Cogumelos e trufas classificados na subposição 0709.5 e no código 0710.80.00 da NCM/SH;PERMITIDO;;2026-01-01;;https://dfe-portal.svrs.rs.gov.br/DFE/TabelaClassificacaoTributaria
200014;XV;Produtos hortícolas das posições 07.01, 07.02.00.00, 07.03, 07.04, 07.05, 07.06, 0707.00.00, 07.08, 07.09 e 07.10, exceto os cogumelos e trufas classificados na subposição 0709.5 e no código 0710.80.00 da NCM/SH;NCM;07104000;PRODUTOS HORTÍCOLAS, FRUTAS E OVOS;Cogumelos e trufas classificados na subposição 0709.5 e no código 0710.80.00 da NCM/SH;PERMITIDO;;2026-01-01;;https://dfe-portal.svrs.rs.gov.br/DFE/TabelaClassificacaoTributaria
200014;XV;Produtos hortícolas das posições 07.01, 07.02.00.00, 07.03, 07.04, 07.05, 07.06, 0707.00.00, 07.08, 07.09 e 07.10, exceto os cogumelos e trufas classificados na subposição 0709.5 e no código 0710.80.00 da NCM/SH;NCM;07109000;PRODUTOS HORTÍCOLAS, FRUTAS E OVOS;Cogumelos e trufas classificados na subposição 0709.5 e no código 0710.80.00 da NCM/SH;PERMITIDO;;2026-01-01;;https://dfe-portal.svrs.rs.gov.br/DFE/TabelaClassificacaoTributaria
200014;XV;Produtos hortícolas das posições 07.01, 07.02.00.00, 07.03, 07.04, 07.05, 07.06, 0707.00.00, 07.08, 07.09 e 07.10, exceto os cogumelos e trufas classificados na subposição 0709.5 e no código 0710.80.00 da NCM/SH;NCM;07108000;;Cogumelos e trufas classificados na subposição 0709.5 e no código 0710.80.00 da NCM/SH;VEDADO;;2026-01-01;;https://dfe-portal.svrs.rs.gov.br/DFE/TabelaClassificacaoTributaria
200014;XV;Frutas frescas ou refrigeradas e frutas congeladas sem adição de açúcar ou de outros edulcorantes classificadas nas posições 08.03, 08.04, 08.05, 08.06, 08.07, 08.08, 08.09, 08.10 e 08.11 da NCM/SH;NCM;08031000;PRODUTOS HORTÍCOLAS, FRUTAS E OVOS;;PERMITIDO;;2026-01-01;;https://dfe-portal.svrs.rs.gov.br/DFE/TabelaClassificacaoTributaria
200014;XV;Frutas frescas ou refrigeradas e frutas congeladas sem adição de açúcar ou de outros edulcorantes classificadas nas posições 08.03, 08.04, 08.05, 08.06, 08.07, 08.08, 08.09, 08.10 e 08.11 da NCM/SH;NCM;08039000;PRODUTOS HORTÍCOLAS, FRUTAS E OVOS;;PERMITIDO;;2026-01-01;;https://dfe-portal.svrs.rs.gov.br/DFE/TabelaClassificacaoTributaria
200014;XV;Frutas frescas ou refrigeradas e frutas congeladas sem adição de açúcar ou de outros edulcorantes classificadas nas posições 08.03, 08.04, 08.05, 08.06, 08.07, 08.08, 08.09, 08.10 e 08.11 da NCM/SH;NCM;08041010;PRODUTOS HORTÍCOLAS, FRUTAS E OVOS;;PERMITIDO;;2026-01-01;;https://dfe-portal.svrs.rs.gov.br/DFE/TabelaClassificacaoTributaria
200014;XV;Frutas frescas ou refrigeradas e frutas congeladas sem adição de açúcar ou de outros edulcorantes classificadas nas posições 08.03, 08.04, 08.05, 08.06, 08.07, 08.08, 08.09, 08.10 e 08.11 da NCM/SH;NCM;08041020;PRODUTOS HORTÍCOLAS, FRUTAS E OVOS;;PERMITIDO;;2026-01-01;;https://dfe-portal.svrs.rs.gov.br/DFE/TabelaClassificacaoTributaria
200014;XV;Frutas frescas ou refrigeradas e frutas congeladas sem adição de açúcar ou de outros edulcorantes classificadas nas posições 08.03, 08.04, 08.05, 08.06, 08.07, 08.08, 08.09, 08.10 e 08.11 da NCM/SH;NCM;08042010;PRODUTOS HORTÍCOLAS, FRUTAS E OVOS;;PERMITIDO;;2026-01-01;;https://dfe-portal.svrs.rs.gov.br/DFE/TabelaClassificacaoTributaria
200014;XV;Frutas frescas ou refrigeradas e frutas congeladas sem adição de açúcar ou de outros edulcorantes classificadas nas posições 08.03, 08.04, 08.05, 08.06, 08.07, 08.08, 08.09, 08.10 e 08.11 da NCM/SH;NCM;08042020;PRODUTOS HORTÍCOLAS, FRUTAS E OVOS;;PERMITIDO;;2026-01-01;;https://dfe-portal.svrs.rs.gov.br/DFE/TabelaClassificacaoTributaria
200014;XV;Frutas frescas ou refrigeradas e frutas congeladas sem adição de açúcar ou de outros edulcorantes classificadas nas posições 08.03, 08.04, 08.05, 08.06, 08.07, 08.08, 08.09, 08.10 e 08.11 da NCM/SH;NCM;08043000;PRODUTOS HORTÍCOLAS, FRUTAS E OVOS;;PERMITIDO;;2026-01-01;;https://dfe-portal.svrs.rs.gov.br/DFE/TabelaClassificacaoTributaria
200014;XV;Frutas frescas ou refrigeradas e frutas congeladas sem adição de açúcar ou de outros edulcorantes classificadas nas posições 08.03, 08.04, 08.05, 08.06, 08.07, 08.08, 08.09, 08.10 e 08.11 da NCM/SH;NCM;08044000;PRODUTOS HORTÍCOLAS, FRUTAS E OVOS;;PERMITIDO;;2026-01-01;;https://dfe-portal.svrs.rs.gov.br/DFE/TabelaClassificacaoTributaria
200014;XV;Frutas frescas ou refrigeradas e frutas congeladas sem adição de açúcar ou de outros edulcorantes classificadas nas posições 08.03, 08.04, 08.05, 08.06, 08.07, 08.08, 08.09, 08.10 e 08.11 da NCM/SH;NCM;08045010;PRODUTOS HORTÍCOLAS, FRUTAS E OVOS;;PERMITIDO;;2026-01-01;;https://dfe-portal.svrs.rs.gov.br/DFE/TabelaClassificacaoTributaria
200014;XV;Frutas frescas ou refrigeradas e frutas congeladas sem adição de açúcar ou de outros edulcorantes classificadas nas posições 08.03, 08.04, 08.05, 08.06, 08.07, 08.08, 08.09, 08.10 e 08.11 da NCM/SH;NCM;08045020;PRODUTOS HORTÍCOLAS, FRUTAS E OVOS;;PERMITIDO;;2026-01-01;;https://dfe-portal.svrs.rs.gov.br/DFE/TabelaClassificacaoTributaria
200014;XV;Frutas frescas ou refrigeradas e frutas congeladas sem adição de açúcar ou de outros edulcorantes classificadas nas posições 08.03, 08.04, 08.05, 08.06, 08.07, 08.08, 08.09, 08.10 e 08.11 da NCM/SH;NCM;08045030;PRODUTOS HORTÍCOLAS, FRUTAS E OVOS;;PERMITIDO;;2026-01-01;;https://dfe-portal.svrs.rs.gov.br/DFE/TabelaClassificacaoTributaria
200014;XV;Frutas frescas ou refrigeradas e frutas congeladas sem adição de açúcar ou de outros edulcorantes classificadas nas posições 08.03, 08.04, 08.05, 08.06, 08.07, 08.08, 08.09, 08.10 e 08.11 da NCM/SH;NCM;08051000;PRODUTOS HORTÍCOLAS, FRUTAS E OVOS;;PERMITIDO;;2026-01-01;;https://dfe-portal.svrs.rs.gov.br/DFE/TabelaClassificacaoTributaria
200014;XV;Frutas frescas ou refrigeradas e frutas congeladas sem adição de açúcar ou de outros edulcorantes classificadas nas posições 08.03, 08.04, 08.05, 08.06, 08.07, 08.08, 08.09, 08.10 e 08.11 da NCM/SH;NCM;08052100;PRODUTOS HORTÍCOLAS, FRUTAS E OVOS;;PERMITIDO;;2026-01-01;;https://dfe-portal.svrs.rs.gov.br/DFE/TabelaClassificacaoTributaria
200014;XV;Frutas frescas ou refrigeradas e frutas congeladas sem adição de açúcar ou de outros edulcorantes classificadas nas posições 08.03, 08.04, 08.05, 08.06, 08.07, 08.08, 08.09, 08.10 e 08.11 da NCM/SH;NCM;08052200;PRODUTOS HORTÍCOLAS, FRUTAS E OVOS;;PERMITIDO;;2026-01-01;;https://dfe-portal.svrs.rs.gov.br/DFE/TabelaClassificacaoTributaria
200014;XV;Frutas frescas ou refrigeradas e frutas congeladas sem adição de açúcar ou de outros edulcorantes classificadas nas posições 08.03, 08.04, 08.05, 08.06, 08.07, 08.08, 08.09, 08.10 e 08.11 da NCM/SH;NCM;08052900;PRODUTOS HORTÍCOLAS, FRUTAS E OVOS;;PERMITIDO;;2026-01-01;;https://dfe-portal.svrs.rs.gov.br/DFE/TabelaClassificacaoTributaria
200014;XV;Frutas frescas ou refrigeradas e frutas congeladas sem adição de açúcar ou de outros edulcorantes classificadas nas posições 08.03, 08.04, 08.05, 08.06, 08.07, 08.08, 08.09, 08.10 e 08.11 da NCM/SH;NCM;08054000;PRODUTOS HORTÍCOLAS, FRUTAS E OVOS;;PERMITIDO;;2026-01-01;;https://dfe-portal.svrs.rs.gov.br/DFE/TabelaClassificacaoTributaria
200014;XV;Frutas frescas ou refrigeradas e frutas congeladas sem adição de açúcar ou de outros edulcorantes classificadas nas posições 08.03, 08.04, 08.05, 08.06, 08.07, 08.08, 08.09, 08.10 e 08.11 da NCM/SH;NCM;08055000;PRODUTOS HORTÍCOLAS, FRUTAS E OVOS;;PERMITIDO;;2026-01-01;;https://dfe-portal.svrs.rs.gov.br/DFE/TabelaClassificacaoTributaria
200014;XV;Frutas frescas ou refrigeradas e frutas congeladas sem adição de açúcar ou de outros edulcorantes classificadas nas posições 08.03, 08.04, 08.05, 08.06, 08.07, 08.08, 08.09, 08.10 e 08.11 da NCM/SH;NCM;08059000;PRODUTOS HORTÍCOLAS, FRUTAS E OVOS;;PERMITIDO;;2026-01-01;;https://dfe-portal.svrs.rs.gov.br/DFE/TabelaClassificacaoTributaria
200014;XV;Frutas frescas ou refrigeradas e frutas congeladas sem adição de açúcar ou de outros edulcorantes classificadas nas posições 08.03, 08.04, 08.05, 08.06, 08.07, 08.08, 08.09, 08.10 e 08.11 da NCM/SH;NCM;08061000;PRODUTOS HORTÍCOLAS, FRUTAS E OVOS;;PERMITIDO;;2026-01-01;;https://dfe-portal.svrs.rs.gov.br/DFE/TabelaClassificacaoTributaria
200014;XV;Frutas frescas ou refrigeradas e frutas congeladas sem adição de açúcar ou de outros edulcorantes classificadas nas posições 08.03, 08.04, 08.05, 08.06, 08.07, 08.08, 08.09, 08.10 e 08.11 da NCM/SH;NCM;08062000;PRODUTOS HORTÍCOLAS, FRUTAS E OVOS;;PERMITIDO;;2026-01-01;;https://dfe-portal.svrs.rs.gov.br/DFE/TabelaClassificacaoTributaria
200014;XV;Frutas frescas ou refrigeradas e frutas congeladas sem adição de açúcar ou de outros edulcorantes classificadas nas posições 08.03, 08.04, 08.05, 08.06, 08.07, 08.08, 08.09, 08.10 e 08.11 da NCM/SH;NCM;08071100;PRODUTOS HORTÍCOLAS, FRUTAS E OVOS;;PERMITIDO;;2026-01-01;;https://dfe-portal.svrs.rs.gov.br/DFE/TabelaClassificacaoTributaria
200014;XV;Frutas frescas ou refrigeradas e frutas congeladas sem adição de açúcar ou de outros edulcorantes classificadas nas posições 08.03, 08.04, 08.05, 08.06, 08.07, 08.08, 08.09, 08.10 e 08.11 da NCM/SH;NCM;08071900;PRODUTOS HORTÍCOLAS, FRUTAS E OVOS;;PERMITIDO;;2026-01-01;;https://dfe-portal.svrs.rs.gov.br/DFE/TabelaClassificacaoTributaria
200014;XV;Frutas frescas ou refrigeradas e frutas congeladas sem adição de açúcar ou de outros edulcorantes classificadas nas posições 08.03, 08.04, 08.05, 08.06, 08.07, 08.08, 08.09, 08.10 e 08.11 da NCM/SH;NCM;08072000;PRODUTOS HORTÍCOLAS, FRUTAS E OVOS;;PERMITIDO;;2026-01-01;;https://dfe-portal.svrs.rs.gov.br/DFE/TabelaClassificacaoTributaria
200014;XV;Frutas frescas ou refrigeradas e frutas congeladas sem adição de açúcar ou de outros edulcorantes classificadas nas posições 08.03, 08.04, 08.05, 08.06, 08.07, 08.08, 08.09, 08.10 e 08.11 da NCM/SH;NCM;08081000;PRODUTOS HORTÍCOLAS, FRUTAS E OVOS;;PERMITIDO;;2026-01-01;;https://dfe-portal.svrs.rs.gov.br/DFE/TabelaClassificacaoTributaria
200014;XV;Frutas frescas ou refrigeradas e frutas congeladas sem adição de açúcar ou de outros edulcorantes classificadas nas posições 08.03, 08.04, 08.05, 08.06, 08.07, 08.08, 08.09, 08.10 e 08.11 da NCM/SH;NCM;08083000;PRODUTOS HORTÍCOLAS, FRUTAS E OVOS;;PERMITIDO;;2026-01-01;;https://dfe-portal.svrs.rs.gov.br/DFE/TabelaClassificacaoTributaria
200014;XV;Frutas frescas ou refrigeradas e frutas congeladas sem adição de açúcar ou de outros edulcorantes classificadas nas posições 08.03, 08.04, 08.05, 08.06, 08.07, 08.08, 08.09, 08.10 e 08.11 da NCM/SH;NCM;08084000;PRODUTOS HORTÍCOLAS, FRUTAS E OVOS;;PERMITIDO;;2026-01-01;;https://dfe-portal.svrs.rs.gov.br/DFE/TabelaClassificacaoTributaria
200014;XV;Frutas frescas ou refrigeradas e frutas congeladas sem adição de açúcar ou de outros edulcorantes classificadas nas posições 08.03, 08.04, 08.05, 08.06, 08.07, 08.08, 08.09, 08.10 e 08.11 da NCM/SH;NCM;08091000;PRODUTOS HORTÍCOLAS, FRUTAS E OVOS;;PERMITIDO;;2026-01-01;;https://dfe-portal.svrs.rs.gov.br/DFE/TabelaClassificacaoTributaria
200014;XV;Frutas frescas ou refrigeradas e frutas congeladas sem adição de açúcar ou de outros edulcorantes classificadas nas posições 08.03, 08.04, 08.05, 08.06, 08.07, 08.08, 08.09, 08.10 e 08.11 da NCM/SH;NCM;08092100;PRODUTOS HORTÍCOLAS, FRUTAS E OVOS;;PERMITIDO;;2026-01-01;;https://dfe-portal.svrs.rs.gov.br/DFE/TabelaClassificacaoTributaria
200014;XV;Frutas frescas ou refrigeradas e frutas congeladas sem adição de açúcar ou de outros edulcorantes classificadas nas posições 08.03, 08.04, 08.05, 08.06, 08.07, 08.08, 08.09, 08.10 e 08.11 da NCM/SH;NCM;08092900;PRODUTOS HORTÍCOLAS, FRUTAS E OVOS;;PERMITIDO;;2026-01-01;;https://dfe-portal.svrs.rs.gov.br/DFE/TabelaClassificacaoTributaria
200014;XV;Frutas frescas ou refrigeradas e frutas congeladas sem adição de açúcar ou de outros edulcorantes classificadas nas posições 08.03, 08.04, 08.05, 08.06, 08.07, 08.08, 08.09, 08.10 e 08.11 da NCM/SH;NCM;08093010;PRODUTOS HORTÍCOLAS, FRUTAS E OVOS;;PERMITIDO;;2026-01-01;;https://dfe-portal.svrs.rs.gov.br/DFE/TabelaClassificacaoTributaria
200014;XV;Frutas frescas ou refrigeradas e frutas congeladas sem adição de açúcar ou de outros edulcorantes classificadas nas posições 08.03, 08.04, 08.05, 08.06, 08.07, 08.08, 08.09, 08.10 e 08.11 da NCM/SH;NCM;08093020;PRODUTOS HORTÍCOLAS, FRUTAS E OVOS;;PERMITIDO;;2026-01-01;;https://dfe-portal.svrs.rs.gov.br/DFE/TabelaClassificacaoTributaria
200014;XV;Frutas frescas ou refrigeradas e frutas congeladas sem adição de açúcar ou de outros edulcorantes classificadas nas posições 08.03, 08.04, 08.05, 08.06, 08.07, 08.08, 08.09, 08.10 e 08.11 da NCM/SH;NCM;08094000;PRODUTOS HORTÍCOLAS, FRUTAS E OVOS;;PERMITIDO;;2026-01-01;;https://dfe-portal.svrs.rs.gov.br/DFE/TabelaClassificacaoTributaria
200014;XV;Frutas frescas ou refrigeradas e frutas congeladas sem adição de açúcar ou de outros edulcorantes classificadas nas posições 08.03, 08.04, 08.05, 08.06, 08.07, 08.08, 08.09, 08.10 e 08.11 da NCM/SH;NCM;08101000;PRODUTOS HORTÍCOLAS, FRUTAS E OVOS;;PERMITIDO;;2026-01-01;;https://dfe-portal.svrs.rs.gov.br/DFE/TabelaClassificacaoTributaria
200014;XV;Frutas frescas ou refrigeradas e frutas congeladas sem adição de açúcar ou de outros edulcorantes classificadas nas posições 08.03, 08.04, 08.05, 08.06, 08.07, 08.08, 08.09, 08.10 e 08.11 da NCM/SH;NCM;08102000;PRODUTOS HORTÍCOLAS, FRUTAS E OVOS;;PERMITIDO;;2026-01-01;;https://dfe-portal.svrs.rs.gov.br/DFE/TabelaClassificacaoTributaria
200014;XV;Frutas frescas ou refrigeradas e frutas congeladas sem adição de açúcar ou de outros edulcorantes classificadas nas posições 08.03, 08.04, 08.05, 08.06, 08.07, 08.08, 08.09, 08.10 e 08.11 da NCM/SH;NCM;08103000;PRODUTOS HORTÍCOLAS, FRUTAS E OVOS;;PERMITIDO;;2026-01-01;;https://dfe-portal.svrs.rs.gov.br/DFE/TabelaClassificacaoTributaria
200014;XV;Frutas frescas ou refrigeradas e frutas congeladas sem adição de açúcar ou de outros edulcorantes classificadas nas posições 08.03, 08.04, 08.05, 08.06, 08.07, 08.08, 08.09, 08.10 e 08.11 da NCM/SH;NCM;08104000;PRODUTOS HORTÍCOLAS, FRUTAS E OVOS;;PERMITIDO;;2026-01-01;;https://dfe-portal.svrs.rs.gov.br/DFE/TabelaClassificacaoTributaria
200014;XV;Frutas frescas ou refrigeradas e frutas congeladas sem adição de açúcar ou de outros edulcorantes classificadas nas posições 08.03, 08.04, 08.05, 08.06, 08.07, 08.08, 08.09, 08.10 e 08.11 da NCM/SH;NCM;08105000;PRODUTOS HORTÍCOLAS, FRUTAS E OVOS;;PERMITIDO;;2026-01-01;;https://dfe-portal.svrs.rs.gov.br/DFE/TabelaClassificacaoTributaria
200014;XV;Frutas frescas ou refrigeradas e frutas congeladas sem adição de açúcar ou de outros edulcorantes classificadas nas posições 08.03, 08.04, 08.05, 08.06, 08.07, 08.08, 08.09, 08.10 e 08.11 da NCM/SH;NCM;08106000;PRODUTOS HORTÍCOLAS, FRUTAS E OVOS;;PERMITIDO;;2026-01-01;;https://dfe-portal.svrs.rs.gov.br/DFE/TabelaClassificacaoTributaria
200014;XV;Frutas frescas ou refrigeradas e frutas congeladas sem adição de açúcar ou de outros edulcorantes classificadas nas posições 08.03, 08.04, 08.05, 08.06, 08.07, 08.08, 08.09, 08.10 e 08.11 da NCM/SH;NCM;08107000;PRODUTOS HORTÍCOLAS, FRUTAS E OVOS;;PERMITIDO;;2026-01-01;;https://dfe-portal.svrs.rs.gov.br/DFE/TabelaClassificacaoTributaria
200014;XV;Frutas frescas ou refrigeradas e frutas congeladas sem adição de açúcar ou de outros edulcorantes classificadas nas posições 08.03, 08.04, 08.05, 08.06, 08.07, 08.08, 08.09, 08.10 e 08.11 da NCM/SH;NCM;08109011;PRODUTOS HORTÍCOLAS, FRUTAS E OVOS;;PERMITIDO;;2026-01-01;;https://dfe-portal.svrs.rs.gov.br/DFE/TabelaClassificacaoTributaria
200014;XV;Frutas frescas ou refrigeradas e frutas congeladas sem adição de açúcar ou de outros edulcorantes classificadas nas posições 08.03, 08.04, 08.05, 08.06, 08.07, 08.08, 08.09, 08.10 e 08.11 da NCM/SH;NCM;08109012;PRODUTOS HORTÍCOLAS, FRUTAS E OVOS;;PERMITIDO;;2026-01-01;;https://dfe-portal.svrs.rs.gov.br/DFE/TabelaClassificacaoTributaria
200014;XV;Frutas frescas ou refrigeradas e frutas congeladas sem adição de açúcar ou de outros edulcorantes classificadas nas posições 08.03, 08.04, 08.05, 08.06, 08.07, 08.08, 08.09, 08.10 e 08.11 da NCM/SH;NCM;08109013;PRODUTOS HORTÍCOLAS, FRUTAS E OVOS;;PERMITIDO;;2026-01-01;;https://dfe-portal.svrs.rs.gov.br/DFE/TabelaClassificacaoTributaria
200014;XV;Frutas frescas ou refrigeradas e frutas congeladas sem adição de açúcar ou de outros edulcorantes classificadas nas posições 08.03, 08.04, 08.05, 08.06, 08.07, 08.08, 08.09, 08.10 e 08.11 da NCM/SH;NCM;08109014;PRODUTOS HORTÍCOLAS, FRUTAS E OVOS;;PERMITIDO;;2026-01-01;;https://dfe-portal.svrs.rs.gov.br/DFE/TabelaClassificacaoTributaria
200014;XV;Frutas frescas ou refrigeradas e frutas congeladas sem adição de açúcar ou de outros edulcorantes classificadas nas posições 08.03, 08.04, 08.05, 08.06, 08.07, 08.08, 08.09, 08.10 e 08.11 da NCM/SH;NCM;08109015;PRODUTOS HORTÍCOLAS, FRUTAS E OVOS;;PERMITIDO;;2026-01-01;;https://dfe-portal.svrs.rs.gov.br/DFE/TabelaClassificacaoTributaria
200014;XV;Frutas frescas ou refrigeradas e frutas congeladas sem adição de açúcar ou de outros edulcorantes classificadas nas posições 08.03, 08.04, 08.05, 08.06, 08.07, 08.08, 08.09, 08.10 e 08.11 da NCM/SH;NCM;08109016;PRODUTOS HORTÍCOLAS, FRUTAS E OVOS;;PERMITIDO;;2026-01-01;;https://dfe-portal.svrs.rs.gov.br/DFE/TabelaClassificacaoTributaria
200014;XV;Frutas frescas ou refrigeradas e frutas congeladas sem adição de açúcar ou de outros edulcorantes classificadas nas posições 08.03, 08.04, 08.05, 08.06, 08.07, 08.08, 08.09, 08.10 e 08.11 da NCM/SH;NCM;08109017;PRODUTOS HORTÍCOLAS, FRUTAS E OVOS;;PERMITIDO;;2026-01-01;;https://dfe-portal.svrs.rs.gov.br/DFE/TabelaClassificacaoTributaria
200014;XV;Frutas frescas ou refrigeradas e frutas congeladas sem adição de açúcar ou de outros edulcorantes classificadas nas posições 08.03, 08.04, 08.05, 08.06, 08.07, 08.08, 08.09, 08.10 e 08.11 da NCM/SH;NCM;08109090;PRODUTOS HORTÍCOLAS, FRUTAS E OVOS;;PERMITIDO;;2026-01-01;;https://dfe-portal.svrs.rs.gov.br/DFE/TabelaClassificacaoTributaria
200014;XV;Frutas frescas ou refrigeradas e frutas congeladas sem adição de açúcar ou de outros edulcorantes classificadas nas posições 08.03, 08.04, 08.05, 08.06, 08.07, 08.08, 08.09, 08.10 e 08.11 da NCM/SH;NCM;08111000;PRODUTOS HORTÍCOLAS, FRUTAS E OVOS;;PERMITIDO;;2026-01-01;;https://dfe-portal.svrs.rs.gov.br/DFE/TabelaClassificacaoTributaria
200014;XV;Frutas frescas ou refrigeradas e frutas congeladas sem adição de açúcar ou de outros edulcorantes classificadas nas posições 08.03, 08.04, 08.05, 08.06, 08.07, 08.08, 08.09, 08.10 e 08.11 da NCM/SH;NCM;08112000;PRODUTOS HORTÍCOLAS, FRUTAS E OVOS;;PERMITIDO;;2026-01-01;;https://dfe-portal.svrs.rs.gov.br/DFE/TabelaClassificacaoTributaria
200014;XV;Frutas frescas ou refrigeradas e frutas congeladas sem adição de açúcar ou de outros edulcorantes classificadas nas posições 08.03, 08.04, 08.05, 08.06, 08.07, 08.08, 08.09, 08.10 e 08.11 da NCM/SH;NCM;08119000;PRODUTOS HORTÍCOLAS, FRUTAS E OVOS;;PERMITIDO;;2026-01-01;;https://dfe-portal.svrs.rs.gov.br/DFE/TabelaClassificacaoTributaria
200014;XV;Plantas e produtos de floricultura relativos à horticultura e cultivados para fins alimentares, ornamentais ou medicinais classificados no Capítulo 6 da NCM/SH;NCM;06011000;PRODUTOS HORTÍCOLAS, FRUTAS E OVOS;;PERMITIDO;;2026-01-01;;https://dfe-portal.svrs.rs.gov.br/DFE/TabelaClassificacaoTributaria
200014;XV;Plantas e produtos de floricultura relativos à horticultura e cultivados para fins alimentares, ornamentais ou medicinais classificados no Capítulo 6 da NCM/SH;NCM;06012000;PRODUTOS HORTÍCOLAS, FRUTAS E OVOS;;PERMITIDO;;2026-01-01;;https://dfe-portal.svrs.rs.gov.br/DFE/TabelaClassificacaoTributaria
200014;XV;Plantas e produtos de floricultura relativos à horticultura e cultivados para fins alimentares, ornamentais ou medicinais classificados no Capítulo 6 da NCM/SH;NCM;06021000;PRODUTOS HORTÍCOLAS, FRUTAS E OVOS;;PERMITIDO;;2026-01-01;;https://dfe-portal.svrs.rs.gov.br/DFE/TabelaClassificacaoTributaria
200014;XV;Plantas e produtos de floricultura relativos à horticultura e cultivados para fins alimentares, ornamentais ou medicinais classificados no Capítulo 6 da NCM/SH;NCM;06022000;PRODUTOS HORTÍCOLAS, FRUTAS E OVOS;;PERMITIDO;;2026-01-01;;https://dfe-portal.svrs.rs.gov.br/DFE/TabelaClassificacaoTributaria
200014;XV;Plantas e produtos de floricultura relativos à horticultura e cultivados para fins alimentares, ornamentais ou medicinais classificados no Capítulo 6 da NCM/SH;NCM;06023000;PRODUTOS HORTÍCOLAS, FRUTAS E OVOS;;PERMITIDO;;2026-01-01;;https://dfe-portal.svrs.rs.gov.br/DFE/TabelaClassificacaoTributaria
200014;XV;Plantas e produtos de floricultura relativos à horticultura e cultivados para fins alimentares, ornamentais ou medicinais classificados no Capítulo 6 da NCM/SH;NCM;06024000;PRODUTOS HORTÍCOLAS, FRUTAS E OVOS;;PERMITIDO;;2026-01-01;;https://dfe-portal.svrs.rs.gov.br/DFE/TabelaClassificacaoTributaria
200014;XV;Plantas e produtos de floricultura relativos à horticultura e cultivados para fins alimentares, ornamentais ou medicinais classificados no Capítulo 6 da NCM/SH;NCM;06029010;PRODUTOS HORTÍCOLAS, FRUTAS E OVOS;;PERMITIDO;;2026-01-01;;https://dfe-portal.svrs.rs.gov.br/DFE/TabelaClassificacaoTributaria
200014;XV;Plantas e produtos de floricultura relativos à horticultura e cultivados para fins alimentares, ornamentais ou medicinais classificados no Capítulo 6 da NCM/SH;NCM;06029021;PRODUTOS HORTÍCOLAS, FRUTAS E OVOS;;PERMITIDO;;2026-01-01;;https://dfe-portal.svrs.rs.gov.br/DFE/TabelaClassificacaoTributaria
200014;XV;Plantas e produtos de floricultura relativos à horticultura e cultivados para fins alimentares, ornamentais ou medicinais classificados no Capítulo 6 da NCM/SH;NCM;06029029;PRODUTOS HORTÍCOLAS, FRUTAS E OVOS;;PERMITIDO;;2026-01-01;;https://dfe-portal.svrs.rs.gov.br/DFE/TabelaClassificacaoTributaria
200014;XV;Plantas e produtos de floricultura relativos à horticultura e cultivados para fins alimentares, ornamentais ou medicinais classificados no Capítulo 6 da NCM/SH;NCM;06029081;PRODUTOS HORTÍCOLAS, FRUTAS E OVOS;;PERMITIDO;;2026-01-01;;https://dfe-portal.svrs.rs.gov.br/DFE/TabelaClassificacaoTributaria
200014;XV;Plantas e produtos de floricultura relativos à horticultura e cultivados para fins alimentares, ornamentais ou medicinais classificados no Capítulo 6 da NCM/SH;NCM;06029082;PRODUTOS HORTÍCOLAS, FRUTAS E OVOS;;PERMITIDO;;2026-01-01;;https://dfe-portal.svrs.rs.gov.br/DFE/TabelaClassificacaoTributaria
200014;XV;Plantas e produtos de floricultura relativos à horticultura e cultivados para fins alimentares, ornamentais ou medicinais classificados no Capítulo 6 da NCM/SH;NCM;06029083;PRODUTOS HORTÍCOLAS, FRUTAS E OVOS;;PERMITIDO;;2026-01-01;;https://dfe-portal.svrs.rs.gov.br/DFE/TabelaClassificacaoTributaria
200014;XV;Plantas e produtos de floricultura relativos à horticultura e cultivados para fins alimentares, ornamentais ou medicinais classificados no Capítulo 6 da NCM/SH;NCM;06029089;PRODUTOS HORTÍCOLAS, FRUTAS E OVOS;;PERMITIDO;;2026-01-01;;https://dfe-portal.svrs.rs.gov.br/DFE/TabelaClassificacaoTributaria
200014;XV;Plantas e produtos de floricultura relativos à horticultura e cultivados para fins alimentares, ornamentais ou medicinais classificados no Capítulo 6 da NCM/SH;NCM;06029090;PRODUTOS HORTÍCOLAS, FRUTAS E OVOS;;PERMITIDO;;2026-01-01;;https://dfe-portal.svrs.rs.gov.br/DFE/TabelaClassificacaoTributaria
200014;XV;Plantas e produtos de floricultura relativos à horticultura e cultivados para fins alimentares, ornamentais ou medicinais classificados no Capítulo 6 da NCM/SH;NCM;06031100;PRODUTOS HORTÍCOLAS, FRUTAS E OVOS;;PERMITIDO;;2026-01-01;;https://dfe-portal.svrs.rs.gov.br/DFE/TabelaClassificacaoTributaria
200014;XV;Plantas e produtos de floricultura relativos à horticultura e cultivados para fins alimentares, ornamentais ou medicinais classificados no Capítulo 6 da NCM/SH;NCM;06031200;PRODUTOS HORTÍCOLAS, FRUTAS E OVOS;;PERMITIDO;;2026-01-01;;https://dfe-portal.svrs.rs.gov.br/DFE/TabelaClassificacaoTributaria
200014;XV;Plantas e produtos de floricultura relativos à horticultura e cultivados para fins alimentares, ornamentais ou medicinais classificados no Capítulo 6 da NCM/SH;NCM;06031300;PRODUTOS HORTÍCOLAS, FRUTAS E OVOS;;PERMITIDO;;2026-01-01;;https://dfe-portal.svrs.rs.gov.br/DFE/TabelaClassificacaoTributaria
200014;XV;Plantas e produtos de floricultura relativos à horticultura e cultivados para fins alimentares, ornamentais ou medicinais classificados no Capítulo 6 da NCM/SH;NCM;06031400;PRODUTOS HORTÍCOLAS, FRUTAS E OVOS;;PERMITIDO;;2026-01-01;;https://dfe-portal.svrs.rs.gov.br/DFE/TabelaClassificacaoTributaria
200014;XV;Plantas e produtos de floricultura relativos à horticultura e cultivados para fins alimentares, ornamentais ou medicinais classificados no Capítulo 6 da NCM/SH;NCM;06031500;PRODUTOS HORTÍCOLAS, FRUTAS E OVOS;;PERMITIDO;;2026-01-01;;https://dfe-portal.svrs.rs.gov.br/DFE/TabelaClassificacaoTributaria
200014;XV;Plantas e produtos de floricultura relativos à horticultura e cultivados para fins alimentares, ornamentais ou medicinais classificados no Capítulo 6 da NCM/SH;NCM;06031900;PRODUTOS HORTÍCOLAS, FRUTAS E OVOS;;PERMITIDO;;2026-01-01;;https://dfe-portal.svrs.rs.gov.br/DFE/TabelaClassificacaoTributaria
200014;XV;Plantas e produtos de floricultura relativos à horticultura e cultivados para fins alimentares, ornamentais ou medicinais classificados no Capítulo 6 da NCM/SH;NCM;06039000;PRODUTOS HORTÍCOLAS, FRUTAS E OVOS;;PERMITIDO;;2026-01-01;;https://dfe-portal.svrs.rs.gov.br/DFE/TabelaClassificacaoTributaria
200014;XV;Plantas e produtos de floricultura relativos à horticultura e cultivados para fins alimentares, ornamentais ou medicinais classificados no Capítulo 6 da NCM/SH;NCM;06042000;PRODUTOS HORTÍCOLAS, FRUTAS E OVOS;;PERMITIDO;;2026-01-01;;https://dfe-portal.svrs.rs.gov.br/DFE/TabelaClassificacaoTributaria
200014;XV;Plantas e produtos de floricultura relativos à horticultura e cultivados para fins alimentares, ornamentais ou medicinais classificados no Capítulo 6 da NCM/SH;NCM;06049000;PRODUTOS HORTÍCOLAS, FRUTAS E OVOS;;PERMITIDO;;2026-01-01;;https://dfe-portal.svrs.rs.gov.br/DFE/TabelaClassificacaoTributaria
200014;XV;Raízes e tubérculos da posição 07.14 da NCM/SH;NCM;07141000;PRODUTOS HORTÍCOLAS, FRUTAS E OVOS;;PERMITIDO;;2026-01-01;;https://dfe-portal.svrs.rs.gov.br/DFE/TabelaClassificacaoTributaria
200014;XV;Raízes e tubérculos da posição 07.14 da NCM/SH;NCM;07142000;PRODUTOS HORTÍCOLAS, FRUTAS E OVOS;;PERMITIDO;;2026-01-01;;https://dfe-portal.svrs.rs.gov.br/DFE/TabelaClassificacaoTributaria
200014;XV;Raízes e tubérculos da posição 07.14 da NCM/SH;NCM;07143000;PRODUTOS HORTÍCOLAS, FRUTAS E OVOS;;PERMITIDO;;2026-01-01;;https://dfe-portal.svrs.rs.gov.br/DFE/TabelaClassificacaoTributaria
200014;XV;Raízes e tubérculos da posição 07.14 da NCM/SH;NCM;07144000;PRODUTOS HORTÍCOLAS, FRUTAS E OVOS;;PERMITIDO;;2026-01-01;;https://dfe-portal.svrs.rs.gov.br/DFE/TabelaClassificacaoTributaria
200014;XV;Raízes e tubérculos da posição 07.14 da NCM/SH;NCM;07145000;PRODUTOS HORTÍCOLAS, FRUTAS E OVOS;;PERMITIDO;;2026-01-01;;https://dfe-portal.svrs.rs.gov.br/DFE/TabelaClassificacaoTributaria
200014;XV;Raízes e tubérculos da posição 07.14 da NCM/SH;NCM;07149000;PRODUTOS HORTÍCOLAS, FRUTAS E OVOS;;PERMITIDO;;2026-01-01;;https://dfe-portal.svrs.rs.gov.br/DFE/TabelaClassificacaoTributaria
200014;XV;Cocos da subposição 0801.1 da NCM/SH;NCM;08011100;PRODUTOS HORTÍCOLAS, FRUTAS E OVOS;;PERMITIDO;;2026-01-01;;https://dfe-portal.svrs.rs.gov.br/DFE/TabelaClassificacaoTributaria
200014;XV;Cocos da subposição 0801.1 da NCM/SH;NCM;08011200;PRODUTOS HORTÍCOLAS, FRUTAS E OVOS;;PERMITIDO;;2026-01-01;;https://dfe-portal.svrs.rs.gov.br/DFE/TabelaClassificacaoTributaria
200014;XV;Cocos da subposição 0801.1 da NCM/SH;NCM;08011900;PRODUTOS HORTÍCOLAS, FRUTAS E OVOS;;PERMITIDO;;2026-01-01;;https://dfe-portal.svrs.rs.gov.br/DFE/TabelaClassificacaoTributaria
200034;VII;Crustáceos (exceto lagostas e lagostim) e moluscos dos seguintes códigos e subposições da NCM/SH: a) 0306.1 e 0306.3, exceto os produtos da subposição 0306.11 e dos códigos 0306.15.00, 0306.31.00, 0306.34.00, 0306.39.10, e b) 0307.31.00, 0307.32.00, 0307.42.00, 0307.43, 0307.51.00, 0307.52.00, 0307.91.00 e 0307.92.00;NCM;03061200;ALIMENTOS DESTINADOS AO CONSUMO HUMANO;Lagostas e lagostim, produtos da subposição 0306.11 e dos códigos 0306.15.00, 0306.31.00, 0306.34.00, 0306.39.10;PERMITIDO;;2026-01-01;;https://dfe-portal.svrs.rs.gov.br/DFE/TabelaClassificacaoTributaria
200034;VII;Crustáceos (exceto lagostas e lagostim) e moluscos dos seguintes códigos e subposições da NCM/SH: a) 0306.1 e 0306.3, exceto os produtos da subposição 0306.11 e dos códigos 0306.15.00, 0306.31.00, 0306.34.00, 0306.39.10, e b) 0307.31.00, 0307.32.00, 0307.42.00, 0307.43, 0307.51.00, 0307.52.00, 0307.91.00 e 0307.92.00;NCM;03061400;ALIMENTOS DESTINADOS AO CONSUMO HUMANO;Lagostas e lagostim, produtos da subposição 0306.11 e dos códigos 0306.15.00, 0306.31.00, 0306.34.00, 0306.39.10;PERMITIDO;;2026-01-01;;https://dfe-portal.svrs.rs.gov.br/DFE/TabelaClassificacaoTributaria
200034;VII;Crustáceos (exceto lagostas e lagostim) e moluscos dos seguintes códigos e subposições da NCM/SH: a) 0306.1 e 0306.3, exceto os produtos da subposição 0306.11 e dos códigos 0306.15.00, 0306.31.00, 0306.34.00, 0306.39.10, e b) 0307.31.00, 0307.32.00, 0307.42.00, 0307.43, 0307.51.00, 0307.52.00, 0307.91.00 e 0307.92.00;NCM;03061610;ALIMENTOS DESTINADOS AO CONSUMO HUMANO;Lagostas e lagostim, produtos da subposição 0306.11 e dos códigos 0306.15.00, 0306.31.00, 0306.34.00, 0306.39.10;PERMITIDO;;2026-01-01;;https://dfe-portal.svrs.rs.gov.br/DFE/TabelaClassificacaoTributaria
200034;VII;Crustáceos (exceto lagostas e lagostim) e moluscos dos seguintes códigos e subposições da NCM/SH: a) 0306.1 e 0306.3, exceto os produtos da subposição 0306.11 e dos códigos 0306.15.00, 0306.31.00, 0306.34.00, 0306.39.10, e b) 0307.31.00, 0307.32.00, 0307.42.00, 0307.43, 0307.51.00, 0307.52.00, 0307.91.00 e 0307.92.00;NCM;03061690;ALIMENTOS DESTINADOS AO CONSUMO HUMANO;Lagostas e lagostim, produtos da subposição 0306.11 e dos códigos 0306.15.00, 0306.31.00, 0306.34.00, 0306.39.10;PERMITIDO;;2026-01-01;;https://dfe-portal.svrs.rs.gov.br/DFE/TabelaClassificacaoTributaria
200034;VII;Crustáceos (exceto lagostas e lagostim) e moluscos dos seguintes códigos e subposições da NCM/SH: a) 0306.1 e 0306.3, exceto os produtos da subposição 0306.11 e dos códigos 0306.15.00, 0306.31.00, 0306.34.00, 0306.39.10, e b) 0307.31.00, 0307.32.00, 0307.42.00, 0307.43, 0307.51.00, 0307.52.00, 0307.91.00 e 0307.92.00;NCM;03061710;ALIMENTOS DESTINADOS AO CONSUMO HUMANO;Lagostas e lagostim, produtos da subposição 0306.11 e dos códigos 0306.15.00, 0306.31.00, 0306.34.00, 0306.39.10;PERMITIDO;;2026-01-01;;https://dfe-portal.svrs.rs.gov.br/DFE/TabelaClassificacaoTributaria
200034;VII;Crustáceos (exceto lagostas e lagostim) e moluscos dos seguintes códigos e subposições da NCM/SH: a) 0306.1 e 0306.3, exceto os produtos da subposição 0306.11 e dos códigos 0306.15.00, 0306.31.00, 0306.34.00, 0306.39.10, e b) 0307.31.00, 0307.32.00, 0307.42.00, 0307.43, 0307.51.00, 0307.52.00, 0307.91.00 e 0307.92.00;NCM;03061790;ALIMENTOS DESTINADOS AO CONSUMO HUMANO;Lagostas e lagostim, produtos da subposição 0306.11 e dos códigos 0306.15.00, 0306.31.00, 0306.34.00, 0306.39.10;PERMITIDO;;2026-01-01;;https://dfe-portal.svrs.rs.gov.br/DFE/TabelaClassificacaoTributaria
200034;VII;Crustáceos (exceto lagostas e lagostim) e moluscos dos seguintes códigos e subposições da NCM/SH: a) 0306.1 e 0306.3, exceto os produtos da subposição 0306.11 e dos códigos 0306.15.00, 0306.31.00, 0306.34.00, 0306.39.10, e b) 0307.31.00, 0307.32.00, 0307.42.00, 0307.43, 0307.51.00, 0307.52.00, 0307.91.00 e 0307.92.00;NCM;03061910;ALIMENTOS DESTINADOS AO CONSUMO HUMANO;Lagostas e lagostim, produtos da subposição 0306.11 e dos códigos 0306.15.00, 0306.31.00, 0306.34.00, 0306.39.10;PERMITIDO;;2026-01-01;;https://dfe-portal.svrs.rs.gov.br/DFE/TabelaClassificacaoTributaria
200034;VII;Crustáceos (exceto lagostas e lagostim) e moluscos dos seguintes códigos e subposições da NCM/SH: a) 0306.1 e 0306.3, exceto os produtos da subposição 0306.11 e dos códigos 0306.15.00, 0306.31.00, 0306.34.00, 0306.39.10, e b) 0307.31.00, 0307.32.00, 0307.42.00, 0307.43, 0307.51.00, 0307.52.00, 0307.91.00 e 0307.92.00;NCM;03061990;ALIMENTOS DESTINADOS AO CONSUMO HUMANO;Lagostas e lagostim, produtos da subposição 0306.11 e dos códigos 0306.15.00, 0306.31.00, 0306.34.00, 0306.39.10;PERMITIDO;;2026-01-01;;https://dfe-portal.svrs.rs.gov.br/DFE/TabelaClassificacaoTributaria
200034;VII;Crustáceos (exceto lagostas e lagostim) e moluscos dos seguintes códigos e subposições da NCM/SH: a) 0306.1 e 0306.3, exceto os produtos da subposição 0306.11 e dos códigos 0306.15.00, 0306.31.00, 0306.34.00, 0306.39.10, e b) 0307.31.00, 0307.32.00, 0307.42.00, 0307.43, 0307.51.00, 0307.52.00, 0307.91.00 e 0307.92.00;NCM;03061110;;Lagostas e lagostim, produtos da subposição 0306.11 e dos códigos 0306.15.00, 0306.31.00, 0306.34.00, 0306.39.10;VEDADO;;2026-01-01;;https://dfe-portal.svrs.rs.gov.br/DFE/TabelaClassificacaoTributaria
200034;VII;Crustáceos (exceto lagostas e lagostim) e moluscos dos seguintes códigos e subposições da NCM/SH: a) 0306.1 e 0306.3, exceto os produtos da subposição 0306.11 e dos códigos 0306.15.00, 0306.31.00, 0306.34.00, 0306.39.10, e b) 0307.31.00, 0307.32.00, 0307.42.00, 0307.43, 0307.51.00, 0307.52.00, 0307.91.00 e 0307.92.00;NCM;03061190;;Lagostas e lagostim, produtos da subposição 0306.11 e dos códigos 0306.15.00, 0306.31.00, 0306.34.00, 0306.39.10;VEDADO;;2026-01-01;;https://dfe-portal.svrs.rs.gov.br/DFE/TabelaClassificacaoTributaria
200034;VII;Crustáceos (exceto lagostas e lagostim) e moluscos dos seguintes códigos e subposições da NCM/SH: a) 0306.1 e 0306.3, exceto os produtos da subposição 0306.11 e dos códigos 0306.15.00, 0306.31.00, 0306.34.00, 0306.39.10, e b) 0307.31.00, 0307.32.00, 0307.42.00, 0307.43, 0307.51.00, 0307.52.00, 0307.91.00 e 0307.92.00;NCM;03061500;;Lagostas e lagostim, produtos da subposição 0306.11 e dos códigos 0306.15.00, 0306.31.00, 0306.34.00, 0306.39.10;VEDADO;;2026-01-01;;https://dfe-portal.svrs.rs.gov.br/DFE/TabelaClassificacaoTributaria
200034;VII;Crustáceos (exceto lagostas e lagostim) e moluscos dos seguintes códigos e subposições da NCM/SH: a) 0306.1 e 0306.3, exceto os produtos da subposição 0306.11 e dos códigos 0306.15.00, 0306.31.00, 0306.34.00, 0306.39.10, e b) 0307.31.00, 0307.32.00, 0307.42.00, 0307.43, 0307.51.00, 0307.52.00, 0307.91.00 e 0307.92.00;NCM;03063200;ALIMENTOS DESTINADOS AO CONSUMO HUMANO;Lagostas e lagostim, produtos da subposição 0306.11 e dos códigos 0306.15.00, 0306.31.00, 0306.34.00, 0306.39.10;PERMITIDO;;2026-01-01;;https://dfe-portal.svrs.rs.gov.br/DFE/TabelaClassificacaoTributaria
200034;VII;Crustáceos (exceto lagostas e lagostim) e moluscos dos seguintes códigos e subposições da NCM/SH: a) 0306.1 e 0306.3, exceto os produtos da subposição 0306.11 e dos códigos 0306.15.00, 0306.31.00, 0306.34.00, 0306.39.10, e b) 0307.31.00, 0307.32.00, 0307.42.00, 0307.43, 0307.51.00, 0307.52.00, 0307.91.00 e 0307.92.00;NCM;03063300;ALIMENTOS DESTINADOS AO CONSUMO HUMANO;Lagostas e lagostim, produtos da subposição 0306.11 e dos códigos 0306.15.00, 0306.31.00, 0306.34.00, 0306.39.10;PERMITIDO;;2026-01-01;;https://dfe-portal.svrs.rs.gov.br/DFE/TabelaClassificacaoTributaria
200034;VII;Crustáceos (exceto lagostas e lagostim) e moluscos dos seguintes códigos e subposições da NCM/SH: a) 0306.1 e 0306.3, exceto os produtos da subposição 0306.11 e dos códigos 0306.15.00, 0306.31.00, 0306.34.00, 0306.39.10, e b) 0307.31.00, 0307.32.00, 0307.42.00, 0307.43, 0307.51.00, 0307.52.00, 0307.91.00 e 0307.92.00;NCM;03063500;ALIMENTOS DESTINADOS AO CONSUMO HUMANO;Lagostas e lagostim, produtos da subposição 0306.11 e dos códigos 0306.15.00, 0306.31.00, 0306.34.00, 0306.39.10;PERMITIDO;;2026-01-01;;https://dfe-portal.svrs.rs.gov.br/DFE/TabelaClassificacaoTributaria
200034;VII;Crustáceos (exceto lagostas e lagostim) e moluscos dos seguintes códigos e subposições da NCM/SH: a) 0306.1 e 0306.3, exceto os produtos da subposição 0306.11 e dos códigos 0306.15.00, 0306.31.00, 0306.34.00, 0306.39.10, e b) 0307.31.00, 0307.32.00, 0307.42.00, 0307.43, 0307.51.00, 0307.52.00, 0307.91.00 e 0307.92.00;NCM;03063600;ALIMENTOS DESTINADOS AO CONSUMO HUMANO;Lagostas e lagostim, produtos da subposição 0306.11 e dos códigos 0306.15.00, 0306.31.00, 0306.34.00, 0306.39.10;PERMITIDO;;2026-01-01;;https://dfe-portal.svrs.rs.gov.br/DFE/TabelaClassificacaoTributaria
200034;VII;Crustáceos (exceto lagostas e lagostim) e moluscos dos seguintes códigos e subposições da NCM/SH: a) 0306.1 e 0306.3, exceto os produtos da subposição 0306.11 e dos códigos 0306.15.00, 0306.31.00, 0306.34.00, 0306.39.10, e b) 0307.31.00, 0307.32.00, 0307.42.00, 0307.43, 0307.51.00, 0307.52.00, 0307.91.00 e 0307.92.00;NCM;03063990;ALIMENTOS DESTINADOS AO CONSUMO HUMANO;Lagostas e lagostim, produtos da subposição 0306.11 e dos códigos 0306.15.00, 0306.31.00, 0306.34.00, 0306.39.10;PERMITIDO;;2026-01-01;;https://dfe-portal.svrs.rs.gov.br/DFE/TabelaClassificacaoTributaria
200034;VII;Crustáceos (exceto lagostas e lagostim) e moluscos dos seguintes códigos e subposições da NCM/SH: a) 0306.1 e 0306.3, exceto os produtos da subposição 0306.11 e dos códigos 0306.15.00, 0306.31.00, 0306.34.00, 0306.39.10, e b) 0307.31.00, 0307.32.00, 0307.42.00, 0307.43, 0307.51.00, 0307.52.00, 0307.91.00 e 0307.92.00;NCM;03063100;;Lagostas e lagostim, produtos da subposição 0306.11 e dos códigos 0306.15.00, 0306.31.00, 0306.34.00, 0306.39.10;VEDADO;;2026-01-01;;https://dfe-portal.svrs.rs.gov.br/DFE/TabelaClassificacaoTributaria
200034;VII;Crustáceos (exceto lagostas e lagostim) e moluscos dos seguintes códigos e subposições da NCM/SH: a) 0306.1 e 0306.3, exceto os produtos da subposição 0306.11 e dos códigos 0306.15.00, 0306.31.00, 0306.34.00, 0306.39.10, e b) 0307.31.00, 0307.32.00, 0307.42.00, 0307.43, 0307.51.00, 0307.52.00, 0307.91.00 e 0307.92.00;NCM;03063400;;Lagostas e lagostim, produtos da subposição 0306.11 e dos códigos 0306.15.00, 0306.31.00, 0306.34.00, 0306.39.10;VEDADO;;2026-01-01;;https://dfe-portal.svrs.rs.gov.br/DFE/TabelaClassificacaoTributaria
200034;VII;Crustáceos (exceto lagostas e lagostim) e moluscos dos seguintes códigos e subposições da NCM/SH: a) 0306.1 e 0306.3, exceto os produtos da subposição 0306.11 e dos códigos 0306.15.00, 0306.31.00, 0306.34.00, 0306.39.10, e b) 0307.31.00, 0307.32.00, 0307.42.00, 0307.43, 0307.51.00, 0307.52.00, 0307.91.00 e 0307.92.00;NCM;03063910;;Lagostas e lagostim, produtos da subposição 0306.11 e dos códigos 0306.15.00, 0306.31.00, 0306.34.00, 0306.39.10;VEDADO;;2026-01-01;;https://dfe-portal.svrs.rs.gov.br/DFE/TabelaClassificacaoTributaria
200034;VII;Crustáceos (exceto lagostas e lagostim) e moluscos dos seguintes códigos e subposições da NCM/SH: a) 0306.1 e 0306.3, exceto os produtos da subposição 0306.11 e dos códigos 0306.15.00, 0306.31.00, 0306.34.00, 0306.39.10, e b) 0307.31.00, 0307.32.00, 0307.42.00, 0307.43, 0307.51.00, 0307.52.00, 0307.91.00 e 0307.92.00;NCM;03073100;ALIMENTOS DESTINADOS AO CONSUMO HUMANO;Lagostas e lagostim, produtos da subposição 0306.11 e dos códigos 0306.15.00, 0306.31.00, 0306.34.00, 0306.39.10;PERMITIDO;;2026-01-01;;https://dfe-portal.svrs.rs.gov.br/DFE/TabelaClassificacaoTributaria
200034;VII;Crustáceos (exceto lagostas e lagostim) e moluscos dos seguintes códigos e subposições da NCM/SH: a) 0306.1 e 0306.3, exceto os produtos da subposição 0306.11 e dos códigos 0306.15.00, 0306.31.00, 0306.34.00, 0306.39.10, e b) 0307.31.00, 0307.32.00, 0307.42.00, 0307.43, 0307.51.00, 0307.52.00, 0307.91.00 e 0307.92.00;NCM;03073200;ALIMENTOS DESTINADOS AO CONSUMO HUMANO;Lagostas e lagostim, produtos da subposição 0306.11 e dos códigos 0306.15.00, 0306.31.00, 0306.34.00, 0306.39.10;PERMITIDO;;2026-01-01;;https://dfe-portal.svrs.rs.gov.br/DFE/TabelaClassificacaoTributaria
200034;VII;Crustáceos (exceto lagostas e lagostim) e moluscos dos seguintes códigos e subposições da NCM/SH: a) 0306.1 e 0306.3, exceto os produtos da subposição 0306.11 e dos códigos 0306.15.00, 0306.31.00, 0306.34.00, 0306.39.10, e b) 0307.31.00, 0307.32.00, 0307.42.00, 0307.43, 0307.51.00, 0307.52.00, 0307.91.00 e 0307.92.00;NCM;03074200;ALIMENTOS DESTINADOS AO CONSUMO HUMANO;Lagostas e lagostim, produtos da subposição 0306.11 e dos códigos 0306.15.00, 0306.31.00, 0306.34.00, 0306.39.10;PERMITIDO;;2026-01-01;;https://dfe-portal.svrs.rs.gov.br/DFE/TabelaClassificacaoTributaria
200034;VII;Crustáceos (exceto lagostas e lagostim) e moluscos dos seguintes códigos e subposições da NCM/SH: a) 0306.1 e 0306.3, exceto os produtos da subposição 0306.11 e dos códigos 0306.15.00, 0306.31.00, 0306.34.00, 0306.39.10, e b) 0307.31.00, 0307.32.00, 0307.42.00, 0307.43, 0307.51.00, 0307.52.00, 0307.91.00 e 0307.92.00;NCM;03074310;ALIMENTOS DESTINADOS AO CONSUMO HUMANO;Lagostas e lagostim, produtos da subposição 0306.11 e dos códigos 0306.15.00, 0306.31.00, 0306.34.00, 0306.39.10;PERMITIDO;;2026-01-01;;https://dfe-portal.svrs.rs.gov.br/DFE/TabelaClassificacaoTributaria
200034;VII;Crustáceos (exceto lagostas e lagostim) e moluscos dos seguintes códigos e subposições da NCM/SH: a) 0306.1 e 0306.3, exceto os produtos da subposição 0306.11 e dos códigos 0306.15.00, 0306.31.00, 0306.34.00, 0306.39.10, e b) 0307.31.00, 0307.32.00, 0307.42.00, 0307.43, 0307.51.00, 0307.52.00, 0307.91.00 e 0307.92.00;NCM;03074320;ALIMENTOS DESTINADOS AO CONSUMO HUMANO;Lagostas e lagostim, produtos da subposição 0306.11 e dos códigos 0306.15.00, 0306.31.00, 0306.34.00, 0306.39.10;PERMITIDO;;2026-01-01;;https://dfe-portal.svrs.rs.gov.br/DFE/TabelaClassificacaoTributaria
200034;VII;Crustáceos (exceto lagostas e lagostim) e moluscos dos seguintes códigos e subposições da NCM/SH: a) 0306.1 e 0306.3, exceto os produtos da subposição 0306.11 e dos códigos 0306.15.00, 0306.31.00, 0306.34.00, 0306.39.10, e b) 0307.31.00, 0307.32.00, 0307.42.00, 0307.43, 0307.51.00, 0307.52.00, 0307.91.00 e 0307.92.00;NCM;03075100;ALIMENTOS DESTINADOS AO CONSUMO HUMANO;Lagostas e lagostim, produtos da subposição 0306.11 e dos códigos 0306.15.00, 0306.31.00, 0306.34.00, 0306.39.10;PERMITIDO;;2026-01-01;;https://dfe-portal.svrs.rs.gov.br/DFE/TabelaClassificacaoTributaria
200034;VII;Crustáceos (exceto lagostas e lagostim) e moluscos dos seguintes códigos e subposições da NCM/SH: a) 0306.1 e 0306.3, exceto os produtos da subposição 0306.11 e dos códigos 0306.15.00, 0306.31.00, 0306.34.00, 0306.39.10, e b) 0307.31.00, 0307.32.00, 0307.42.00, 0307.43, 0307.51.00, 0307.52.00, 0307.91.00 e 0307.92.00;NCM;03075200;ALIMENTOS DESTINADOS AO CONSUMO HUMANO;Lagostas e lagostim, produtos da subposição 0306.11 e dos códigos 0306.15.00, 0306.31.00, 0306.34.00, 0306.39.10;PERMITIDO;;2026-01-01;;https://dfe-portal.svrs.rs.gov.br/DFE/TabelaClassificacaoTributaria
200034;VII;Crustáceos (exceto lagostas e lagostim) e moluscos dos seguintes códigos e subposições da NCM/SH: a) 0306.1 e 0306.3, exceto os produtos da subposição 0306.11 e dos códigos 0306.15.00, 0306.31.00, 0306.34.00, 0306.39.10, e b) 0307.31.00, 0307.32.00, 0307.42.00, 0307.43, 0307.51.00, 0307.52.00, 0307.91.00 e 0307.92.00;NCM;03079100;ALIMENTOS DESTINADOS AO CONSUMO HUMANO;Lagostas e lagostim, produtos da subposição 0306.11 e dos códigos 0306.15.00, 0306.31.00, 0306.34.00, 0306.39.10;PERMITIDO;;2026-01-01;;https://dfe-portal.svrs.rs.gov.br/DFE/TabelaClassificacaoTributaria
200034;VII;Crustáceos (exceto lagostas e lagostim) e moluscos dos seguintes códigos e subposições da NCM/SH: a) 0306.1 e 0306.3, exceto os produtos da subposição 0306.11 e dos códigos 0306.15.00, 0306.31.00, 0306.34.00, 0306.39.10, e b) 0307.31.00, 0307.32.00, 0307.42.00, 0307.43, 0307.51.00, 0307.52.00, 0307.91.00 e 0307.92.00;NCM;03079200;ALIMENTOS DESTINADOS AO CONSUMO HUMANO;Lagostas e lagostim, produtos da subposição 0306.11 e dos códigos 0306.15.00, 0306.31.00, 0306.34.00, 0306.39.10;PERMITIDO;;2026-01-01;;https://dfe-portal.svrs.rs.gov.br/DFE/TabelaClassificacaoTributaria
200034;VII;Leite fermentado, bebidas e compostos lácteos, em conformidade com os requisitos da legislação específica, classificados nos códigos 0403.20.00, 0403.90.00 e 2202.99.00 da NCM/SH;NCM;04032000;ALIMENTOS DESTINADOS AO CONSUMO HUMANO;;PERMITIDO;;2026-01-01;;https://dfe-portal.svrs.rs.gov.br/DFE/TabelaClassificacaoTributaria
200034;VII;Leite fermentado, bebidas e compostos lácteos, em conformidade com os requisitos da legislação específica, classificados nos códigos 0403.20.00, 0403.90.00 e 2202.99.00 da NCM/SH;NCM;04039000;ALIMENTOS DESTINADOS AO CONSUMO HUMANO;;PERMITIDO;;2026-01-01;;https://dfe-portal.svrs.rs.gov.br/DFE/TabelaClassificacaoTributaria
200034;VII;Leite fermentado, bebidas e compostos lácteos, em conformidade com os requisitos da legislação específica, classificados nos códigos 0403.20.00, 0403.90.00 e 2202.99.00 da NCM/SH;NCM;22029900;ALIMENTOS DESTINADOS AO CONSUMO HUMANO;;PERMITIDO;;2026-01-01;;https://dfe-portal.svrs.rs.gov.br/DFE/TabelaClassificacaoTributaria
200034;VII;Mel natural do código 0409.00.00 da NCM/SH;NCM;04090000;ALIMENTOS DESTINADOS AO CONSUMO HUMANO;;PERMITIDO;;2026-01-01;;https://dfe-portal.svrs.rs.gov.br/DFE/TabelaClassificacaoTributaria
200034;VII;Farinha das posições 1101.00, 11.02, 11.05, 11.06 e 12.08 da NCM/SH, ressalvados os produtos relacionados no Anexo I;NCM;11010020;ALIMENTOS DESTINADOS AO CONSUMO HUMANO;Produtos relacionados no Anexo I;PERMITIDO;;2026-01-01;;https://dfe-portal.svrs.rs.gov.br/DFE/TabelaClassificacaoTributaria
200034;VII;Farinha das posições 1101.00, 11.02, 11.05, 11.06 e 12.08 da NCM/SH, ressalvados os produtos relacionados no Anexo I;NCM;11010010;;Produtos relacionados no Anexo I;VEDADO;Listado no Anexo I;2026-01-01;;https://dfe-portal.svrs.rs.gov.br/DFE/TabelaClassificacaoTributaria
200034;VII;Farinha das posições 1101.00, 11.02, 11.05, 11.06 e 12.08 da NCM/SH, ressalvados os produtos relacionados no Anexo I;NCM;11022000;;Produtos relacionados no Anexo I;VEDADO;Listado no Anexo I;2026-01-01;;https://dfe-portal.svrs.rs.gov.br/DFE/TabelaClassificacaoTributaria
200034;VII;Farinha das posições 1101.00, 11.02, 11.05, 11.06 e 12.08 da NCM/SH, ressalvados os produtos relacionados no Anexo I;NCM;11029000;;Produtos relacionados no Anexo I;VEDADO;Listado no Anexo I;2026-01-01;;https://dfe-portal.svrs.rs.gov.br/DFE/TabelaClassificacaoTributaria
200034;VII;Farinha das posições 1101.00, 11.02, 11.05, 11.06 e 12.08 da NCM/SH, ressalvados os produtos relacionados no Anexo I;NCM;11051000;ALIMENTOS DESTINADOS AO CONSUMO HUMANO;Produtos relacionados no Anexo I;PERMITIDO;;2026-01-01;;https://dfe-portal.svrs.rs.gov.br/DFE/TabelaClassificacaoTributaria
200034;VII;Farinha das posições 1101.00, 11.02, 11.05, 11.06 e 12.08 da NCM/SH, ressalvados os produtos relacionados no Anexo I;NCM;11052000;ALIMENTOS DESTINADOS AO CONSUMO HUMANO;Produtos relacionados no Anexo I;PERMITIDO;;2026-01-01;;https://dfe-portal.svrs.rs.gov.br/DFE/TabelaClassificacaoTributaria
200034;VII;Farinha das posições 1101.00, 11.02, 11.05, 11.06 e 12.08 da NCM/SH, ressalvados os produtos relacionados no Anexo I;NCM;11061000;ALIMENTOS DESTINADOS AO CONSUMO HUMANO;Produtos relacionados no Anexo I;PERMITIDO;;2026-01-01;;https://dfe-portal.svrs.rs.gov.br/DFE/TabelaClassificacaoTributaria
200034;VII;Farinha das posições 1101.00, 11.02, 11.05, 11.06 e 12.08 da NCM/SH, ressalvados os produtos relacionados no Anexo I;NCM;11063000;ALIMENTOS DESTINADOS AO CONSUMO HUMANO;Produtos relacionados no Anexo I;PERMITIDO;;2026-01-01;;https://dfe-portal.svrs.rs.gov.br/DFE/TabelaClassificacaoTributaria
200034;VII;Farinha das posições 1101.00, 11.02, 11.05, 11.06 e 12.08 da NCM/SH, ressalvados os produtos relacionados no Anexo I;NCM;11062000;;Produtos relacionados no Anexo I;VEDADO;Listado no Anexo I;2026-01-01;;https://dfe-portal.svrs.rs.gov.br/DFE/TabelaClassificacaoTributaria
200034;VII;Farinha das posições 1101.00, 11.02, 11.05, 11.06 e 12.08 da NCM/SH, ressalvados os produtos relacionados no Anexo I;NCM;12081000;ALIMENTOS DESTINADOS AO CONSUMO HUMANO;Produtos relacionados no Anexo I;PERMITIDO;;2026-01-01;;https://dfe-portal.svrs.rs.gov.br/DFE/TabelaClassificacaoTributaria
200034;VII;Farinha das posições 1101.00, 11.02, 11.05, 11.06 e 12.08 da NCM/SH, ressalvados os produtos relacionados no Anexo I;NCM;12089000;ALIMENTOS DESTINADOS AO CONSUMO HUMANO;Produtos relacionados no Anexo I;PERMITIDO;;2026-01-01;;https://dfe-portal.svrs.rs.gov.br/DFE/TabelaClassificacaoTributaria
200034;VII;Grumos e sêmolas de cereais dos códigos 1103.11.00 e 1103.19.00 da NCM/SH, ressalvados os produtos relacionados no Anexo I;NCM;11031100;ALIMENTOS DESTINADOS AO CONSUMO HUMANO;Produtos relacionados no Anexo I;PERMITIDO;;2026-01-01;;https://dfe-portal.svrs.rs.gov.br/DFE/TabelaClassificacaoTributaria
200034;VII;Grumos e sêmolas de cereais dos códigos 1103.11.00 e 1103.19.00 da NCM/SH, ressalvados os produtos relacionados no Anexo I;NCM;11031900;ALIMENTOS DESTINADOS AO CONSUMO HUMANO;Produtos relacionados no Anexo I;PERMITIDO;;2026-01-01;;https://dfe-portal.svrs.rs.gov.br/DFE/TabelaClassificacaoTributaria
200034;VII;Grãos de cereais das subposições 1104.1 e 1104.2 da NCM/SH, ressalvados os produtos relacionados no Anexo I;NCM;11041200;;Produtos relacionados no Anexo I;VEDADO;Listado no Anexo I;2026-01-01;;https://dfe-portal.svrs.rs.gov.br/DFE/TabelaClassificacaoTributaria
200034;VII;Grãos de cereais das subposições 1104.1 e 1104.2 da NCM/SH, ressalvados os produtos relacionados no Anexo I;NCM;11041900;;Produtos relacionados no Anexo I;VEDADO;Listado no Anexo I;2026-01-01;;https://dfe-portal.svrs.rs.gov.br/DFE/TabelaClassificacaoTributaria
200034;VII;Grãos de cereais das subposições 1104.1 e 1104.2 da NCM/SH, ressalvados os produtos relacionados no Anexo I;NCM;11042900;ALIMENTOS DESTINADOS AO CONSUMO HUMANO;Produtos relacionados no Anexo I;PERMITIDO;;2026-01-01;;https://dfe-portal.svrs.rs.gov.br/DFE/TabelaClassificacaoTributaria
200034;VII;Grãos de cereais das subposições 1104.1 e 1104.2 da NCM/SH, ressalvados os produtos relacionados no Anexo I;NCM;11042200;;Produtos relacionados no Anexo I;VEDADO;Listado no Anexo I;2026-01-01;;https://dfe-portal.svrs.rs.gov.br/DFE/TabelaClassificacaoTributaria
200034;VII;Grãos de cereais das subposições 1104.1 e 1104.2 da NCM/SH, ressalvados os produtos relacionados no Anexo I;NCM;11042300;;Produtos relacionados no Anexo I;VEDADO;Listado no Anexo I;2026-01-01;;https://dfe-portal.svrs.rs.gov.br/DFE/TabelaClassificacaoTributaria
200034;VII;Amido de milho do código 1108.12.00 da NCM/SH;NCM;11081200;ALIMENTOS DESTINADOS AO CONSUMO HUMANO;;PERMITIDO;;2026-01-01;;https://dfe-portal.svrs.rs.gov.br/DFE/TabelaClassificacaoTributaria
200034;VII;Óleos de soja, de milho, canola e demais óleos vegetais, em conformidade com os requisitos da legislação específica relativos ao consumo como alimento, classificados na subposição 1507.90 e nas posições 15.08, 15.11, 15.12, 15.13, 15.14 e 15.15 da NCM/SH;NCM;15079011;ALIMENTOS DESTINADOS AO CONSUMO HUMANO;;PERMITIDO;;2026-01-01;;https://dfe-portal.svrs.rs.gov.br/DFE/TabelaClassificacaoTributaria
200034;VII;Óleos de soja, de milho, canola e demais óleos vegetais, em conformidade com os requisitos da legislação específica relativos ao consumo como alimento, classificados na subposição 1507.90 e nas posições 15.08, 15.11, 15.12, 15.13, 15.14 e 15.15 da NCM/SH;NCM;15079019;ALIMENTOS DESTINADOS AO CONSUMO HUMANO;;PERMITIDO;;2026-01-01;;https://dfe-portal.svrs.rs.gov.br/DFE/TabelaClassificacaoTributaria
200034;VII;Óleos de soja, de milho, canola e demais óleos vegetais, em conformidade com os requisitos da legislação específica relativos ao consumo como alimento, classificados na subposição 1507.90 e nas posições 15.08, 15.11, 15.12, 15.13, 15.14 e 15.15 da NCM/SH;NCM;15079090;ALIMENTOS DESTINADOS AO CONSUMO HUMANO;;PERMITIDO;;2026-01-01;;https://dfe-portal.svrs.rs.gov.br/DFE/TabelaClassificacaoTributaria
200034;VII;Óleos de soja, de milho, canola e demais óleos vegetais, em conformidade com os requisitos da legislação específica relativos ao consumo como alimento, classificados na subposição 1507.90 e nas posições 15.08, 15.11, 15.12, 15.13, 15.14 e 15.15 da NCM/SH;NCM;15081000;ALIMENTOS DESTINADOS AO CONSUMO HUMANO;;PERMITIDO;;2026-01-01;;https://dfe-portal.svrs.rs.gov.br/DFE/TabelaClassificacaoTributaria
200034;VII;Óleos de soja, de milho, canola e demais óleos vegetais, em conformidade com os requisitos da legislação específica relativos ao consumo como alimento, classificados na subposição 1507.90 e nas posições 15.08, 15.11, 15.12, 15.13, 15.14 e 15.15 da NCM/SH;NCM;15089000;ALIMENTOS DESTINADOS AO CONSUMO HUMANO;;PERMITIDO;;2026-01-01;;https://dfe-portal.svrs.rs.gov.br/DFE/TabelaClassificacaoTributaria
200034;VII;Óleos de soja, de milho, canola e demais óleos vegetais, em conformidade com os requisitos da legislação específica relativos ao consumo como alimento, classificados na subposição 1507.90 e nas posições 15.08, 15.11, 15.12, 15.13, 15.14 e 15.15 da NCM/SH;NCM;15111000;ALIMENTOS DESTINADOS AO CONSUMO HUMANO;;PERMITIDO;;2026-01-01;;https://dfe-portal.svrs.rs.gov.br/DFE/TabelaClassificacaoTributaria
200034;VII;Óleos de soja, de milho, canola e demais óleos vegetais, em conformidade com os requisitos da legislação específica relativos ao consumo como alimento, classificados na subposição 1507.90 e nas posições 15.08, 15.11, 15.12, 15.13, 15.14 e 15.15 da NCM/SH;NCM;15119000;ALIMENTOS DESTINADOS AO CONSUMO HUMANO;;PERMITIDO;;2026-01-01;;https://dfe-portal.svrs.rs.gov.br/DFE/TabelaClassificacaoTributaria
200034;VII;Óleos de soja, de milho, canola e demais óleos vegetais, em conformidade com os requisitos da legislação específica relativos ao consumo como alimento, classificados na subposição 1507.90 e nas posições 15.08, 15.11, 15.12, 15.13, 15.14 e 15.15 da NCM/SH;NCM;15121110;ALIMENTOS DESTINADOS AO CONSUMO HUMANO;;PERMITIDO;;2026-01-01;;https://dfe-portal.svrs.rs.gov.br/DFE/TabelaClassificacaoTributaria
200034;VII;Óleos de soja, de milho, canola e demais óleos vegetais, em conformidade com os requisitos da legislação específica relativos ao consumo como alimento, classificados na subposição 1507.90 e nas posições 15.08, 15.11, 15.12, 15.13, 15.14 e 15.15 da NCM/SH;NCM;15121120;ALIMENTOS DESTINADOS AO CONSUMO HUMANO;;PERMITIDO;;2026-01-01;;https://dfe-portal.svrs.rs.gov.br/DFE/TabelaClassificacaoTributaria
200034;VII;Óleos de soja, de milho, canola e demais óleos vegetais, em conformidade com os requisitos da legislação específica relativos ao consumo como alimento, classificados na subposição 1507.90 e nas posições 15.08, 15.11, 15.12, 15.13, 15.14 e 15.15 da NCM/SH;NCM;15121911;ALIMENTOS DESTINADOS AO CONSUMO HUMANO;;PERMITIDO;;2026-01-01;;https://dfe-portal.svrs.rs.gov.br/DFE/TabelaClassificacaoTributaria
200034;VII;Óleos de soja, de milho, canola e demais óleos vegetais, em conformidade com os requisitos da legislação específica relativos ao consumo como alimento, classificados na subposição 1507.90 e nas posições 15.08, 15.11, 15.12, 15.13, 15.14 e 15.15 da NCM/SH;NCM;15121919;ALIMENTOS DESTINADOS AO CONSUMO HUMANO;;PERMITIDO;;2026-01-01;;https://dfe-portal.svrs.rs.gov.br/DFE/TabelaClassificacaoTributaria
200034;VII;Óleos de soja, de milho, canola e demais óleos vegetais, em conformidade com os requisitos da legislação específica relativos ao consumo como alimento, classificados na subposição 1507.90 e nas posições 15.08, 15.11, 15.12, 15.13, 15.14 e 15.15 da NCM/SH;NCM;15121920;ALIMENTOS DESTINADOS AO CONSUMO HUMANO;;PERMITIDO;;2026-01-01;;https://dfe-portal.svrs.rs.gov.br/DFE/TabelaClassificacaoTributaria
200034;VII;Óleos de soja, de milho, canola e demais óleos vegetais, em conformidade com os requisitos da legislação específica relativos ao consumo como alimento, classificados na subposição 1507.90 e nas posições 15.08, 15.11, 15.12, 15.13, 15.14 e 15.15 da NCM/SH;NCM;15122100;ALIMENTOS DESTINADOS AO CONSUMO HUMANO;;PERMITIDO;;2026-01-01;;https://dfe-portal.svrs.rs.gov.br/DFE/TabelaClassificacaoTributaria
200034;VII;Óleos de soja, de milho, canola e demais óleos vegetais, em conformidade com os requisitos da legislação específica relativos ao consumo como alimento, classificados na subposição 1507.90 e nas posições 15.08, 15.11, 15.12, 15.13, 15.14 e 15.15 da NCM/SH;NCM;15122910;ALIMENTOS DESTINADOS AO CONSUMO HUMANO;;PERMITIDO;;2026-01-01;;https://dfe-portal.svrs.rs.gov.br/DFE/TabelaClassificacaoTributaria
200034;VII;Óleos de soja, de milho, canola e demais óleos vegetais, em conformidade com os requisitos da legislação específica relativos ao consumo como alimento, classificados na subposição 1507.90 e nas posições 15.08, 15.11, 15.12, 15.13, 15.14 e 15.15 da NCM/SH;NCM;15122990;ALIMENTOS DESTINADOS AO CONSUMO HUMANO;;PERMITIDO;;2026-01-01;;https://dfe-portal.svrs.rs.gov.br/DFE/TabelaClassificacaoTributaria
200034;VII;Óleos de soja, de milho, canola e demais óleos vegetais, em conformidade com os requisitos da legislação específica relativos ao consumo como alimento, classificados na subposição 1507.90 e nas posições 15.08, 15.11, 15.12, 15.13, 15.14 e 15.15 da NCM/SH;NCM;15131100;ALIMENTOS DESTINADOS AO CONSUMO HUMANO;;PERMITIDO;;2026-01-01;;https://dfe-portal.svrs.rs.gov.br/DFE/TabelaClassificacaoTributaria
200034;VII;Óleos de soja, de milho, canola e demais óleos vegetais, em conformidade com os requisitos da legislação específica relativos ao consumo como alimento, classificados na subposição 1507.90 e nas posições 15.08, 15.11, 15.12, 15.13, 15.14 e 15.15 da NCM/SH;NCM;15131900;ALIMENTOS DESTINADOS AO CONSUMO HUMANO;;PERMITIDO;;2026-01-01;;https://dfe-portal.svrs.rs.gov.br/DFE/TabelaClassificacaoTributaria
200034;VII;Óleos de soja, de milho, canola e demais óleos vegetais, em conformidade com os requisitos da legislação específica relativos ao consumo como alimento, classificados na subposição 1507.90 e nas posições 15.08, 15.11, 15.12, 15.13, 15.14 e 15.15 da NCM/SH;NCM;15132111;ALIMENTOS DESTINADOS AO CONSUMO HUMANO;;PERMITIDO;;2026-01-01;;https://dfe-portal.svrs.rs.gov.br/DFE/TabelaClassificacaoTributaria
200034;VII;Óleos de soja, de milho, canola e demais óleos vegetais, em conformidade com os requisitos da legislação específica relativos ao consumo como alimento, classificados na subposição 1507.90 e nas posições 15.08, 15.11, 15.12, 15.13, 15.14 e 15.15 da NCM/SH;NCM;15132119;ALIMENTOS DESTINADOS AO CONSUMO HUMANO;;PERMITIDO;;2026-01-01;;https://dfe-portal.svrs.rs.gov.br/DFE/TabelaClassificacaoTributaria
200034;VII;Óleos de soja, de milho, canola e demais óleos vegetais, em conformidade com os requisitos da legislação específica relativos ao consumo como alimento, classificados na subposição 1507.90 e nas posições 15.08, 15.11, 15.12, 15.13, 15.14 e 15.15 da NCM/SH;NCM;15132120;ALIMENTOS DESTINADOS AO CONSUMO HUMANO;;PERMITIDO;;2026-01-01;;https://dfe-portal.svrs.rs.gov.br/DFE/TabelaClassificacaoTributaria
200034;VII;Óleos de soja, de milho, canola e demais óleos vegetais, em conformidade com os requisitos da legislação específica relativos ao consumo como alimento, classificados na subposição 1507.90 e nas posições 15.08, 15.11, 15.12, 15.13, 15.14 e 15.15 da NCM/SH;NCM;15132911;ALIMENTOS DESTINADOS AO CONSUMO HUMANO;;PERMITIDO;;2026-01-01;;https://dfe-portal.svrs.rs.gov.br/DFE/TabelaClassificacaoTributaria
200034;VII;Óleos de soja, de milho, canola e demais óleos vegetais, em conformidade com os requisitos da legislação específica relativos ao consumo como alimento, classificados na subposição 1507.90 e nas posições 15.08, 15.11, 15.12, 15.13, 15.14 e 15.15 da NCM/SH;NCM;15132919;ALIMENTOS DESTINADOS AO CONSUMO HUMANO;;PERMITIDO;;2026-01-01;;https://dfe-portal.svrs.rs.gov.br/DFE/TabelaClassificacaoTributaria
200034;VII;Óleos de soja, de milho, canola e demais óleos vegetais, em conformidade com os requisitos da legislação específica relativos ao consumo como alimento, classificados na subposição 1507.90 e nas posições 15.08, 15.11, 15.12, 15.13, 15.14 e 15.15 da NCM/SH;NCM;15132920;ALIMENTOS DESTINADOS AO CONSUMO HUMANO;;PERMITIDO;;2026-01-01;;https://dfe-portal.svrs.rs.gov.br/DFE/TabelaClassificacaoTributaria
200034;VII;Óleos de soja, de milho, canola e demais óleos vegetais, em conformidade com os requisitos da legislação específica relativos ao consumo como alimento, classificados na subposição 1507.90 e nas posições 15.08, 15.11, 15.12, 15.13, 15.14 e 15.15 da NCM/SH;NCM;15141100;ALIMENTOS DESTINADOS AO CONSUMO HUMANO;;PERMITIDO;;2026-01-01;;https://dfe-portal.svrs.rs.gov.br/DFE/TabelaClassificacaoTributaria
200034;VII;Óleos de soja, de milho, canola e demais óleos vegetais, em conformidade com os requisitos da legislação específica relativos ao consumo como alimento, classificados na subposição 1507.90 e nas posições 15.08, 15.11, 15.12, 15.13, 15.14 e 15.15 da NCM/SH;NCM;15141910;ALIMENTOS DESTINADOS AO CONSUMO HUMANO;;PERMITIDO;;2026-01-01;;https://dfe-portal.svrs.rs.gov.br/DFE/TabelaClassificacaoTributaria
200034;VII;Óleos de soja, de milho, canola e demais óleos vegetais, em conformidade com os requisitos da legislação específica relativos ao consumo como alimento, classificados na subposição 1507.90 e nas posições 15.08, 15.11, 15.12, 15.13, 15.14 e 15.15 da NCM/SH;NCM;15141990;ALIMENTOS DESTINADOS AO CONSUMO HUMANO;;PERMITIDO;;2026-01-01;;https://dfe-portal.svrs.rs.gov.br/DFE/TabelaClassificacaoTributaria
200034;VII;Óleos de soja, de milho, canola e demais óleos vegetais, em conformidade com os requisitos da legislação específica relativos ao consumo como alimento, classificados na subposição 1507.90 e nas posições 15.08, 15.11, 15.12, 15.13, 15.14 e 15.15 da NCM/SH;NCM;15149100;ALIMENTOS DESTINADOS AO CONSUMO HUMANO;;PERMITIDO;;2026-01-01;;https://dfe-portal.svrs.rs.gov.br/DFE/TabelaClassificacaoTributaria
200034;VII;Óleos de soja, de milho, canola e demais óleos vegetais, em conformidade com os requisitos da legislação específica relativos ao consumo como alimento, classificados na subposição 1507.90 e nas posições 15.08, 15.11, 15.12, 15.13, 15.14 e 15.15 da NCM/SH;NCM;15149910;ALIMENTOS DESTINADOS AO CONSUMO HUMANO;;PERMITIDO;;2026-01-01;;https://dfe-portal.svrs.rs.gov.br/DFE/TabelaClassificacaoTributaria
200034;VII;Óleos de soja, de milho, canola e demais óleos vegetais, em conformidade com os requisitos da legislação específica relativos ao consumo como alimento, classificados na subposição 1507.90 e nas posições 15.08, 15.11, 15.12, 15.13, 15.14 e 15.15 da NCM/SH;NCM;15149990;ALIMENTOS DESTINADOS AO CONSUMO HUMANO;;PERMITIDO;;2026-01-01;;https://dfe-portal.svrs.rs.gov.br/DFE/TabelaClassificacaoTributaria
200034;VII;Óleos de soja, de milho, canola e demais óleos vegetais, em conformidade com os requisitos da legislação específica relativos ao consumo como alimento, classificados na subposição 1507.90 e nas posições 15.08, 15.11, 15.12, 15.13, 15.14 e 15.15 da NCM/SH;NCM;15151100;ALIMENTOS DESTINADOS AO CONSUMO HUMANO;;PERMITIDO;;2026-01-01;;https://dfe-portal.svrs.rs.gov.br/DFE/TabelaClassificacaoTributaria
200034;VII;Óleos de soja, de milho, canola e demais óleos vegetais, em conformidade com os requisitos da legislação específica relativos ao consumo como alimento, classificados na subposição 1507.90 e nas posições 15.08, 15.11, 15.12, 15.13, 15.14 e 15.15 da NCM/SH;NCM;15151900;ALIMENTOS DESTINADOS AO CONSUMO HUMANO;;PERMITIDO;;2026-01-01;;https://dfe-portal.svrs.rs.gov.br/DFE/TabelaClassificacaoTributaria
200034;VII;Óleos de soja, de milho, canola e demais óleos vegetais, em conformidade com os requisitos da legislação específica relativos ao consumo como alimento, classificados na subposição 1507.90 e nas posições 15.08, 15.11, 15.12, 15.13, 15.14 e 15.15 da NCM/SH;NCM;15152100;ALIMENTOS DESTINADOS AO CONSUMO HUMANO;;PERMITIDO;;2026-01-01;;https://dfe-portal.svrs.rs.gov.br/DFE/TabelaClassificacaoTributaria
200034;VII;Óleos de soja, de milho, canola e demais óleos vegetais, em conformidade com os requisitos da legislação específica relativos ao consumo como alimento, classificados na subposição 1507.90 e nas posições 15.08, 15.11, 15.12, 15.13, 15.14 e 15.15 da NCM/SH;NCM;15152910;ALIMENTOS DESTINADOS AO CONSUMO HUMANO;;PERMITIDO;;2026-01-01;;https://dfe-portal.svrs.rs.gov.br/DFE/TabelaClassificacaoTributaria
200034;VII;Óleos de soja, de milho, canola e demais óleos vegetais, em conformidade com os requisitos da legislação específica relativos ao consumo como alimento, classificados na subposição 1507.90 e nas posições 15.08, 15.11, 15.12, 15.13, 15.14 e 15.15 da NCM/SH;NCM;15152990;ALIMENTOS DESTINADOS AO CONSUMO HUMANO;;PERMITIDO;;2026-01-01;;https://dfe-portal.svrs.rs.gov.br/DFE/TabelaClassificacaoTributaria
200034;VII;Óleos de soja, de milho, canola e demais óleos vegetais, em conformidade com os requisitos da legislação específica relativos ao consumo como alimento, classificados na subposição 1507.90 e nas posições 15.08, 15.11, 15.12, 15.13, 15.14 e 15.15 da NCM/SH;NCM;15153000;ALIMENTOS DESTINADOS AO CONSUMO HUMANO;;PERMITIDO;;2026-01-01;;https://dfe-portal.svrs.rs.gov.br/DFE/TabelaClassificacaoTributaria
200034;VII;Óleos de soja, de milho, canola e demais óleos vegetais, em conformidade com os requisitos da legislação específica relativos ao consumo como alimento, classificados na subposição 1507.90 e nas posições 15.08, 15.11, 15.12, 15.13, 15.14 e 15.15 da NCM/SH;NCM;15155000;ALIMENTOS DESTINADOS AO CONSUMO HUMANO;;PERMITIDO;;2026-01-01;;https://dfe-portal.svrs.rs.gov.br/DFE/TabelaClassificacaoTributaria
200034;VII;Óleos de soja, de milho, canola e demais óleos vegetais, em conformidade com os requisitos da legislação específica relativos ao consumo como alimento, classificados na subposição 1507.90 e nas posições 15.08, 15.11, 15.12, 15.13, 15.14 e 15.15 da NCM/SH;NCM;15156000;ALIMENTOS DESTINADOS AO CONSUMO HUMANO;;PERMITIDO;;2026-01-01;;https://dfe-portal.svrs.rs.gov.br/DFE/TabelaClassificacaoTributaria
200034;VII;Óleos de soja, de milho, canola e demais óleos vegetais, em conformidade com os requisitos da legislação específica relativos ao consumo como alimento, classificados na subposição 1507.90 e nas posições 15.08, 15.11, 15.12, 15.13, 15.14 e 15.15 da NCM/SH;NCM;15159010;ALIMENTOS DESTINADOS AO CONSUMO HUMANO;;PERMITIDO;;2026-01-01;;https://dfe-portal.svrs.rs.gov.br/DFE/TabelaClassificacaoTributaria
200034;VII;Óleos de soja, de milho, canola e demais óleos vegetais, em conformidade com os requisitos da legislação específica relativos ao consumo como alimento, classificados na subposição 1507.90 e nas posições 15.08, 15.11, 15.12, 15.13, 15.14 e 15.15 da NCM/SH;NCM;15159021;ALIMENTOS DESTINADOS AO CONSUMO HUMANO;;PERMITIDO;;2026-01-01;;https://dfe-portal.svrs.rs.gov.br/DFE/TabelaClassificacaoTributaria
200034;VII;Óleos de soja, de milho, canola e demais óleos vegetais, em conformidade com os requisitos da legislação específica relativos ao consumo como alimento, classificados na subposição 1507.90 e nas posições 15.08, 15.11, 15.12, 15.13, 15.14 e 15.15 da NCM/SH;NCM;15159022;ALIMENTOS DESTINADOS AO CONSUMO HUMANO;;PERMITIDO;;2026-01-01;;https://dfe-portal.svrs.rs.gov.br/DFE/TabelaClassificacaoTributaria
200034;VII;Óleos de soja, de milho, canola e demais óleos vegetais, em conformidade com os requisitos da legislação específica relativos ao consumo como alimento, classificados na subposição 1507.90 e nas posições 15.08, 15.11, 15.12, 15.13, 15.14 e 15.15 da NCM/SH;NCM;15159090;ALIMENTOS DESTINADOS AO CONSUMO HUMANO;;PERMITIDO;;2026-01-01;;https://dfe-portal.svrs.rs.gov.br/DFE/TabelaClassificacaoTributaria
200034;VII;Massas alimentícias dos códigos 1902.20.00 e 1902.30.00 da NCM/SH;NCM;19022000;ALIMENTOS DESTINADOS AO CONSUMO HUMANO;;PERMITIDO;;2026-01-01;;https://dfe-portal.svrs.rs.gov.br/DFE/TabelaClassificacaoTributaria
200034;VII;Massas alimentícias dos códigos 1902.20.00 e 1902.30.00 da NCM/SH;NCM;19023000;ALIMENTOS DESTINADOS AO CONSUMO HUMANO;;PERMITIDO;;2026-01-01;;https://dfe-portal.svrs.rs.gov.br/DFE/TabelaClassificacaoTributaria
200034;VII;Sucos naturais de fruta ou de produtos hortícolas sem adição de açúcar ou de outros edulcorantes e sem conservantes classificados na posição 20.09 da NCM/SH;NCM;20091100;ALIMENTOS DESTINADOS AO CONSUMO HUMANO;;PERMITIDO;;2026-01-01;;https://dfe-portal.svrs.rs.gov.br/DFE/TabelaClassificacaoTributaria
200034;VII;Sucos naturais de fruta ou de produtos hortícolas sem adição de açúcar ou de outros edulcorantes e sem conservantes classificados na posição 20.09 da NCM/SH;NCM;20091200;ALIMENTOS DESTINADOS AO CONSUMO HUMANO;;PERMITIDO;;2026-01-01;;https://dfe-portal.svrs.rs.gov.br/DFE/TabelaClassificacaoTributaria
200034;VII;Sucos naturais de fruta ou de produtos hortícolas sem adição de açúcar ou de outros edulcorantes e sem conservantes classificados na posição 20.09 da NCM/SH;NCM;20091900;ALIMENTOS DESTINADOS AO CONSUMO HUMANO;;PERMITIDO;;2026-01-01;;https://dfe-portal.svrs.rs.gov.br/DFE/TabelaClassificacaoTributaria
200034;VII;Sucos naturais de fruta ou de produtos hortícolas sem adição de açúcar ou de outros edulcorantes e sem conservantes classificados na posição 20.09 da NCM/SH;NCM;20092100;ALIMENTOS DESTINADOS AO CONSUMO HUMANO;;PERMITIDO;;2026-01-01;;https://dfe-portal.svrs.rs.gov.br/DFE/TabelaClassificacaoTributaria
200034;VII;Sucos naturais de fruta ou de produtos hortícolas sem adição de açúcar ou de outros edulcorantes e sem conservantes classificados na posição 20.09 da NCM/SH;NCM;20092900;ALIMENTOS DESTINADOS AO CONSUMO HUMANO;;PERMITIDO;;2026-01-01;;https://dfe-portal.svrs.rs.gov.br/DFE/TabelaClassificacaoTributaria
200034;VII;Sucos naturais de fruta ou de produtos hortícolas sem adição de açúcar ou de outros edulcorantes e sem conservantes classificados na posição 20.09 da NCM/SH;NCM;20093100;ALIMENTOS DESTINADOS AO CONSUMO HUMANO;;PERMITIDO;;2026-01-01;;https://dfe-portal.svrs.rs.gov.br/DFE/TabelaClassificacaoTributaria
200034;VII;Sucos naturais de fruta ou de produtos hortícolas sem adição de açúcar ou de outros edulcorantes e sem conservantes classificados na posição 20.09 da NCM/SH;NCM;20093900;ALIMENTOS DESTINADOS AO CONSUMO HUMANO;;PERMITIDO;;2026-01-01;;https://dfe-portal.svrs.rs.gov.br/DFE/TabelaClassificacaoTributaria
200034;VII;Sucos naturais de fruta ou de produtos hortícolas sem adição de açúcar ou de outros edulcorantes e sem conservantes classificados na posição 20.09 da NCM/SH;NCM;20094100;ALIMENTOS DESTINADOS AO CONSUMO HUMANO;;PERMITIDO;;2026-01-01;;https://dfe-portal.svrs.rs.gov.br/DFE/TabelaClassificacaoTributaria
200034;VII;Sucos naturais de fruta ou de produtos hortícolas sem adição de açúcar ou de outros edulcorantes e sem conservantes classificados na posição 20.09 da NCM/SH;NCM;20094900;ALIMENTOS DESTINADOS AO CONSUMO HUMANO;;PERMITIDO;;2026-01-01;;https://dfe-portal.svrs.rs.gov.br/DFE/TabelaClassificacaoTributaria
200034;VII;Sucos naturais de fruta ou de produtos hortícolas sem adição de açúcar ou de outros edulcorantes e sem conservantes classificados na posição 20.09 da NCM/SH;NCM;20095000;ALIMENTOS DESTINADOS AO CONSUMO HUMANO;;PERMITIDO;;2026-01-01;;https://dfe-portal.svrs.rs.gov.br/DFE/TabelaClassificacaoTributaria
200034;VII;Sucos naturais de fruta ou de produtos hortícolas sem adição de açúcar ou de outros edulcorantes e sem conservantes classificados na posição 20.09 da NCM/SH;NCM;20096100;ALIMENTOS DESTINADOS AO CONSUMO HUMANO;;PERMITIDO;;2026-01-01;;https://dfe-portal.svrs.rs.gov.br/DFE/TabelaClassificacaoTributaria
200034;VII;Sucos naturais de fruta ou de produtos hortícolas sem adição de açúcar ou de outros edulcorantes e sem conservantes classificados na posição 20.09 da NCM/SH;NCM;20096900;ALIMENTOS DESTINADOS AO CONSUMO HUMANO;;PERMITIDO;;2026-01-01;;https://dfe-portal.svrs.rs.gov.br/DFE/TabelaClassificacaoTributaria
200034;VII;Sucos naturais de fruta ou de produtos hortícolas sem adição de açúcar ou de outros edulcorantes e sem conservantes classificados na posição 20.09 da NCM/SH;NCM;20097100;ALIMENTOS DESTINADOS AO CONSUMO HUMANO;;PERMITIDO;;2026-01-01;;https://dfe-portal.svrs.rs.gov.br/DFE/TabelaClassificacaoTributaria
200034;VII;Sucos naturais de fruta ou de produtos hortícolas sem adição de açúcar ou de outros edulcorantes e sem conservantes classificados na posição 20.09 da NCM/SH;NCM;20097900;ALIMENTOS DESTINADOS AO CONSUMO HUMANO;;PERMITIDO;;2026-01-01;;https://dfe-portal.svrs.rs.gov.br/DFE/TabelaClassificacaoTributaria
200034;VII;Sucos naturais de fruta ou de produtos hortícolas sem adição de açúcar ou de outros edulcorantes e sem conservantes classificados na posição 20.09 da NCM/SH;NCM;20098100;ALIMENTOS DESTINADOS AO CONSUMO HUMANO;;PERMITIDO;;2026-01-01;;https://dfe-portal.svrs.rs.gov.br/DFE/TabelaClassificacaoTributaria
200034;VII;Sucos naturais de fruta ou de produtos hortícolas sem adição de açúcar ou de outros edulcorantes e sem conservantes classificados na posição 20.09 da NCM/SH;NCM;20098911;ALIMENTOS DESTINADOS AO CONSUMO HUMANO;;PERMITIDO;;2026-01-01;;https://dfe-portal.svrs.rs.gov.br/DFE/TabelaClassificacaoTributaria
200034;VII;Sucos naturais de fruta ou de produtos hortícolas sem adição de açúcar ou de outros edulcorantes e sem conservantes classificados na posição 20.09 da NCM/SH;NCM;20098912;ALIMENTOS DESTINADOS AO CONSUMO HUMANO;;PERMITIDO;;2026-01-01;;https://dfe-portal.svrs.rs.gov.br/DFE/TabelaClassificacaoTributaria
200034;VII;Sucos naturais de fruta ou de produtos hortícolas sem adição de açúcar ou de outros edulcorantes e sem conservantes classificados na posição 20.09 da NCM/SH;NCM;20098913;ALIMENTOS DESTINADOS AO CONSUMO HUMANO;;PERMITIDO;;2026-01-01;;https://dfe-portal.svrs.rs.gov.br/DFE/TabelaClassificacaoTributaria
200034;VII;Sucos naturais de fruta ou de produtos hortícolas sem adição de açúcar ou de outros edulcorantes e sem conservantes classificados na posição 20.09 da NCM/SH;NCM;20098919;ALIMENTOS DESTINADOS AO CONSUMO HUMANO;;PERMITIDO;;2026-01-01;;https://dfe-portal.svrs.rs.gov.br/DFE/TabelaClassificacaoTributaria
200034;VII;Sucos naturais de fruta ou de produtos hortícolas sem adição de açúcar ou de outros edulcorantes e sem conservantes classificados na posição 20.09 da NCM/SH;NCM;20098921;ALIMENTOS DESTINADOS AO CONSUMO HUMANO;;PERMITIDO;;2026-01-01;;https://dfe-portal.svrs.rs.gov.br/DFE/TabelaClassificacaoTributaria
200034;VII;Sucos naturais de fruta ou de produtos hortícolas sem adição de açúcar ou de outros edulcorantes e sem conservantes classificados na posição 20.09 da NCM/SH;NCM;20098922;ALIMENTOS DESTINADOS AO CONSUMO HUMANO;;PERMITIDO;;2026-01-01;;https://dfe-portal.svrs.rs.gov.br/DFE/TabelaClassificacaoTributaria
200034;VII;Sucos naturais de fruta ou de produtos hortícolas sem adição de açúcar ou de outros edulcorantes e sem conservantes classificados na posição 20.09 da NCM/SH;NCM;20098990;ALIMENTOS DESTINADOS AO CONSUMO HUMANO;;PERMITIDO;;2026-01-01;;https://dfe-portal.svrs.rs.gov.br/DFE/TabelaClassificacaoTributaria
200034;VII;Sucos naturais de fruta ou de produtos hortícolas sem adição de açúcar ou de outros edulcorantes e sem conservantes classificados na posição 20.09 da NCM/SH;NCM;20099000;ALIMENTOS DESTINADOS AO CONSUMO HUMANO;;PERMITIDO;;2026-01-01;;https://dfe-portal.svrs.rs.gov.br/DFE/TabelaClassificacaoTributaria
200034;VII;Polpas de frutas ou de produtos hortícolas sem adição de açúcar ou de outros edulcorantes e sem conservantes classificadas na posição 20.08 da NCM/SH;NCM;20081100;ALIMENTOS DESTINADOS AO CONSUMO HUMANO;;PERMITIDO;;2026-01-01;;https://dfe-portal.svrs.rs.gov.br/DFE/TabelaClassificacaoTributaria
200034;VII;Polpas de frutas ou de produtos hortícolas sem adição de açúcar ou de outros edulcorantes e sem conservantes classificadas na posição 20.08 da NCM/SH;NCM;20081900;ALIMENTOS DESTINADOS AO CONSUMO HUMANO;;PERMITIDO;;2026-01-01;;https://dfe-portal.svrs.rs.gov.br/DFE/TabelaClassificacaoTributaria
200034;VII;Polpas de frutas ou de produtos hortícolas sem adição de açúcar ou de outros edulcorantes e sem conservantes classificadas na posição 20.08 da NCM/SH;NCM;20082010;ALIMENTOS DESTINADOS AO CONSUMO HUMANO;;PERMITIDO;;2026-01-01;;https://dfe-portal.svrs.rs.gov.br/DFE/TabelaClassificacaoTributaria
200034;VII;Polpas de frutas ou de produtos hortícolas sem adição de açúcar ou de outros edulcorantes e sem conservantes classificadas na posição 20.08 da NCM/SH;NCM;20082090;ALIMENTOS DESTINADOS AO CONSUMO HUMANO;;PERMITIDO;;2026-01-01;;https://dfe-portal.svrs.rs.gov.br/DFE/TabelaClassificacaoTributaria
200034;VII;Polpas de frutas ou de produtos hortícolas sem adição de açúcar ou de outros edulcorantes e sem conservantes classificadas na posição 20.08 da NCM/SH;NCM;20083000;ALIMENTOS DESTINADOS AO CONSUMO HUMANO;;PERMITIDO;;2026-01-01;;https://dfe-portal.svrs.rs.gov.br/DFE/TabelaClassificacaoTributaria
200034;VII;Polpas de frutas ou de produtos hortícolas sem adição de açúcar ou de outros edulcorantes e sem conservantes classificadas na posição 20.08 da NCM/SH;NCM;20084010;ALIMENTOS DESTINADOS AO CONSUMO HUMANO;;PERMITIDO;;2026-01-01;;https://dfe-portal.svrs.rs.gov.br/DFE/TabelaClassificacaoTributaria
200034;VII;Polpas de frutas ou de produtos hortícolas sem adição de açúcar ou de outros edulcorantes e sem conservantes classificadas na posição 20.08 da NCM/SH;NCM;20084090;ALIMENTOS DESTINADOS AO CONSUMO HUMANO;;PERMITIDO;;2026-01-01;;https://dfe-portal.svrs.rs.gov.br/DFE/TabelaClassificacaoTributaria
200034;VII;Polpas de frutas ou de produtos hortícolas sem adição de açúcar ou de outros edulcorantes e sem conservantes classificadas na posição 20.08 da NCM/SH;NCM;20085000;ALIMENTOS DESTINADOS AO CONSUMO HUMANO;;PERMITIDO;;2026-01-01;;https://dfe-portal.svrs.rs.gov.br/DFE/TabelaClassificacaoTributaria
200034;VII;Polpas de frutas ou de produtos hortícolas sem adição de açúcar ou de outros edulcorantes e sem conservantes classificadas na posição 20.08 da NCM/SH;NCM;20086010;ALIMENTOS DESTINADOS AO CONSUMO HUMANO;;PERMITIDO;;2026-01-01;;https://dfe-portal.svrs.rs.gov.br/DFE/TabelaClassificacaoTributaria
200034;VII;Polpas de frutas ou de produtos hortícolas sem adição de açúcar ou de outros edulcorantes e sem conservantes classificadas na posição 20.08 da NCM/SH;NCM;20086090;ALIMENTOS DESTINADOS AO CONSUMO HUMANO;;PERMITIDO;;2026-01-01;;https://dfe-portal.svrs.rs.gov.br/DFE/TabelaClassificacaoTributaria
200034;VII;Polpas de frutas ou de produtos hortícolas sem adição de açúcar ou de outros edulcorantes e sem conservantes classificadas na posição 20.08 da NCM/SH;NCM;20087010;ALIMENTOS DESTINADOS AO CONSUMO HUMANO;;PERMITIDO;;2026-01-01;;https://dfe-portal.svrs.rs.gov.br/DFE/TabelaClassificacaoTributaria
200034;VII;Polpas de frutas ou de produtos hortícolas sem adição de açúcar ou de outros edulcorantes e sem conservantes classificadas na posição 20.08 da NCM/SH;NCM;20087020;ALIMENTOS DESTINADOS AO CONSUMO HUMANO;;PERMITIDO;;2026-01-01;;https://dfe-portal.svrs.rs.gov.br/DFE/TabelaClassificacaoTributaria
200034;VII;Polpas de frutas ou de produtos hortícolas sem adição de açúcar ou de outros edulcorantes e sem conservantes classificadas na posição 20.08 da NCM/SH;NCM;20087090;ALIMENTOS DESTINADOS AO CONSUMO HUMANO;;PERMITIDO;;2026-01-01;;https://dfe-portal.svrs.rs.gov.br/DFE/TabelaClassificacaoTributaria
200034;VII;Polpas de frutas ou de produtos hortícolas sem adição de açúcar ou de outros edulcorantes e sem conservantes classificadas na posição 20.08 da NCM/SH;NCM;20088000;ALIMENTOS DESTINADOS AO CONSUMO HUMANO;;PERMITIDO;;2026-01-01;;https://dfe-portal.svrs.rs.gov.br/DFE/TabelaClassificacaoTributaria
200034;VII;Polpas de frutas ou de produtos hortícolas sem adição de açúcar ou de outros edulcorantes e sem conservantes classificadas na posição 20.08 da NCM/SH;NCM;20089100;ALIMENTOS DESTINADOS AO CONSUMO HUMANO;;PERMITIDO;;2026-01-01;;https://dfe-portal.svrs.rs.gov.br/DFE/TabelaClassificacaoTributaria
200034;VII;Polpas de frutas ou de produtos hortícolas sem adição de açúcar ou de outros edulcorantes e sem conservantes classificadas na posição 20.08 da NCM/SH;NCM;20089300;ALIMENTOS DESTINADOS AO CONSUMO HUMANO;;PERMITIDO;;2026-01-01;;https://dfe-portal.svrs.rs.gov.br/DFE/TabelaClassificacaoTributaria
200034;VII;Polpas de frutas ou de produtos hortícolas sem adição de açúcar ou de outros edulcorantes e sem conservantes classificadas na posição 20.08 da NCM/SH;NCM;20089710;ALIMENTOS DESTINADOS AO CONSUMO HUMANO;;PERMITIDO;;2026-01-01;;https://dfe-portal.svrs.rs.gov.br/DFE/TabelaClassificacaoTributaria
200034;VII;Polpas de frutas ou de produtos hortícolas sem adição de açúcar ou de outros edulcorantes e sem conservantes classificadas na posição 20.08 da NCM/SH;NCM;20089790;ALIMENTOS DESTINADOS AO CONSUMO HUMANO;;PERMITIDO;;2026-01-01;;https://dfe-portal.svrs.rs.gov.br/DFE/TabelaClassificacaoTributaria
200034;VII;Polpas de frutas ou de produtos hortícolas sem adição de açúcar ou de outros edulcorantes e sem conservantes classificadas na posição 20.08 da NCM/SH;NCM;20089900;ALIMENTOS DESTINADOS AO CONSUMO HUMANO;;PERMITIDO;;2026-01-01;;https://dfe-portal.svrs.rs.gov.br/DFE/TabelaClassificacaoTributaria
200034;VII;Pão de Forma do código 1905.90.10 da NCM/SH;NCM;19059010;ALIMENTOS DESTINADOS AO CONSUMO HUMANO;;PERMITIDO;;2026-01-01;;https://dfe-portal.svrs.rs.gov.br/DFE/TabelaClassificacaoTributaria
200034;VII;Extrato de tomate classificado no código 2002.90.00 da NCM/SH;NCM;20029000;ALIMENTOS DESTINADOS AO CONSUMO HUMANO;;PERMITIDO;;2026-01-01;;https://dfe-portal.svrs.rs.gov.br/DFE/TabelaClassificacaoTributaria
200034;VII;Frutas, produtos hortícolas e demais produtos vegetais, sem adição de açúcar ou de outros edulcorantes, classificados nos capítulos 7 e 8 da NCM/SH, ressalvados as frutas de casca rija não regionais e os produtos relacionados nos Anexos I e XV e excetuadas as posições 07.11, 08.12 e 0814.00.00;NCM;07122000;ALIMENTOS DESTINADOS AO CONSUMO HUMANO;Frutas de casca rija não regionais, produtos relacionados nos Anexos I e XV, Posições 07.11, 08.12 e 0814.00.00;PERMITIDO;;2026-01-01;;https://dfe-portal.svrs.rs.gov.br/DFE/TabelaClassificacaoTributaria
200034;VII;Frutas, produtos hortícolas e demais produtos vegetais, sem adição de açúcar ou de outros edulcorantes, classificados nos capítulos 7 e 8 da NCM/SH, ressalvados as frutas de casca rija não regionais e os produtos relacionados nos Anexos I e XV e excetuadas as posições 07.11, 08.12 e 0814.00.00;NCM;07123100;ALIMENTOS DESTINADOS AO CONSUMO HUMANO;Frutas de casca rija não regionais, produtos relacionados nos Anexos I e XV, Posições 07.11, 08.12 e 0814.00.00;PERMITIDO;;2026-01-01;;https://dfe-portal.svrs.rs.gov.br/DFE/TabelaClassificacaoTributaria
200034;VII;Frutas, produtos hortícolas e demais produtos vegetais, sem adição de açúcar ou de outros edulcorantes, classificados nos capítulos 7 e 8 da NCM/SH, ressalvados as frutas de casca rija não regionais e os produtos relacionados nos Anexos I e XV e excetuadas as posições 07.11, 08.12 e 0814.00.00;NCM;07123200;ALIMENTOS DESTINADOS AO CONSUMO HUMANO;Frutas de casca rija não regionais, produtos relacionados nos Anexos I e XV, Posições 07.11, 08.12 e 0814.00.00;PERMITIDO;;2026-01-01;;https://dfe-portal.svrs.rs.gov.br/DFE/TabelaClassificacaoTributaria
200034;VII;Frutas, produtos hortícolas e demais produtos vegetais, sem adição de açúcar ou de outros edulcorantes, classificados nos capítulos 7 e 8 da NCM/SH, ressalvados as frutas de casca rija não regionais e os produtos relacionados nos Anexos I e XV e excetuadas as posições 07.11, 08.12 e 0814.00.00;NCM;07123300;ALIMENTOS DESTINADOS AO CONSUMO HUMANO;Frutas de casca rija não regionais, produtos relacionados nos Anexos I e XV, Posições 07.11, 08.12 e 0814.00.00;PERMITIDO;;2026-01-01;;https://dfe-portal.svrs.rs.gov.br/DFE/TabelaClassificacaoTributaria
200034;VII;Frutas, produtos hortícolas e demais produtos vegetais, sem adição de açúcar ou de outros edulcorantes, classificados nos capítulos 7 e 8 da NCM/SH, ressalvados as frutas de casca rija não regionais e os produtos relacionados nos Anexos I e XV e excetuadas as posições 07.11, 08.12 e 0814.00.00;NCM;07123400;ALIMENTOS DESTINADOS AO CONSUMO HUMANO;Frutas de casca rija não regionais, produtos relacionados nos Anexos I e XV, Posições 07.11, 08.12 e 0814.00.00;PERMITIDO;;2026-01-01;;https://dfe-portal.svrs.rs.gov.br/DFE/TabelaClassificacaoTributaria
200034;VII;Frutas, produtos hortícolas e demais produtos vegetais, sem adição de açúcar ou de outros edulcorantes, classificados nos capítulos 7 e 8 da NCM/SH, ressalvados as frutas de casca rija não regionais e os produtos relacionados nos Anexos I e XV e excetuadas as posições 07.11, 08.12 e 0814.00.00;NCM;07123900;ALIMENTOS DESTINADOS AO CONSUMO HUMANO;Frutas de casca rija não regionais, produtos relacionados nos Anexos I e XV, Posições 07.11, 08.12 e 0814.00.00;PERMITIDO;;2026-01-01;;https://dfe-portal.svrs.rs.gov.br/DFE/TabelaClassificacaoTributaria
200034;VII;Frutas, produtos hortícolas e demais produtos vegetais, sem adição de açúcar ou de outros edulcorantes, classificados nos capítulos 7 e 8 da NCM/SH, ressalvados as frutas de casca rija não regionais e os produtos relacionados nos Anexos I e XV e excetuadas as posições 07.11, 08.12 e 0814.00.00;NCM;07129010;ALIMENTOS DESTINADOS AO CONSUMO HUMANO;Frutas de casca rija não regionais, produtos relacionados nos Anexos I e XV, Posições 07.11, 08.12 e 0814.00.00;PERMITIDO;;2026-01-01;;https://dfe-portal.svrs.rs.gov.br/DFE/TabelaClassificacaoTributaria
200034;VII;Frutas, produtos hortícolas e demais produtos vegetais, sem adição de açúcar ou de outros edulcorantes, classificados nos capítulos 7 e 8 da NCM/SH, ressalvados as frutas de casca rija não regionais e os produtos relacionados nos Anexos I e XV e excetuadas as posições 07.11, 08.12 e 0814.00.00;NCM;07129020;ALIMENTOS DESTINADOS AO CONSUMO HUMANO;Frutas de casca rija não regionais, produtos relacionados nos Anexos I e XV, Posições 07.11, 08.12 e 0814.00.00;PERMITIDO;;2026-01-01;;https://dfe-portal.svrs.rs.gov.br/DFE/TabelaClassificacaoTributaria
200034;VII;Frutas, produtos hortícolas e demais produtos vegetais, sem adição de açúcar ou de outros edulcorantes, classificados nos capítulos 7 e 8 da NCM/SH, ressalvados as frutas de casca rija não regionais e os produtos relacionados nos Anexos I e XV e excetuadas as posições 07.11, 08.12 e 0814.00.00;NCM;07129090;ALIMENTOS DESTINADOS AO CONSUMO HUMANO;Frutas de casca rija não regionais, produtos relacionados nos Anexos I e XV, Posições 07.11, 08.12 e 0814.00.00;PERMITIDO;;2026-01-01;;https://dfe-portal.svrs.rs.gov.br/DFE/TabelaClassificacaoTributaria
200034;VII;Frutas, produtos hortícolas e demais produtos vegetais, sem adição de açúcar ou de outros edulcorantes, classificados nos capítulos 7 e 8 da NCM/SH, ressalvados as frutas de casca rija não regionais e os produtos relacionados nos Anexos I e XV e excetuadas as posições 07.11, 08.12 e 0814.00.00;NCM;07131010;ALIMENTOS DESTINADOS AO CONSUMO HUMANO;Frutas de casca rija não regionais, produtos relacionados nos Anexos I e XV, Posições 07.11, 08.12 e 0814.00.00;PERMITIDO;;2026-01-01;;https://dfe-portal.svrs.rs.gov.br/DFE/TabelaClassificacaoTributaria
200034;VII;Frutas, produtos hortícolas e demais produtos vegetais, sem adição de açúcar ou de outros edulcorantes, classificados nos capítulos 7 e 8 da NCM/SH, ressalvados as frutas de casca rija não regionais e os produtos relacionados nos Anexos I e XV e excetuadas as posições 07.11, 08.12 e 0814.00.00;NCM;07131090;ALIMENTOS DESTINADOS AO CONSUMO HUMANO;Frutas de casca rija não regionais, produtos relacionados nos Anexos I e XV, Posições 07.11, 08.12 e 0814.00.00;PERMITIDO;;2026-01-01;;https://dfe-portal.svrs.rs.gov.br/DFE/TabelaClassificacaoTributaria
200034;VII;Frutas, produtos hortícolas e demais produtos vegetais, sem adição de açúcar ou de outros edulcorantes, classificados nos capítulos 7 e 8 da NCM/SH, ressalvados as frutas de casca rija não regionais e os produtos relacionados nos Anexos I e XV e excetuadas as posições 07.11, 08.12 e 0814.00.00;NCM;07132010;ALIMENTOS DESTINADOS AO CONSUMO HUMANO;Frutas de casca rija não regionais, produtos relacionados nos Anexos I e XV, Posições 07.11, 08.12 e 0814.00.00;PERMITIDO;;2026-01-01;;https://dfe-portal.svrs.rs.gov.br/DFE/TabelaClassificacaoTributaria
200034;VII;Frutas, produtos hortícolas e demais produtos vegetais, sem adição de açúcar ou de outros edulcorantes, classificados nos capítulos 7 e 8 da NCM/SH, ressalvados as frutas de casca rija não regionais e os produtos relacionados nos Anexos I e XV e excetuadas as posições 07.11, 08.12 e 0814.00.00;NCM;07132090;ALIMENTOS DESTINADOS AO CONSUMO HUMANO;Frutas de casca rija não regionais, produtos relacionados nos Anexos I e XV, Posições 07.11, 08.12 e 0814.00.00;PERMITIDO;;2026-01-01;;https://dfe-portal.svrs.rs.gov.br/DFE/TabelaClassificacaoTributaria
200034;VII;Frutas, produtos hortícolas e demais produtos vegetais, sem adição de açúcar ou de outros edulcorantes, classificados nos capítulos 7 e 8 da NCM/SH, ressalvados as frutas de casca rija não regionais e os produtos relacionados nos Anexos I e XV e excetuadas as posições 07.11, 08.12 e 0814.00.00;NCM;07133110;ALIMENTOS DESTINADOS AO CONSUMO HUMANO;Frutas de casca rija não regionais, produtos relacionados nos Anexos I e XV, Posições 07.11, 08.12 e 0814.00.00;PERMITIDO;;2026-01-01;;https://dfe-portal.svrs.rs.gov.br/DFE/TabelaClassificacaoTributaria
200034;VII;Frutas, produtos hortícolas e demais produtos vegetais, sem adição de açúcar ou de outros edulcorantes, classificados nos capítulos 7 e 8 da NCM/SH, ressalvados as frutas de casca rija não regionais e os produtos relacionados nos Anexos I e XV e excetuadas as posições 07.11, 08.12 e 0814.00.00;NCM;07133190;ALIMENTOS DESTINADOS AO CONSUMO HUMANO;Frutas de casca rija não regionais, produtos relacionados nos Anexos I e XV, Posições 07.11, 08.12 e 0814.00.00;PERMITIDO;;2026-01-01;;https://dfe-portal.svrs.rs.gov.br/DFE/TabelaClassificacaoTributaria
200034;VII;Frutas, produtos hortícolas e demais produtos vegetais, sem adição de açúcar ou de outros edulcorantes, classificados nos capítulos 7 e 8 da NCM/SH, ressalvados as frutas de casca rija não regionais e os produtos relacionados nos Anexos I e XV e excetuadas as posições 07.11, 08.12 e 0814.00.00;NCM;07133210;ALIMENTOS DESTINADOS AO CONSUMO HUMANO;Frutas de casca rija não regionais, produtos relacionados nos Anexos I e XV, Posições 07.11, 08.12 e 0814.00.00;PERMITIDO;;2026-01-01;;https://dfe-portal.svrs.rs.gov.br/DFE/TabelaClassificacaoTributaria
200034;VII;Frutas, produtos hortícolas e demais produtos vegetais, sem adição de açúcar ou de outros edulcorantes, classificados nos capítulos 7 e 8 da NCM/SH, ressalvados as frutas de casca rija não regionais e os produtos relacionados nos Anexos I e XV e excetuadas as posições 07.11, 08.12 e 0814.00.00;NCM;07133290;ALIMENTOS DESTINADOS AO CONSUMO HUMANO;Frutas de casca rija não regionais, produtos relacionados nos Anexos I e XV, Posições 07.11, 08.12 e 0814.00.00;PERMITIDO;;2026-01-01;;https://dfe-portal.svrs.rs.gov.br/DFE/TabelaClassificacaoTributaria
200034;VII;Frutas, produtos hortícolas e demais produtos vegetais, sem adição de açúcar ou de outros edulcorantes, classificados nos capítulos 7 e 8 da NCM/SH, ressalvados as frutas de casca rija não regionais e os produtos relacionados nos Anexos I e XV e excetuadas as posições 07.11, 08.12 e 0814.00.00;NCM;07133311;ALIMENTOS DESTINADOS AO CONSUMO HUMANO;Frutas de casca rija não regionais, produtos relacionados nos Anexos I e XV, Posições 07.11, 08.12 e 0814.00.00;PERMITIDO;;2026-01-01;;https://dfe-portal.svrs.rs.gov.br/DFE/TabelaClassificacaoTributaria
200034;VII;Frutas, produtos hortícolas e demais produtos vegetais, sem adição de açúcar ou de outros edulcorantes, classificados nos capítulos 7 e 8 da NCM/SH, ressalvados as frutas de casca rija não regionais e os produtos relacionados nos Anexos I e XV e excetuadas as posições 07.11, 08.12 e 0814.00.00;NCM;07133321;ALIMENTOS DESTINADOS AO CONSUMO HUMANO;Frutas de casca rija não regionais, produtos relacionados nos Anexos I e XV, Posições 07.11, 08.12 e 0814.00.00;PERMITIDO;;2026-01-01;;https://dfe-portal.svrs.rs.gov.br/DFE/TabelaClassificacaoTributaria
200034;VII;Frutas, produtos hortícolas e demais produtos vegetais, sem adição de açúcar ou de outros edulcorantes, classificados nos capítulos 7 e 8 da NCM/SH, ressalvados as frutas de casca rija não regionais e os produtos relacionados nos Anexos I e XV e excetuadas as posições 07.11, 08.12 e 0814.00.00;NCM;07133391;ALIMENTOS DESTINADOS AO CONSUMO HUMANO;Frutas de casca rija não regionais, produtos relacionados nos Anexos I e XV, Posições 07.11, 08.12 e 0814.00.00;PERMITIDO;;2026-01-01;;https://dfe-portal.svrs.rs.gov.br/DFE/TabelaClassificacaoTributaria
200034;VII;Frutas, produtos hortícolas e demais produtos vegetais, sem adição de açúcar ou de outros edulcorantes, classificados nos capítulos 7 e 8 da NCM/SH, ressalvados as frutas de casca rija não regionais e os produtos relacionados nos Anexos I e XV e excetuadas as posições 07.11, 08.12 e 0814.00.00;NCM;07133410;ALIMENTOS DESTINADOS AO CONSUMO HUMANO;Frutas de casca rija não regionais, produtos relacionados nos Anexos I e XV, Posições 07.11, 08.12 e 0814.00.00;PERMITIDO;;2026-01-01;;https://dfe-portal.svrs.rs.gov.br/DFE/TabelaClassificacaoTributaria
200034;VII;Frutas, produtos hortícolas e demais produtos vegetais, sem adição de açúcar ou de outros edulcorantes, classificados nos capítulos 7 e 8 da NCM/SH, ressalvados as frutas de casca rija não regionais e os produtos relacionados nos Anexos I e XV e excetuadas as posições 07.11, 08.12 e 0814.00.00;NCM;07133490;ALIMENTOS DESTINADOS AO CONSUMO HUMANO;Frutas de casca rija não regionais, produtos relacionados nos Anexos I e XV, Posições 07.11, 08.12 e 0814.00.00;PERMITIDO;;2026-01-01;;https://dfe-portal.svrs.rs.gov.br/DFE/TabelaClassificacaoTributaria
200034;VII;Frutas, produtos hortícolas e demais produtos vegetais, sem adição de açúcar ou de outros edulcorantes, classificados nos capítulos 7 e 8 da NCM/SH, ressalvados as frutas de casca rija não regionais e os produtos relacionados nos Anexos I e XV e excetuadas as posições 07.11, 08.12 e 0814.00.00;NCM;07133510;ALIMENTOS DESTINADOS AO CONSUMO HUMANO;Frutas de casca rija não regionais, produtos relacionados nos Anexos I e XV, Posições 07.11, 08.12 e 0814.00.00;PERMITIDO;;2026-01-01;;https://dfe-portal.svrs.rs.gov.br/DFE/TabelaClassificacaoTributaria
200034;VII;Frutas, produtos hortícolas e demais produtos vegetais, sem adição de açúcar ou de outros edulcorantes, classificados nos capítulos 7 e 8 da NCM/SH, ressalvados as frutas de casca rija não regionais e os produtos relacionados nos Anexos I e XV e excetuadas as posições 07.11, 08.12 e 0814.00.00;NCM;07133910;ALIMENTOS DESTINADOS AO CONSUMO HUMANO;Frutas de casca rija não regionais, produtos relacionados nos Anexos I e XV, Posições 07.11, 08.12 e 0814.00.00;PERMITIDO;;2026-01-01;;https://dfe-portal.svrs.rs.gov.br/DFE/TabelaClassificacaoTributaria
200034;VII;Frutas, produtos hortícolas e demais produtos vegetais, sem adição de açúcar ou de outros edulcorantes, classificados nos capítulos 7 e 8 da NCM/SH, ressalvados as frutas de casca rija não regionais e os produtos relacionados nos Anexos I e XV e excetuadas as posições 07.11, 08.12 e 0814.00.00;NCM;07133990;ALIMENTOS DESTINADOS AO CONSUMO HUMANO;Frutas de casca rija não regionais, produtos relacionados nos Anexos I e XV, Posições 07.11, 08.12 e 0814.00.00;PERMITIDO;;2026-01-01;;https://dfe-portal.svrs.rs.gov.br/DFE/TabelaClassificacaoTributaria
200034;VII;Frutas, produtos hortícolas e demais produtos vegetais, sem adição de açúcar ou de outros edulcorantes, classificados nos capítulos 7 e 8 da NCM/SH, ressalvados as frutas de casca rija não regionais e os produtos relacionados nos Anexos I e XV e excetuadas as posições 07.11, 08.12 e 0814.00.00;NCM;07134010;ALIMENTOS DESTINADOS AO CONSUMO HUMANO;Frutas de casca rija não regionais, produtos relacionados nos Anexos I e XV, Posições 07.11, 08.12 e 0814.00.00;PERMITIDO;;2026-01-01;;https://dfe-portal.svrs.rs.gov.br/DFE/TabelaClassificacaoTributaria
200034;VII;Frutas, produtos hortícolas e demais produtos vegetais, sem adição de açúcar ou de outros edulcorantes, classificados nos capítulos 7 e 8 da NCM/SH, ressalvados as frutas de casca rija não regionais e os produtos relacionados nos Anexos I e XV e excetuadas as posições 07.11, 08.12 e 0814.00.00;NCM;07134090;ALIMENTOS DESTINADOS AO CONSUMO HUMANO;Frutas de casca rija não regionais, produtos relacionados nos Anexos I e XV, Posições 07.11, 08.12 e 0814.00.00;PERMITIDO;;2026-01-01;;https://dfe-portal.svrs.rs.gov.br/DFE/TabelaClassificacaoTributaria
200034;VII;Frutas, produtos hortícolas e demais produtos vegetais, sem adição de açúcar ou de outros edulcorantes, classificados nos capítulos 7 e 8 da NCM/SH, ressalvados as frutas de casca rija não regionais e os produtos relacionados nos Anexos I e XV e excetuadas as posições 07.11, 08.12 e 0814.00.00;NCM;07135010;ALIMENTOS DESTINADOS AO CONSUMO HUMANO;Frutas de casca rija não regionais, produtos relacionados nos Anexos I e XV, Posições 07.11, 08.12 e 0814.00.00;PERMITIDO;;2026-01-01;;https://dfe-portal.svrs.rs.gov.br/DFE/TabelaClassificacaoTributaria
200034;VII;Frutas, produtos hortícolas e demais produtos vegetais, sem adição de açúcar ou de outros edulcorantes, classificados nos capítulos 7 e 8 da NCM/SH, ressalvados as frutas de casca rija não regionais e os produtos relacionados nos Anexos I e XV e excetuadas as posições 07.11, 08.12 e 0814.00.00;NCM;07135090;ALIMENTOS DESTINADOS AO CONSUMO HUMANO;Frutas de casca rija não regionais, produtos relacionados nos Anexos I e XV, Posições 07.11, 08.12 e 0814.00.00;PERMITIDO;;2026-01-01;;https://dfe-portal.svrs.rs.gov.br/DFE/TabelaClassificacaoTributaria
200034;VII;Frutas, produtos hortícolas e demais produtos vegetais, sem adição de açúcar ou de outros edulcorantes, classificados nos capítulos 7 e 8 da NCM/SH, ressalvados as frutas de casca rija não regionais e os produtos relacionados nos Anexos I e XV e excetuadas as posições 07.11, 08.12 e 0814.00.00;NCM;07136010;ALIMENTOS DESTINADOS AO CONSUMO HUMANO;Frutas de casca rija não regionais, produtos relacionados nos Anexos I e XV, Posições 07.11, 08.12 e 0814.00.00;PERMITIDO;;2026-01-01;;https://dfe-portal.svrs.rs.gov.br/DFE/TabelaClassificacaoTributaria
200034;VII;Frutas, produtos hortícolas e demais produtos vegetais, sem adição de açúcar ou de outros edulcorantes, classificados nos capítulos 7 e 8 da NCM/SH, ressalvados as frutas de casca rija não regionais e os produtos relacionados nos Anexos I e XV e excetuadas as posições 07.11, 08.12 e 0814.00.00;NCM;07136090;ALIMENTOS DESTINADOS AO CONSUMO HUMANO;Frutas de casca rija não regionais, produtos relacionados nos Anexos I e XV, Posições 07.11, 08.12 e 0814.00.00;PERMITIDO;;2026-01-01;;https://dfe-portal.svrs.rs.gov.br/DFE/TabelaClassificacaoTributaria
200034;VII;Frutas, produtos hortícolas e demais produtos vegetais, sem adição de açúcar ou de outros edulcorantes, classificados nos capítulos 7 e 8 da NCM/SH, ressalvados as frutas de casca rija não regionais e os produtos relacionados nos Anexos I e XV e excetuadas as posições 07.11, 08.12 e 0814.00.00;NCM;07139010;ALIMENTOS DESTINADOS AO CONSUMO HUMANO;Frutas de casca rija não regionais, produtos relacionados nos Anexos I e XV, Posições 07.11, 08.12 e 0814.00.00;PERMITIDO;;2026-01-01;;https://dfe-portal.svrs.rs.gov.br/DFE/TabelaClassificacaoTributaria
200034;VII;Frutas, produtos hortícolas e demais produtos vegetais, sem adição de açúcar ou de outros edulcorantes, classificados nos capítulos 7 e 8 da NCM/SH, ressalvados as frutas de casca rija não regionais e os produtos relacionados nos Anexos I e XV e excetuadas as posições 07.11, 08.12 e 0814.00.00;NCM;07139090;ALIMENTOS DESTINADOS AO CONSUMO HUMANO;Frutas de casca rija não regionais, produtos relacionados nos Anexos I e XV, Posições 07.11, 08.12 e 0814.00.00;PERMITIDO;;2026-01-01;;https://dfe-portal.svrs.rs.gov.br/DFE/TabelaClassificacaoTributaria
200034;VII;Frutas, produtos hortícolas e demais produtos vegetais, sem adição de açúcar ou de outros edulcorantes, classificados nos capítulos 7 e 8 da NCM/SH, ressalvados as frutas de casca rija não regionais e os produtos relacionados nos Anexos I e XV e excetuadas as posições 07.11, 08.12 e 0814.00.00;NCM;07011000;;Frutas de casca rija não regionais, produtos relacionados nos Anexos I e XV, Posições 07.11, 08.12 e 0814.00.00;VEDADO;Listado no Anexo XV;2026-01-01;;https://dfe-portal.svrs.rs.gov.br/DFE/TabelaClassificacaoTributaria
200034;VII;Frutas, produtos hortícolas e demais produtos vegetais, sem adição de açúcar ou de outros edulcorantes, classificados nos capítulos 7 e 8 da NCM/SH, ressalvados as frutas de casca rija não regionais e os produtos relacionados nos Anexos I e XV e excetuadas as posições 07.11, 08.12 e 0814.00.00;NCM;07019000;;Frutas de casca rija não regionais, produtos relacionados nos Anexos I e XV, Posições 07.11, 08.12 e 0814.00.00;VEDADO;Listado no Anexo XV;2026-01-01;;https://dfe-portal.svrs.rs.gov.br/DFE/TabelaClassificacaoTributaria
200034;VII;Frutas, produtos hortícolas e demais produtos vegetais, sem adição de açúcar ou de outros edulcorantes, classificados nos capítulos 7 e 8 da NCM/SH, ressalvados as frutas de casca rija não regionais e os produtos relacionados nos Anexos I e XV e excetuadas as posições 07.11, 08.12 e 0814.00.00;NCM;07020000;;Frutas de casca rija não regionais, produtos relacionados nos Anexos I e XV, Posições 07.11, 08.12 e 0814.00.00;VEDADO;Listado no Anexo XV;2026-01-01;;https://dfe-portal.svrs.rs.gov.br/DFE/TabelaClassificacaoTributaria
200034;VII;Frutas, produtos hortícolas e demais produtos vegetais, sem adição de açúcar ou de outros edulcorantes, classificados nos capítulos 7 e 8 da NCM/SH, ressalvados as frutas de casca rija não regionais e os produtos relacionados nos Anexos I e XV e excetuadas as posições 07.11, 08.12 e 0814.00.00;NCM;07031011;;Frutas de casca rija não regionais, produtos relacionados nos Anexos I e XV, Posições 07.11, 08.12 e 0814.00.00;VEDADO;Listado no Anexo XV;2026-01-01;;https://dfe-portal.svrs.rs.gov.br/DFE/TabelaClassificacaoTributaria
200034;VII;Frutas, produtos hortícolas e demais produtos vegetais, sem adição de açúcar ou de outros edulcorantes, classificados nos capítulos 7 e 8 da NCM/SH, ressalvados as frutas de casca rija não regionais e os produtos relacionados nos Anexos I e XV e excetuadas as posições 07.11, 08.12 e 0814.00.00;NCM;07031019;;Frutas de casca rija não regionais, produtos relacionados nos Anexos I e XV, Posições 07.11, 08.12 e 0814.00.00;VEDADO;Listado no Anexo XV;2026-01-01;;https://dfe-portal.svrs.rs.gov.br/DFE/TabelaClassificacaoTributaria
200034;VII;Frutas, produtos hortícolas e demais produtos vegetais, sem adição de açúcar ou de outros edulcorantes, classificados nos capítulos 7 e 8 da NCM/SH, ressalvados as frutas de casca rija não regionais e os produtos relacionados nos Anexos I e XV e excetuadas as posições 07.11, 08.12 e 0814.00.00;NCM;07031021;;Frutas de casca rija não regionais, produtos relacionados nos Anexos I e XV, Posições 07.11, 08.12 e 0814.00.00;VEDADO;Listado no Anexo XV;2026-01-01;;https://dfe-portal.svrs.rs.gov.br/DFE/TabelaClassificacaoTributaria
200034;VII;Frutas, produtos hortícolas e demais produtos vegetais, sem adição de açúcar ou de outros edulcorantes, classificados nos capítulos 7 e 8 da NCM/SH, ressalvados as frutas de casca rija não regionais e os produtos relacionados nos Anexos I e XV e excetuadas as posições 07.11, 08.12 e 0814.00.00;NCM;07031029;;Frutas de casca rija não regionais, produtos relacionados nos Anexos I e XV, Posições 07.11, 08.12 e 0814.00.00;VEDADO;Listado no Anexo XV;2026-01-01;;https://dfe-portal.svrs.rs.gov.br/DFE/TabelaClassificacaoTributaria
200034;VII;Frutas, produtos hortícolas e demais produtos vegetais, sem adição de açúcar ou de outros edulcorantes, classificados nos capítulos 7 e 8 da NCM/SH, ressalvados as frutas de casca rija não regionais e os produtos relacionados nos Anexos I e XV e excetuadas as posições 07.11, 08.12 e 0814.00.00;NCM;07032010;;Frutas de casca rija não regionais, produtos relacionados nos Anexos I e XV, Posições 07.11, 08.12 e 0814.00.00;VEDADO;Listado no Anexo XV;2026-01-01;;https://dfe-portal.svrs.rs.gov.br/DFE/TabelaClassificacaoTributaria
200034;VII;Frutas, produtos hortícolas e demais produtos vegetais, sem adição de açúcar ou de outros edulcorantes, classificados nos capítulos 7 e 8 da NCM/SH, ressalvados as frutas de casca rija não regionais e os produtos relacionados nos Anexos I e XV e excetuadas as posições 07.11, 08.12 e 0814.00.00;NCM;07032090;;Frutas de casca rija não regionais, produtos relacionados nos Anexos I e XV, Posições 07.11, 08.12 e 0814.00.00;VEDADO;Listado no Anexo XV;2026-01-01;;https://dfe-portal.svrs.rs.gov.br/DFE/TabelaClassificacaoTributaria
200034;VII;Frutas, produtos hortícolas e demais produtos vegetais, sem adição de açúcar ou de outros edulcorantes, classificados nos capítulos 7 e 8 da NCM/SH, ressalvados as frutas de casca rija não regionais e os produtos relacionados nos Anexos I e XV e excetuadas as posições 07.11, 08.12 e 0814.00.00;NCM;07039010;;Frutas de casca rija não regionais, produtos relacionados nos Anexos I e XV, Posições 07.11, 08.12 e 0814.00.00;VEDADO;Listado no Anexo XV;2026-01-01;;https://dfe-portal.svrs.rs.gov.br/DFE/TabelaClassificacaoTributaria
200034;VII;Frutas, produtos hortícolas e demais produtos vegetais, sem adição de açúcar ou de outros edulcorantes, classificados nos capítulos 7 e 8 da NCM/SH, ressalvados as frutas de casca rija não regionais e os produtos relacionados nos Anexos I e XV e excetuadas as posições 07.11, 08.12 e 0814.00.00;NCM;07039090;;Frutas de casca rija não regionais, produtos relacionados nos Anexos I e XV, Posições 07.11, 08.12 e 0814.00.00;VEDADO;Listado no Anexo XV;2026-01-01;;https://dfe-portal.svrs.rs.gov.br/DFE/TabelaClassificacaoTributaria
200034;VII;Frutas, produtos hortícolas e demais produtos vegetais, sem adição de açúcar ou de outros edulcorantes, classificados nos capítulos 7 e 8 da NCM/SH, ressalvados as frutas de casca rija não regionais e os produtos relacionados nos Anexos I e XV e excetuadas as posições 07.11, 08.12 e 0814.00.00;NCM;07041000;;Frutas de casca rija não regionais, produtos relacionados nos Anexos I e XV, Posições 07.11, 08.12 e 0814.00.00;VEDADO;Listado no Anexo XV;2026-01-01;;https://dfe-portal.svrs.rs.gov.br/DFE/TabelaClassificacaoTributaria
200034;VII;Frutas, produtos hortícolas e demais produtos vegetais, sem adição de açúcar ou de outros edulcorantes, classificados nos capítulos 7 e 8 da NCM/SH, ressalvados as frutas de casca rija não regionais e os produtos relacionados nos Anexos I e XV e excetuadas as posições 07.11, 08.12 e 0814.00.00;NCM;07042000;;Frutas de casca rija não regionais, produtos relacionados nos Anexos I e XV, Posições 07.11, 08.12 e 0814.00.00;VEDADO;Listado no Anexo XV;2026-01-01;;https://dfe-portal.svrs.rs.gov.br/DFE/TabelaClassificacaoTributaria
200034;VII;Frutas, produtos hortícolas e demais produtos vegetais, sem adição de açúcar ou de outros edulcorantes, classificados nos capítulos 7 e 8 da NCM/SH, ressalvados as frutas de casca rija não regionais e os produtos relacionados nos Anexos I e XV e excetuadas as posições 07.11, 08.12 e 0814.00.00;NCM;07049000;;Frutas de casca rija não regionais, produtos relacionados nos Anexos I e XV, Posições 07.11, 08.12 e 0814.00.00;VEDADO;Listado no Anexo XV;2026-01-01;;https://dfe-portal.svrs.rs.gov.br/DFE/TabelaClassificacaoTributaria
200034;VII;Frutas, produtos hortícolas e demais produtos vegetais, sem adição de açúcar ou de outros edulcorantes, classificados nos capítulos 7 e 8 da NCM/SH, ressalvados as frutas de casca rija não regionais e os produtos relacionados nos Anexos I e XV e excetuadas as posições 07.11, 08.12 e 0814.00.00;NCM;07051100;;Frutas de casca rija não regionais, produtos relacionados nos Anexos I e XV, Posições 07.11, 08.12 e 0814.00.00;VEDADO;Listado no Anexo XV;2026-01-01;;https://dfe-portal.svrs.rs.gov.br/DFE/TabelaClassificacaoTributaria
200034;VII;Frutas, produtos hortícolas e demais produtos vegetais, sem adição de açúcar ou de outros edulcorantes, classificados nos capítulos 7 e 8 da NCM/SH, ressalvados as frutas de casca rija não regionais e os produtos relacionados nos Anexos I e XV e excetuadas as posições 07.11, 08.12 e 0814.00.00;NCM;07051900;;Frutas de casca rija não regionais, produtos relacionados nos Anexos I e XV, Posições 07.11, 08.12 e 0814.00.00;VEDADO;Listado no Anexo XV;2026-01-01;;https://dfe-portal.svrs.rs.gov.br/DFE/TabelaClassificacaoTributaria
200034;VII;Frutas, produtos hortícolas e demais produtos vegetais, sem adição de açúcar ou de outros edulcorantes, classificados nos capítulos 7 e 8 da NCM/SH, ressalvados as frutas de casca rija não regionais e os produtos relacionados nos Anexos I e XV e excetuadas as posições 07.11, 08.12 e 0814.00.00;NCM;07052100;;Frutas de casca rija não regionais, produtos relacionados nos Anexos I e XV, Posições 07.11, 08.12 e 0814.00.00;VEDADO;Listado no Anexo XV;2026-01-01;;https://dfe-portal.svrs.rs.gov.br/DFE/TabelaClassificacaoTributaria
200034;VII;Frutas, produtos hortícolas e demais produtos vegetais, sem adição de açúcar ou de outros edulcorantes, classificados nos capítulos 7 e 8 da NCM/SH, ressalvados as frutas de casca rija não regionais e os produtos relacionados nos Anexos I e XV e excetuadas as posições 07.11, 08.12 e 0814.00.00;NCM;07052900;;Frutas de casca rija não regionais, produtos relacionados nos Anexos I e XV, Posições 07.11, 08.12 e 0814.00.00;VEDADO;Listado no Anexo XV;2026-01-01;;https://dfe-portal.svrs.rs.gov.br/DFE/TabelaClassificacaoTributaria
200034;VII;Frutas, produtos hortícolas e demais produtos vegetais, sem adição de açúcar ou de outros edulcorantes, classificados nos capítulos 7 e 8 da NCM/SH, ressalvados as frutas de casca rija não regionais e os produtos relacionados nos Anexos I e XV e excetuadas as posições 07.11, 08.12 e 0814.00.00;NCM;07061000;;Frutas de casca rija não regionais, produtos relacionados nos Anexos I e XV, Posições 07.11, 08.12 e 0814.00.00;VEDADO;Listado no Anexo XV;2026-01-01;;https://dfe-portal.svrs.rs.gov.br/DFE/TabelaClassificacaoTributaria
200034;VII;Frutas, produtos hortícolas e demais produtos vegetais, sem adição de açúcar ou de outros edulcorantes, classificados nos capítulos 7 e 8 da NCM/SH, ressalvados as frutas de casca rija não regionais e os produtos relacionados nos Anexos I e XV e excetuadas as posições 07.11, 08.12 e 0814.00.00;NCM;07069000;;Frutas de casca rija não regionais, produtos relacionados nos Anexos I e XV, Posições 07.11, 08.12 e 0814.00.00;VEDADO;Listado no Anexo XV;2026-01-01;;https://dfe-portal.svrs.rs.gov.br/DFE/TabelaClassificacaoTributaria
200034;VII;Frutas, produtos hortícolas e demais produtos vegetais, sem adição de açúcar ou de outros edulcorantes, classificados nos capítulos 7 e 8 da NCM/SH, ressalvados as frutas de casca rija não regionais e os produtos relacionados nos Anexos I e XV e excetuadas as posições 07.11, 08.12 e 0814.00.00;NCM;07070000;;Frutas de casca rija não regionais, produtos relacionados nos Anexos I e XV, Posições 07.11, 08.12 e 0814.00.00;VEDADO;Listado no Anexo XV;2026-01-01;;https://dfe-portal.svrs.rs.gov.br/DFE/TabelaClassificacaoTributaria
200034;VII;Frutas, produtos hortícolas e demais produtos vegetais, sem adição de açúcar ou de outros edulcorantes, classificados nos capítulos 7 e 8 da NCM/SH, ressalvados as frutas de casca rija não regionais e os produtos relacionados nos Anexos I e XV e excetuadas as posições 07.11, 08.12 e 0814.00.00;NCM;07081000;;Frutas de casca rija não regionais, produtos relacionados nos Anexos I e XV, Posições 07.11, 08.12 e 0814.00.00;VEDADO;Listado no Anexo XV;2026-01-01;;https://dfe-portal.svrs.rs.gov.br/DFE/TabelaClassificacaoTributaria
200034;VII;Frutas, produtos hortícolas e demais produtos vegetais, sem adição de açúcar ou de outros edulcorantes, classificados nos capítulos 7 e 8 da NCM/SH, ressalvados as frutas de casca rija não regionais e os produtos relacionados nos Anexos I e XV e excetuadas as posições 07.11, 08.12 e 0814.00.00;NCM;07082000;;Frutas de casca rija não regionais, produtos relacionados nos Anexos I e XV, Posições 07.11, 08.12 e 0814.00.00;VEDADO;Listado no Anexo XV;2026-01-01;;https://dfe-portal.svrs.rs.gov.br/DFE/TabelaClassificacaoTributaria
200034;VII;Frutas, produtos hortícolas e demais produtos vegetais, sem adição de açúcar ou de outros edulcorantes, classificados nos capítulos 7 e 8 da NCM/SH, ressalvados as frutas de casca rija não regionais e os produtos relacionados nos Anexos I e XV e excetuadas as posições 07.11, 08.12 e 0814.00.00;NCM;07089000;;Frutas de casca rija não regionais, produtos relacionados nos Anexos I e XV, Posições 07.11, 08.12 e 0814.00.00;VEDADO;Listado no Anexo XV;2026-01-01;;https://dfe-portal.svrs.rs.gov.br/DFE/TabelaClassificacaoTributaria
200034;VII;Frutas, produtos hortícolas e demais produtos vegetais, sem adição de açúcar ou de outros edulcorantes, classificados nos capítulos 7 e 8 da NCM/SH, ressalvados as frutas de casca rija não regionais e os produtos relacionados nos Anexos I e XV e excetuadas as posições 07.11, 08.12 e 0814.00.00;NCM;07092000;;Frutas de casca rija não regionais, produtos relacionados nos Anexos I e XV, Posições 07.11, 08.12 e 0814.00.00;VEDADO;Listado no Anexo XV;2026-01-01;;https://dfe-portal.svrs.rs.gov.br/DFE/TabelaClassificacaoTributaria
200034;VII;Frutas, produtos hortícolas e demais produtos vegetais, sem adição de açúcar ou de outros edulcorantes, classificados nos capítulos 7 e 8 da NCM/SH, ressalvados as frutas de casca rija não regionais e os produtos relacionados nos Anexos I e XV e excetuadas as posições 07.11, 08.12 e 0814.00.00;NCM;07093000;;Frutas de casca rija não regionais, produtos relacionados nos Anexos I e XV, Posições 07.11, 08.12 e 0814.00.00;VEDADO;Listado no Anexo XV;2026-01-01;;https://dfe-portal.svrs.rs.gov.br/DFE/TabelaClassificacaoTributaria
200034;VII;Frutas, produtos hortícolas e demais produtos vegetais, sem adição de açúcar ou de outros edulcorantes, classificados nos capítulos 7 e 8 da NCM/SH, ressalvados as frutas de casca rija não regionais e os produtos relacionados nos Anexos I e XV e excetuadas as posições 07.11, 08.12 e 0814.00.00;NCM;07094000;;Frutas de casca rija não regionais, produtos relacionados nos Anexos I e XV, Posições 07.11, 08.12 e 0814.00.00;VEDADO;Listado no Anexo XV;2026-01-01;;https://dfe-portal.svrs.rs.gov.br/DFE/TabelaClassificacaoTributaria
200034;VII;Frutas, produtos hortícolas e demais produtos vegetais, sem adição de açúcar ou de outros edulcorantes, classificados nos capítulos 7 e 8 da NCM/SH, ressalvados as frutas de casca rija não regionais e os produtos relacionados nos Anexos I e XV e excetuadas as posições 07.11, 08.12 e 0814.00.00;NCM;07095100;;Frutas de casca rija não regionais, produtos relacionados nos Anexos I e XV, Posições 07.11, 08.12 e 0814.00.00;VEDADO;Listado no Anexo XV;2026-01-01;;https://dfe-portal.svrs.rs.gov.br/DFE/TabelaClassificacaoTributaria
200034;VII;Frutas, produtos hortícolas e demais produtos vegetais, sem adição de açúcar ou de outros edulcorantes, classificados nos capítulos 7 e 8 da NCM/SH, ressalvados as frutas de casca rija não regionais e os produtos relacionados nos Anexos I e XV e excetuadas as posições 07.11, 08.12 e 0814.00.00;NCM;07095200;;Frutas de casca rija não regionais, produtos relacionados nos Anexos I e XV, Posições 07.11, 08.12 e 0814.00.00;VEDADO;Listado no Anexo XV;2026-01-01;;https://dfe-portal.svrs.rs.gov.br/DFE/TabelaClassificacaoTributaria
200034;VII;Frutas, produtos hortícolas e demais produtos vegetais, sem adição de açúcar ou de outros edulcorantes, classificados nos capítulos 7 e 8 da NCM/SH, ressalvados as frutas de casca rija não regionais e os produtos relacionados nos Anexos I e XV e excetuadas as posições 07.11, 08.12 e 0814.00.00;NCM;07095300;;Frutas de casca rija não regionais, produtos relacionados nos Anexos I e XV, Posições 07.11, 08.12 e 0814.00.00;VEDADO;Listado no Anexo XV;2026-01-01;;https://dfe-portal.svrs.rs.gov.br/DFE/TabelaClassificacaoTributaria
200034;VII;Frutas, produtos hortícolas e demais produtos vegetais, sem adição de açúcar ou de outros edulcorantes, classificados nos capítulos 7 e 8 da NCM/SH, ressalvados as frutas de casca rija não regionais e os produtos relacionados nos Anexos I e XV e excetuadas as posições 07.11, 08.12 e 0814.00.00;NCM;07095400;;Frutas de casca rija não regionais, produtos relacionados nos Anexos I e XV, Posições 07.11, 08.12 e 0814.00.00;VEDADO;Listado no Anexo XV;2026-01-01;;https://dfe-portal.svrs.rs.gov.br/DFE/TabelaClassificacaoTributaria
200034;VII;Frutas, produtos hortícolas e demais produtos vegetais, sem adição de açúcar ou de outros edulcorantes, classificados nos capítulos 7 e 8 da NCM/SH, ressalvados as frutas de casca rija não regionais e os produtos relacionados nos Anexos I e XV e excetuadas as posições 07.11, 08.12 e 0814.00.00;NCM;07095500;;Frutas de casca rija não regionais, produtos relacionados nos Anexos I e XV, Posições 07.11, 08.12 e 0814.00.00;VEDADO;Listado no Anexo XV;2026-01-01;;https://dfe-portal.svrs.rs.gov.br/DFE/TabelaClassificacaoTributaria
200034;VII;Frutas, produtos hortícolas e demais produtos vegetais, sem adição de açúcar ou de outros edulcorantes, classificados nos capítulos 7 e 8 da NCM/SH, ressalvados as frutas de casca rija não regionais e os produtos relacionados nos Anexos I e XV e excetuadas as posições 07.11, 08.12 e 0814.00.00;NCM;07095600;;Frutas de casca rija não regionais, produtos relacionados nos Anexos I e XV, Posições 07.11, 08.12 e 0814.00.00;VEDADO;Listado no Anexo XV;2026-01-01;;https://dfe-portal.svrs.rs.gov.br/DFE/TabelaClassificacaoTributaria
200034;VII;Frutas, produtos hortícolas e demais produtos vegetais, sem adição de açúcar ou de outros edulcorantes, classificados nos capítulos 7 e 8 da NCM/SH, ressalvados as frutas de casca rija não regionais e os produtos relacionados nos Anexos I e XV e excetuadas as posições 07.11, 08.12 e 0814.00.00;NCM;07095900;;Frutas de casca rija não regionais, produtos relacionados nos Anexos I e XV, Posições 07.11, 08.12 e 0814.00.00;VEDADO;Listado no Anexo XV;2026-01-01;;https://dfe-portal.svrs.rs.gov.br/DFE/TabelaClassificacaoTributaria
200034;VII;Frutas, produtos hortícolas e demais produtos vegetais, sem adição de açúcar ou de outros edulcorantes, classificados nos capítulos 7 e 8 da NCM/SH, ressalvados as frutas de casca rija não regionais e os produtos relacionados nos Anexos I e XV e excetuadas as posições 07.11, 08.12 e 0814.00.00;NCM;07096000;;Frutas de casca rija não regionais, produtos relacionados nos Anexos I e XV, Posições 07.11, 08.12 e 0814.00.00;VEDADO;Listado no Anexo XV;2026-01-01;;https://dfe-portal.svrs.rs.gov.br/DFE/TabelaClassificacaoTributaria
200034;VII;Frutas, produtos hortícolas e demais produtos vegetais, sem adição de açúcar ou de outros edulcorantes, classificados nos capítulos 7 e 8 da NCM/SH, ressalvados as frutas de casca rija não regionais e os produtos relacionados nos Anexos I e XV e excetuadas as posições 07.11, 08.12 e 0814.00.00;NCM;07097000;;Frutas de casca rija não regionais, produtos relacionados nos Anexos I e XV, Posições 07.11, 08.12 e 0814.00.00;VEDADO;Listado no Anexo XV;2026-01-01;;https://dfe-portal.svrs.rs.gov.br/DFE/TabelaClassificacaoTributaria
200034;VII;Frutas, produtos hortícolas e demais produtos vegetais, sem adição de açúcar ou de outros edulcorantes, classificados nos capítulos 7 e 8 da NCM/SH, ressalvados as frutas de casca rija não regionais e os produtos relacionados nos Anexos I e XV e excetuadas as posições 07.11, 08.12 e 0814.00.00;NCM;07099100;;Frutas de casca rija não regionais, produtos relacionados nos Anexos I e XV, Posições 07.11, 08.12 e 0814.00.00;VEDADO;Listado no Anexo XV;2026-01-01;;https://dfe-portal.svrs.rs.gov.br/DFE/TabelaClassificacaoTributaria
200034;VII;Frutas, produtos hortícolas e demais produtos vegetais, sem adição de açúcar ou de outros edulcorantes, classificados nos capítulos 7 e 8 da NCM/SH, ressalvados as frutas de casca rija não regionais e os produtos relacionados nos Anexos I e XV e excetuadas as posições 07.11, 08.12 e 0814.00.00;NCM;07099200;;Frutas de casca rija não regionais, produtos relacionados nos Anexos I e XV, Posições 07.11, 08.12 e 0814.00.00;VEDADO;Listado no Anexo XV;2026-01-01;;https://dfe-portal.svrs.rs.gov.br/DFE/TabelaClassificacaoTributaria
200034;VII;Frutas, produtos hortícolas e demais produtos vegetais, sem adição de açúcar ou de outros edulcorantes, classificados nos capítulos 7 e 8 da NCM/SH, ressalvados as frutas de casca rija não regionais e os produtos relacionados nos Anexos I e XV e excetuadas as posições 07.11, 08.12 e 0814.00.00;NCM;07099300;;Frutas de casca rija não regionais, produtos relacionados nos Anexos I e XV, Posições 07.11, 08.12 e 0814.00.00;VEDADO;Listado no Anexo XV;2026-01-01;;https://dfe-portal.svrs.rs.gov.br/DFE/TabelaClassificacaoTributaria
200034;VII;Frutas, produtos hortícolas e demais produtos vegetais, sem adição de açúcar ou de outros edulcorantes, classificados nos capítulos 7 e 8 da NCM/SH, ressalvados as frutas de casca rija não regionais e os produtos relacionados nos Anexos I e XV e excetuadas as posições 07.11, 08.12 e 0814.00.00;NCM;07099911;;Frutas de casca rija não regionais, produtos relacionados nos Anexos I e XV, Posições 07.11, 08.12 e 0814.00.00;VEDADO;Listado no Anexo XV;2026-01-01;;https://dfe-portal.svrs.rs.gov.br/DFE/TabelaClassificacaoTributaria
200034;VII;Frutas, produtos hortícolas e demais produtos vegetais, sem adição de açúcar ou de outros edulcorantes, classificados nos capítulos 7 e 8 da NCM/SH, ressalvados as frutas de casca rija não regionais e os produtos relacionados nos Anexos I e XV e excetuadas as posições 07.11, 08.12 e 0814.00.00;NCM;07099919;;Frutas de casca rija não regionais, produtos relacionados nos Anexos I e XV, Posições 07.11, 08.12 e 0814.00.00;VEDADO;Listado no Anexo XV;2026-01-01;;https://dfe-portal.svrs.rs.gov.br/DFE/TabelaClassificacaoTributaria
200034;VII;Frutas, produtos hortícolas e demais produtos vegetais, sem adição de açúcar ou de outros edulcorantes, classificados nos capítulos 7 e 8 da NCM/SH, ressalvados as frutas de casca rija não regionais e os produtos relacionados nos Anexos I e XV e excetuadas as posições 07.11, 08.12 e 0814.00.00;NCM;07099990;;Frutas de casca rija não regionais, produtos relacionados nos Anexos I e XV, Posições 07.11, 08.12 e 0814.00.00;VEDADO;Listado no Anexo XV;2026-01-01;;https://dfe-portal.svrs.rs.gov.br/DFE/TabelaClassificacaoTributaria
200034;VII;Frutas, produtos hortícolas e demais produtos vegetais, sem adição de açúcar ou de outros edulcorantes, classificados nos capítulos 7 e 8 da NCM/SH, ressalvados as frutas de casca rija não regionais e os produtos relacionados nos Anexos I e XV e excetuadas as posições 07.11, 08.12 e 0814.00.00;NCM;07101000;;Frutas de casca rija não regionais, produtos relacionados nos Anexos I e XV, Posições 07.11, 08.12 e 0814.00.00;VEDADO;Listado no Anexo XV;2026-01-01;;https://dfe-portal.svrs.rs.gov.br/DFE/TabelaClassificacaoTributaria
200034;VII;Frutas, produtos hortícolas e demais produtos vegetais, sem adição de açúcar ou de outros edulcorantes, classificados nos capítulos 7 e 8 da NCM/SH, ressalvados as frutas de casca rija não regionais e os produtos relacionados nos Anexos I e XV e excetuadas as posições 07.11, 08.12 e 0814.00.00;NCM;07102100;;Frutas de casca rija não regionais, produtos relacionados nos Anexos I e XV, Posições 07.11, 08.12 e 0814.00.00;VEDADO;Listado no Anexo XV;2026-01-01;;https://dfe-portal.svrs.rs.gov.br/DFE/TabelaClassificacaoTributaria
200034;VII;Frutas, produtos hortícolas e demais produtos vegetais, sem adição de açúcar ou de outros edulcorantes, classificados nos capítulos 7 e 8 da NCM/SH, ressalvados as frutas de casca rija não regionais e os produtos relacionados nos Anexos I e XV e excetuadas as posições 07.11, 08.12 e 0814.00.00;NCM;07102200;;Frutas de casca rija não regionais, produtos relacionados nos Anexos I e XV, Posições 07.11, 08.12 e 0814.00.00;VEDADO;Listado no Anexo XV;2026-01-01;;https://dfe-portal.svrs.rs.gov.br/DFE/TabelaClassificacaoTributaria
200034;VII;Frutas, produtos hortícolas e demais produtos vegetais, sem adição de açúcar ou de outros edulcorantes, classificados nos capítulos 7 e 8 da NCM/SH, ressalvados as frutas de casca rija não regionais e os produtos relacionados nos Anexos I e XV e excetuadas as posições 07.11, 08.12 e 0814.00.00;NCM;07102900;;Frutas de casca rija não regionais, produtos relacionados nos Anexos I e XV, Posições 07.11, 08.12 e 0814.00.00;VEDADO;Listado no Anexo XV;2026-01-01;;https://dfe-portal.svrs.rs.gov.br/DFE/TabelaClassificacaoTributaria
200034;VII;Frutas, produtos hortícolas e demais produtos vegetais, sem adição de açúcar ou de outros edulcorantes, classificados nos capítulos 7 e 8 da NCM/SH, ressalvados as frutas de casca rija não regionais e os produtos relacionados nos Anexos I e XV e excetuadas as posições 07.11, 08.12 e 0814.00.00;NCM;07103000;;Frutas de casca rija não regionais, produtos relacionados nos Anexos I e XV, Posições 07.11, 08.12 e 0814.00.00;VEDADO;Listado no Anexo XV;2026-01-01;;https://dfe-portal.svrs.rs.gov.br/DFE/TabelaClassificacaoTributaria
200034;VII;Frutas, produtos hortícolas e demais produtos vegetais, sem adição de açúcar ou de outros edulcorantes, classificados nos capítulos 7 e 8 da NCM/SH, ressalvados as frutas de casca rija não regionais e os produtos relacionados nos Anexos I e XV e excetuadas as posições 07.11, 08.12 e 0814.00.00;NCM;07104000;;Frutas de casca rija não regionais, produtos relacionados nos Anexos I e XV, Posições 07.11, 08.12 e 0814.00.00;VEDADO;Listado no Anexo XV;2026-01-01;;https://dfe-portal.svrs.rs.gov.br/DFE/TabelaClassificacaoTributaria
200034;VII;Frutas, produtos hortícolas e demais produtos vegetais, sem adição de açúcar ou de outros edulcorantes, classificados nos capítulos 7 e 8 da NCM/SH, ressalvados as frutas de casca rija não regionais e os produtos relacionados nos Anexos I e XV e excetuadas as posições 07.11, 08.12 e 0814.00.00;NCM;07108000;;Frutas de casca rija não regionais, produtos relacionados nos Anexos I e XV, Posições 07.11, 08.12 e 0814.00.00;VEDADO;Listado no Anexo XV;2026-01-01;;https://dfe-portal.svrs.rs.gov.br/DFE/TabelaClassificacaoTributaria
200034;VII;Frutas, produtos hortícolas e demais produtos vegetais, sem adição de açúcar ou de outros edulcorantes, classificados nos capítulos 7 e 8 da NCM/SH, ressalvados as frutas de casca rija não regionais e os produtos relacionados nos Anexos I e XV e excetuadas as posições 07.11, 08.12 e 0814.00.00;NCM;07109000;;Frutas de casca rija não regionais, produtos relacionados nos Anexos I e XV, Posições 07.11, 08.12 e 0814.00.00;VEDADO;Listado no Anexo XV;2026-01-01;;https://dfe-portal.svrs.rs.gov.br/DFE/TabelaClassificacaoTributaria
200034;VII;Frutas, produtos hortícolas e demais produtos vegetais, sem adição de açúcar ou de outros edulcorantes, classificados nos capítulos 7 e 8 da NCM/SH, ressalvados as frutas de casca rija não regionais e os produtos relacionados nos Anexos I e XV e excetuadas as posições 07.11, 08.12 e 0814.00.00;NCM;07112010;;Frutas de casca rija não regionais, produtos relacionados nos Anexos I e XV, Posições 07.11, 08.12 e 0814.00.00;VEDADO;;2026-01-01;;https://dfe-portal.svrs.rs.gov.br/DFE/TabelaClassificacaoTributaria
200034;VII;Frutas, produtos hortícolas e demais produtos vegetais, sem adição de açúcar ou de outros edulcorantes, classificados nos capítulos 7 e 8 da NCM/SH, ressalvados as frutas de casca rija não regionais e os produtos relacionados nos Anexos I e XV e excetuadas as posições 07.11, 08.12 e 0814.00.00;NCM;07112020;;Frutas de casca rija não regionais, produtos relacionados nos Anexos I e XV, Posições 07.11, 08.12 e 0814.00.00;VEDADO;;2026-01-01;;https://dfe-portal.svrs.rs.gov.br/DFE/TabelaClassificacaoTributaria
200034;VII;Frutas, produtos hortícolas e demais produtos vegetais, sem adição de açúcar ou de outros edulcorantes, classificados nos capítulos 7 e 8 da NCM/SH, ressalvados as frutas de casca rija não regionais e os produtos relacionados nos Anexos I e XV e excetuadas as posições 07.11, 08.12 e 0814.00.00;NCM;07112090;;Frutas de casca rija não regionais, produtos relacionados nos Anexos I e XV, Posições 07.11, 08.12 e 0814.00.00;VEDADO;;2026-01-01;;https://dfe-portal.svrs.rs.gov.br/DFE/TabelaClassificacaoTributaria
200034;VII;Frutas, produtos hortícolas e demais produtos vegetais, sem adição de açúcar ou de outros edulcorantes, classificados nos capítulos 7 e 8 da NCM/SH, ressalvados as frutas de casca rija não regionais e os produtos relacionados nos Anexos I e XV e excetuadas as posições 07.11, 08.12 e 0814.00.00;NCM;07114000;;Frutas de casca rija não regionais, produtos relacionados nos Anexos I e XV, Posições 07.11, 08.12 e 0814.00.00;VEDADO;;2026-01-01;;https://dfe-portal.svrs.rs.gov.br/DFE/TabelaClassificacaoTributaria
200034;VII;Frutas, produtos hortícolas e demais produtos vegetais, sem adição de açúcar ou de outros edulcorantes, classificados nos capítulos 7 e 8 da NCM/SH, ressalvados as frutas de casca rija não regionais e os produtos relacionados nos Anexos I e XV e excetuadas as posições 07.11, 08.12 e 0814.00.00;NCM;07115100;;Frutas de casca rija não regionais, produtos relacionados nos Anexos I e XV, Posições 07.11, 08.12 e 0814.00.00;VEDADO;;2026-01-01;;https://dfe-portal.svrs.rs.gov.br/DFE/TabelaClassificacaoTributaria
200034;VII;Frutas, produtos hortícolas e demais produtos vegetais, sem adição de açúcar ou de outros edulcorantes, classificados nos capítulos 7 e 8 da NCM/SH, ressalvados as frutas de casca rija não regionais e os produtos relacionados nos Anexos I e XV e excetuadas as posições 07.11, 08.12 e 0814.00.00;NCM;07115900;;Frutas de casca rija não regionais, produtos relacionados nos Anexos I e XV, Posições 07.11, 08.12 e 0814.00.00;VEDADO;;2026-01-01;;https://dfe-portal.svrs.rs.gov.br/DFE/TabelaClassificacaoTributaria
200034;VII;Frutas, produtos hortícolas e demais produtos vegetais, sem adição de açúcar ou de outros edulcorantes, classificados nos capítulos 7 e 8 da NCM/SH, ressalvados as frutas de casca rija não regionais e os produtos relacionados nos Anexos I e XV e excetuadas as posições 07.11, 08.12 e 0814.00.00;NCM;07119000;;Frutas de casca rija não regionais, produtos relacionados nos Anexos I e XV, Posições 07.11, 08.12 e 0814.00.00;VEDADO;;2026-01-01;;https://dfe-portal.svrs.rs.gov.br/DFE/TabelaClassificacaoTributaria
200034;VII;Frutas, produtos hortícolas e demais produtos vegetais, sem adição de açúcar ou de outros edulcorantes, classificados nos capítulos 7 e 8 da NCM/SH, ressalvados as frutas de casca rija não regionais e os produtos relacionados nos Anexos I e XV e excetuadas as posições 07.11, 08.12 e 0814.00.00;NCM;07133319;;Frutas de casca rija não regionais, produtos relacionados nos Anexos I e XV, Posições 07.11, 08.12 e 0814.00.00;VEDADO;Listado no Anexo I;2026-01-01;;https://dfe-portal.svrs.rs.gov.br/DFE/TabelaClassificacaoTributaria
200034;VII;Frutas, produtos hortícolas e demais produtos vegetais, sem adição de açúcar ou de outros edulcorantes, classificados nos capítulos 7 e 8 da NCM/SH, ressalvados as frutas de casca rija não regionais e os produtos relacionados nos Anexos I e XV e excetuadas as posições 07.11, 08.12 e 0814.00.00;NCM;07133329;;Frutas de casca rija não regionais, produtos relacionados nos Anexos I e XV, Posições 07.11, 08.12 e 0814.00.00;VEDADO;Listado no Anexo I;2026-01-01;;https://dfe-portal.svrs.rs.gov.br/DFE/TabelaClassificacaoTributaria
200034;VII;Frutas, produtos hortícolas e demais produtos vegetais, sem adição de açúcar ou de outros edulcorantes, classificados nos capítulos 7 e 8 da NCM/SH, ressalvados as frutas de casca rija não regionais e os produtos relacionados nos Anexos I e XV e excetuadas as posições 07.11, 08.12 e 0814.00.00;NCM;07133399;;Frutas de casca rija não regionais, produtos relacionados nos Anexos I e XV, Posições 07.11, 08.12 e 0814.00.00;VEDADO;Listado no Anexo I;2026-01-01;;https://dfe-portal.svrs.rs.gov.br/DFE/TabelaClassificacaoTributaria
200034;VII;Frutas, produtos hortícolas e demais produtos vegetais, sem adição de açúcar ou de outros edulcorantes, classificados nos capítulos 7 e 8 da NCM/SH, ressalvados as frutas de casca rija não regionais e os produtos relacionados nos Anexos I e XV e excetuadas as posições 07.11, 08.12 e 0814.00.00;NCM;07133590;;Frutas de casca rija não regionais, produtos relacionados nos Anexos I e XV, Posições 07.11, 08.12 e 0814.00.00;VEDADO;Listado no Anexo I;2026-01-01;;https://dfe-portal.svrs.rs.gov.br/DFE/TabelaClassificacaoTributaria
200034;VII;Frutas, produtos hortícolas e demais produtos vegetais, sem adição de açúcar ou de outros edulcorantes, classificados nos capítulos 7 e 8 da NCM/SH, ressalvados as frutas de casca rija não regionais e os produtos relacionados nos Anexos I e XV e excetuadas as posições 07.11, 08.12 e 0814.00.00;NCM;07141000;;Frutas de casca rija não regionais, produtos relacionados nos Anexos I e XV, Posições 07.11, 08.12 e 0814.00.00;VEDADO;Listado no Anexo XV;2026-01-01;;https://dfe-portal.svrs.rs.gov.br/DFE/TabelaClassificacaoTributaria
200034;VII;Frutas, produtos hortícolas e demais produtos vegetais, sem adição de açúcar ou de outros edulcorantes, classificados nos capítulos 7 e 8 da NCM/SH, ressalvados as frutas de casca rija não regionais e os produtos relacionados nos Anexos I e XV e excetuadas as posições 07.11, 08.12 e 0814.00.00;NCM;07142000;;Frutas de casca rija não regionais, produtos relacionados nos Anexos I e XV, Posições 07.11, 08.12 e 0814.00.00;VEDADO;Listado no Anexo XV;2026-01-01;;https://dfe-portal.svrs.rs.gov.br/DFE/TabelaClassificacaoTributaria
200034;VII;Frutas, produtos hortícolas e demais produtos vegetais, sem adição de açúcar ou de outros edulcorantes, classificados nos capítulos 7 e 8 da NCM/SH, ressalvados as frutas de casca rija não regionais e os produtos relacionados nos Anexos I e XV e excetuadas as posições 07.11, 08.12 e 0814.00.00;NCM;07143000;;Frutas de casca rija não regionais, produtos relacionados nos Anexos I e XV, Posições 07.11, 08.12 e 0814.00.00;VEDADO;Listado no Anexo XV;2026-01-01;;https://dfe-portal.svrs.rs.gov.br/DFE/TabelaClassificacaoTributaria
200034;VII;Frutas, produtos hortícolas e demais produtos vegetais, sem adição de açúcar ou de outros edulcorantes, classificados nos capítulos 7 e 8 da NCM/SH, ressalvados as frutas de casca rija não regionais e os produtos relacionados nos Anexos I e XV e excetuadas as posições 07.11, 08.12 e 0814.00.00;NCM;07144000;;Frutas de casca rija não regionais, produtos relacionados nos Anexos I e XV, Posições 07.11, 08.12 e 0814.00.00;VEDADO;Listado no Anexo XV;2026-01-01;;https://dfe-portal.svrs.rs.gov.br/DFE/TabelaClassificacaoTributaria
200034;VII;Frutas, produtos hortícolas e demais produtos vegetais, sem adição de açúcar ou de outros edulcorantes, classificados nos capítulos 7 e 8 da NCM/SH, ressalvados as frutas de casca rija não regionais e os produtos relacionados nos Anexos I e XV e excetuadas as posições 07.11, 08.12 e 0814.00.00;NCM;07145000;;Frutas de casca rija não regionais, produtos relacionados nos Anexos I e XV, Posições 07.11, 08.12 e 0814.00.00;VEDADO;Listado no Anexo XV;2026-01-01;;https://dfe-portal.svrs.rs.gov.br/DFE/TabelaClassificacaoTributaria
200034;VII;Frutas, produtos hortícolas e demais produtos vegetais, sem adição de açúcar ou de outros edulcorantes, classificados nos capítulos 7 e 8 da NCM/SH, ressalvados as frutas de casca rija não regionais e os produtos relacionados nos Anexos I e XV e excetuadas as posições 07.11, 08.12 e 0814.00.00;NCM;07149000;;Frutas de casca rija não regionais, produtos relacionados nos Anexos I e XV, Posições 07.11, 08.12 e 0814.00.00;VEDADO;Listado no Anexo XV;2026-01-01;;https://dfe-portal.svrs.rs.gov.br/DFE/TabelaClassificacaoTributaria
200034;VII;Frutas, produtos hortícolas e demais produtos vegetais, sem adição de açúcar ou de outros edulcorantes, classificados nos capítulos 7 e 8 da NCM/SH, ressalvados as frutas de casca rija não regionais e os produtos relacionados nos Anexos I e XV e excetuadas as posições 07.11, 08.12 e 0814.00.00;NCM;08012100;ALIMENTOS DESTINADOS AO CONSUMO HUMANO;Frutas de casca rija não regionais, produtos relacionados nos Anexos I e XV, Posições 07.11, 08.12 e 0814.00.00;PERMITIDO;;2026-01-01;;https://dfe-portal.svrs.rs.gov.br/DFE/TabelaClassificacaoTributaria
200034;VII;Frutas, produtos hortícolas e demais produtos vegetais, sem adição de açúcar ou de outros edulcorantes, classificados nos capítulos 7 e 8 da NCM/SH, ressalvados as frutas de casca rija não regionais e os produtos relacionados nos Anexos I e XV e excetuadas as posições 07.11, 08.12 e 0814.00.00;NCM;08012200;ALIMENTOS DESTINADOS AO CONSUMO HUMANO;Frutas de casca rija não regionais, produtos relacionados nos Anexos I e XV, Posições 07.11, 08.12 e 0814.00.00;PERMITIDO;;2026-01-01;;https://dfe-portal.svrs.rs.gov.br/DFE/TabelaClassificacaoTributaria
200034;VII;Frutas, produtos hortícolas e demais produtos vegetais, sem adição de açúcar ou de outros edulcorantes, classificados nos capítulos 7 e 8 da NCM/SH, ressalvados as frutas de casca rija não regionais e os produtos relacionados nos Anexos I e XV e excetuadas as posições 07.11, 08.12 e 0814.00.00;NCM;08013100;ALIMENTOS DESTINADOS AO CONSUMO HUMANO;Frutas de casca rija não regionais, produtos relacionados nos Anexos I e XV, Posições 07.11, 08.12 e 0814.00.00;PERMITIDO;;2026-01-01;;https://dfe-portal.svrs.rs.gov.br/DFE/TabelaClassificacaoTributaria
200034;VII;Frutas, produtos hortícolas e demais produtos vegetais, sem adição de açúcar ou de outros edulcorantes, classificados nos capítulos 7 e 8 da NCM/SH, ressalvados as frutas de casca rija não regionais e os produtos relacionados nos Anexos I e XV e excetuadas as posições 07.11, 08.12 e 0814.00.00;NCM;08013200;ALIMENTOS DESTINADOS AO CONSUMO HUMANO;Frutas de casca rija não regionais, produtos relacionados nos Anexos I e XV, Posições 07.11, 08.12 e 0814.00.00;PERMITIDO;;2026-01-01;;https://dfe-portal.svrs.rs.gov.br/DFE/TabelaClassificacaoTributaria
200034;VII;Frutas, produtos hortícolas e demais produtos vegetais, sem adição de açúcar ou de outros edulcorantes, classificados nos capítulos 7 e 8 da NCM/SH, ressalvados as frutas de casca rija não regionais e os produtos relacionados nos Anexos I e XV e excetuadas as posições 07.11, 08.12 e 0814.00.00;NCM;08022200;ALIMENTOS DESTINADOS AO CONSUMO HUMANO;Frutas de casca rija não regionais, produtos relacionados nos Anexos I e XV, Posições 07.11, 08.12 e 0814.00.00;PERMITIDO;;2026-01-01;;https://dfe-portal.svrs.rs.gov.br/DFE/TabelaClassificacaoTributaria
200034;VII;Frutas, produtos hortícolas e demais produtos vegetais, sem adição de açúcar ou de outros edulcorantes, classificados nos capítulos 7 e 8 da NCM/SH, ressalvados as frutas de casca rija não regionais e os produtos relacionados nos Anexos I e XV e excetuadas as posições 07.11, 08.12 e 0814.00.00;NCM;08024200;ALIMENTOS DESTINADOS AO CONSUMO HUMANO;Frutas de casca rija não regionais, produtos relacionados nos Anexos I e XV, Posições 07.11, 08.12 e 0814.00.00;PERMITIDO;;2026-01-01;;https://dfe-portal.svrs.rs.gov.br/DFE/TabelaClassificacaoTributaria
200034;VII;Frutas, produtos hortícolas e demais produtos vegetais, sem adição de açúcar ou de outros edulcorantes, classificados nos capítulos 7 e 8 da NCM/SH, ressalvados as frutas de casca rija não regionais e os produtos relacionados nos Anexos I e XV e excetuadas as posições 07.11, 08.12 e 0814.00.00;NCM;08025200;ALIMENTOS DESTINADOS AO CONSUMO HUMANO;Frutas de casca rija não regionais, produtos relacionados nos Anexos I e XV, Posições 07.11, 08.12 e 0814.00.00;PERMITIDO;;2026-01-01;;https://dfe-portal.svrs.rs.gov.br/DFE/TabelaClassificacaoTributaria
200034;VII;Frutas, produtos hortícolas e demais produtos vegetais, sem adição de açúcar ou de outros edulcorantes, classificados nos capítulos 7 e 8 da NCM/SH, ressalvados as frutas de casca rija não regionais e os produtos relacionados nos Anexos I e XV e excetuadas as posições 07.11, 08.12 e 0814.00.00;NCM;08026200;ALIMENTOS DESTINADOS AO CONSUMO HUMANO;Frutas de casca rija não regionais, produtos relacionados nos Anexos I e XV, Posições 07.11, 08.12 e 0814.00.00;PERMITIDO;;2026-01-01;;https://dfe-portal.svrs.rs.gov.br/DFE/TabelaClassificacaoTributaria
200034;VII;Frutas, produtos hortícolas e demais produtos vegetais, sem adição de açúcar ou de outros edulcorantes, classificados nos capítulos 7 e 8 da NCM/SH, ressalvados as frutas de casca rija não regionais e os produtos relacionados nos Anexos I e XV e excetuadas as posições 07.11, 08.12 e 0814.00.00;NCM;08029200;ALIMENTOS DESTINADOS AO CONSUMO HUMANO;Frutas de casca rija não regionais, produtos relacionados nos Anexos I e XV, Posições 07.11, 08.12 e 0814.00.00;PERMITIDO;;2026-01-01;;https://dfe-portal.svrs.rs.gov.br/DFE/TabelaClassificacaoTributaria
200034;VII;Frutas, produtos hortícolas e demais produtos vegetais, sem adição de açúcar ou de outros edulcorantes, classificados nos capítulos 7 e 8 da NCM/SH, ressalvados as frutas de casca rija não regionais e os produtos relacionados nos Anexos I e XV e excetuadas as posições 07.11, 08.12 e 0814.00.00;NCM;08131000;ALIMENTOS DESTINADOS AO CONSUMO HUMANO;Frutas de casca rija não regionais, produtos relacionados nos Anexos I e XV, Posições 07.11, 08.12 e 0814.00.00;PERMITIDO;;2026-01-01;;https://dfe-portal.svrs.rs.gov.br/DFE/TabelaClassificacaoTributaria
200034;VII;Frutas, produtos hortícolas e demais produtos vegetais, sem adição de açúcar ou de outros edulcorantes, classificados nos capítulos 7 e 8 da NCM/SH, ressalvados as frutas de casca rija não regionais e os produtos relacionados nos Anexos I e XV e excetuadas as posições 07.11, 08.12 e 0814.00.00;NCM;08132010;ALIMENTOS DESTINADOS AO CONSUMO HUMANO;Frutas de casca rija não regionais, produtos relacionados nos Anexos I e XV, Posições 07.11, 08.12 e 0814.00.00;PERMITIDO;;2026-01-01;;https://dfe-portal.svrs.rs.gov.br/DFE/TabelaClassificacaoTributaria
200034;VII;Frutas, produtos hortícolas e demais produtos vegetais, sem adição de açúcar ou de outros edulcorantes, classificados nos capítulos 7 e 8 da NCM/SH, ressalvados as frutas de casca rija não regionais e os produtos relacionados nos Anexos I e XV e excetuadas as posições 07.11, 08.12 e 0814.00.00;NCM;08132020;ALIMENTOS DESTINADOS AO CONSUMO HUMANO;Frutas de casca rija não regionais, produtos relacionados nos Anexos I e XV, Posições 07.11, 08.12 e 0814.00.00;PERMITIDO;;2026-01-01;;https://dfe-portal.svrs.rs.gov.br/DFE/TabelaClassificacaoTributaria
200034;VII;Frutas, produtos hortícolas e demais produtos vegetais, sem adição de açúcar ou de outros edulcorantes, classificados nos capítulos 7 e 8 da NCM/SH, ressalvados as frutas de casca rija não regionais e os produtos relacionados nos Anexos I e XV e excetuadas as posições 07.11, 08.12 e 0814.00.00;NCM;08133000;ALIMENTOS DESTINADOS AO CONSUMO HUMANO;Frutas de casca rija não regionais, produtos relacionados nos Anexos I e XV, Posições 07.11, 08.12 e 0814.00.00;PERMITIDO;;2026-01-01;;https://dfe-portal.svrs.rs.gov.br/DFE/TabelaClassificacaoTributaria
200034;VII;Frutas, produtos hortícolas e demais produtos vegetais, sem adição de açúcar ou de outros edulcorantes, classificados nos capítulos 7 e 8 da NCM/SH, ressalvados as frutas de casca rija não regionais e os produtos relacionados nos Anexos I e XV e excetuadas as posições 07.11, 08.12 e 0814.00.00;NCM;08134010;ALIMENTOS DESTINADOS AO CONSUMO HUMANO;Frutas de casca rija não regionais, produtos relacionados nos Anexos I e XV, Posições 07.11, 08.12 e 0814.00.00;PERMITIDO;;2026-01-01;;https://dfe-portal.svrs.rs.gov.br/DFE/TabelaClassificacaoTributaria
200034;VII;Frutas, produtos hortícolas e demais produtos vegetais, sem adição de açúcar ou de outros edulcorantes, classificados nos capítulos 7 e 8 da NCM/SH, ressalvados as frutas de casca rija não regionais e os produtos relacionados nos Anexos I e XV e excetuadas as posições 07.11, 08.12 e 0814.00.00;NCM;08134090;ALIMENTOS DESTINADOS AO CONSUMO HUMANO;Frutas de casca rija não regionais, produtos relacionados nos Anexos I e XV, Posições 07.11, 08.12 e 0814.00.00;PERMITIDO;;2026-01-01;;https://dfe-portal.svrs.rs.gov.br/DFE/TabelaClassificacaoTributaria
200034;VII;Frutas, produtos hortícolas e demais produtos vegetais, sem adição de açúcar ou de outros edulcorantes, classificados nos capítulos 7 e 8 da NCM/SH, ressalvados as frutas de casca rija não regionais e os produtos relacionados nos Anexos I e XV e excetuadas as posições 07.11, 08.12 e 0814.00.00;NCM;08135000;ALIMENTOS DESTINADOS AO CONSUMO HUMANO;Frutas de casca rija não regionais, produtos relacionados nos Anexos I e XV, Posições 07.11, 08.12 e 0814.00.00;PERMITIDO;;2026-01-01;;https://dfe-portal.svrs.rs.gov.br/DFE/TabelaClassificacaoTributaria
200034;VII;Frutas, produtos hortícolas e demais produtos vegetais, sem adição de açúcar ou de outros edulcorantes, classificados nos capítulos 7 e 8 da NCM/SH, ressalvados as frutas de casca rija não regionais e os produtos relacionados nos Anexos I e XV e excetuadas as posições 07.11, 08.12 e 0814.00.00;NCM;08011100;;Frutas de casca rija não regionais, produtos relacionados nos Anexos I e XV, Posições 07.11, 08.12 e 0814.00.00;VEDADO;Listado no Anexo XV;2026-01-01;;https://dfe-portal.svrs.rs.gov.br/DFE/TabelaClassificacaoTributaria
200034;VII;Frutas, produtos hortícolas e demais produtos vegetais, sem adição de açúcar ou de outros edulcorantes, classificados nos capítulos 7 e 8 da NCM/SH, ressalvados as frutas de casca rija não regionais e os produtos relacionados nos Anexos I e XV e excetuadas as posições 07.11, 08.12 e 0814.00.00;NCM;08011200;;Frutas de casca rija não regionais, produtos relacionados nos Anexos I e XV, Posições 07.11, 08.12 e 0814.00.00;VEDADO;Listado no Anexo XV;2026-01-01;;https://dfe-portal.svrs.rs.gov.br/DFE/TabelaClassificacaoTributaria
200034;VII;Frutas, produtos hortícolas e demais produtos vegetais, sem adição de açúcar ou de outros edulcorantes, classificados nos capítulos 7 e 8 da NCM/SH, ressalvados as frutas de casca rija não regionais e os produtos relacionados nos Anexos I e XV e excetuadas as posições 07.11, 08.12 e 0814.00.00;NCM;08011900;;Frutas de casca rija não regionais, produtos relacionados nos Anexos I e XV, Posições 07.11, 08.12 e 0814.00.00;VEDADO;Listado no Anexo XV;2026-01-01;;https://dfe-portal.svrs.rs.gov.br/DFE/TabelaClassificacaoTributaria
200034;VII;Frutas, produtos hortícolas e demais produtos vegetais, sem adição de açúcar ou de outros edulcorantes, classificados nos capítulos 7 e 8 da NCM/SH, ressalvados as frutas de casca rija não regionais e os produtos relacionados nos Anexos I e XV e excetuadas as posições 07.11, 08.12 e 0814.00.00;NCM;08021100;;Frutas de casca rija não regionais, produtos relacionados nos Anexos I e XV, Posições 07.11, 08.12 e 0814.00.00;VEDADO;FRUTA DE CASCA RIJA NÃO REGIONAL;2026-01-01;;https://dfe-portal.svrs.rs.gov.br/DFE/TabelaClassificacaoTributaria
200034;VII;Frutas, produtos hortícolas e demais produtos vegetais, sem adição de açúcar ou de outros edulcorantes, classificados nos capítulos 7 e 8 da NCM/SH, ressalvados as frutas de casca rija não regionais e os produtos relacionados nos Anexos I e XV e excetuadas as posições 07.11, 08.12 e 0814.00.00;NCM;08021200;;Frutas de casca rija não regionais, produtos relacionados nos Anexos I e XV, Posições 07.11, 08.12 e 0814.00.00;VEDADO;FRUTA DE CASCA RIJA NÃO REGIONAL;2026-01-01;;https://dfe-portal.svrs.rs.gov.br/DFE/TabelaClassificacaoTributaria
200034;VII;Frutas, produtos hortícolas e demais produtos vegetais, sem adição de açúcar ou de outros edulcorantes, classificados nos capítulos 7 e 8 da NCM/SH, ressalvados as frutas de casca rija não regionais e os produtos relacionados nos Anexos I e XV e excetuadas as posições 07.11, 08.12 e 0814.00.00;NCM;08022100;;Frutas de casca rija não regionais, produtos relacionados nos Anexos I e XV, Posições 07.11, 08.12 e 0814.00.00;VEDADO;FRUTA DE CASCA RIJA NÃO REGIONAL;2026-01-01;;https://dfe-portal.svrs.rs.gov.br/DFE/TabelaClassificacaoTributaria
200034;VII;Frutas, produtos hortícolas e demais produtos vegetais, sem adição de açúcar ou de outros edulcorantes, classificados nos capítulos 7 e 8 da NCM/SH, ressalvados as frutas de casca rija não regionais e os produtos relacionados nos Anexos I e XV e excetuadas as posições 07.11, 08.12 e 0814.00.00;NCM;08023100;;Frutas de casca rija não regionais, produtos relacionados nos Anexos I e XV, Posições 07.11, 08.12 e 0814.00.00;VEDADO;FRUTA DE CASCA RIJA NÃO REGIONAL;2026-01-01;;https://dfe-portal.svrs.rs.gov.br/DFE/TabelaClassificacaoTributaria
200034;VII;Frutas, produtos hortícolas e demais produtos vegetais, sem adição de açúcar ou de outros edulcorantes, classificados nos capítulos 7 e 8 da NCM/SH, ressalvados as frutas de casca rija não regionais e os produtos relacionados nos Anexos I e XV e excetuadas as posições 07.11, 08.12 e 0814.00.00;NCM;08023200;;Frutas de casca rija não regionais, produtos relacionados nos Anexos I e XV, Posições 07.11, 08.12 e 0814.00.00;VEDADO;FRUTA DE CASCA RIJA NÃO REGIONAL;2026-01-01;;https://dfe-portal.svrs.rs.gov.br/DFE/TabelaClassificacaoTributaria
200034;VII;Frutas, produtos hortícolas e demais produtos vegetais, sem adição de açúcar ou de outros edulcorantes, classificados nos capítulos 7 e 8 da NCM/SH, ressalvados as frutas de casca rija não regionais e os produtos relacionados nos Anexos I e XV e excetuadas as posições 07.11, 08.12 e 0814.00.00;NCM;08024100;;Frutas de casca rija não regionais, produtos relacionados nos Anexos I e XV, Posições 07.11, 08.12 e 0814.00.00;VEDADO;FRUTA DE CASCA RIJA NÃO REGIONAL;2026-01-01;;https://dfe-portal.svrs.rs.gov.br/DFE/TabelaClassificacaoTributaria
200034;VII;Frutas, produtos hortícolas e demais produtos vegetais, sem adição de açúcar ou de outros edulcorantes, classificados nos capítulos 7 e 8 da NCM/SH, ressalvados as frutas de casca rija não regionais e os produtos relacionados nos Anexos I e XV e excetuadas as posições 07.11, 08.12 e 0814.00.00;NCM;08025100;;Frutas de casca rija não regionais, produtos relacionados nos Anexos I e XV, Posições 07.11, 08.12 e 0814.00.00;VEDADO;FRUTA DE CASCA RIJA NÃO REGIONAL;2026-01-01;;https://dfe-portal.svrs.rs.gov.br/DFE/TabelaClassificacaoTributaria
200034;VII;Frutas, produtos hortícolas e demais produtos vegetais, sem adição de açúcar ou de outros edulcorantes, classificados nos capítulos 7 e 8 da NCM/SH, ressalvados as frutas de casca rija não regionais e os produtos relacionados nos Anexos I e XV e excetuadas as posições 07.11, 08.12 e 0814.00.00;NCM;08026100;;Frutas de casca rija não regionais, produtos relacionados nos Anexos I e XV, Posições 07.11, 08.12 e 0814.00.00;VEDADO;FRUTA DE CASCA RIJA NÃO REGIONAL;2026-01-01;;https://dfe-portal.svrs.rs.gov.br/DFE/TabelaClassificacaoTributaria
200034;VII;Frutas, produtos hortícolas e demais produtos vegetais, sem adição de açúcar ou de outros edulcorantes, classificados nos capítulos 7 e 8 da NCM/SH, ressalvados as frutas de casca rija não regionais e os produtos relacionados nos Anexos I e XV e excetuadas as posições 07.11, 08.12 e 0814.00.00;NCM;08027000;;Frutas de casca rija não regionais, produtos relacionados nos Anexos I e XV, Posições 07.11, 08.12 e 0814.00.00;VEDADO;FRUTA DE CASCA RIJA NÃO REGIONAL;2026-01-01;;https://dfe-portal.svrs.rs.gov.br/DFE/TabelaClassificacaoTributaria
200034;VII;Frutas, produtos hortícolas e demais produtos vegetais, sem adição de açúcar ou de outros edulcorantes, classificados nos capítulos 7 e 8 da NCM/SH, ressalvados as frutas de casca rija não regionais e os produtos relacionados nos Anexos I e XV e excetuadas as posições 07.11, 08.12 e 0814.00.00;NCM;08028000;;Frutas de casca rija não regionais, produtos relacionados nos Anexos I e XV, Posições 07.11, 08.12 e 0814.00.00;VEDADO;FRUTA DE CASCA RIJA NÃO REGIONAL;2026-01-01;;https://dfe-portal.svrs.rs.gov.br/DFE/TabelaClassificacaoTributaria
200034;VII;Frutas, produtos hortícolas e demais produtos vegetais, sem adição de açúcar ou de outros edulcorantes, classificados nos capítulos 7 e 8 da NCM/SH, ressalvados as frutas de casca rija não regionais e os produtos relacionados nos Anexos I e XV e excetuadas as posições 07.11, 08.12 e 0814.00.00;NCM;08029100;;Frutas de casca rija não regionais, produtos relacionados nos Anexos I e XV, Posições 07.11, 08.12 e 0814.00.00;VEDADO;FRUTA DE CASCA RIJA NÃO REGIONAL;2026-01-01;;https://dfe-portal.svrs.rs.gov.br/DFE/TabelaClassificacaoTributaria
200034;VII;Frutas, produtos hortícolas e demais produtos vegetais, sem adição de açúcar ou de outros edulcorantes, classificados nos capítulos 7 e 8 da NCM/SH, ressalvados as frutas de casca rija não regionais e os produtos relacionados nos Anexos I e XV e excetuadas as posições 07.11, 08.12 e 0814.00.00;NCM;08029900;;Frutas de casca rija não regionais, produtos relacionados nos Anexos I e XV, Posições 07.11, 08.12 e 0814.00.00;VEDADO;FRUTA DE CASCA RIJA NÃO REGIONAL;2026-01-01;;https://dfe-portal.svrs.rs.gov.br/DFE/TabelaClassificacaoTributaria
200034;VII;Frutas, produtos hortícolas e demais produtos vegetais, sem adição de açúcar ou de outros edulcorantes, classificados nos capítulos 7 e 8 da NCM/SH, ressalvados as frutas de casca rija não regionais e os produtos relacionados nos Anexos I e XV e excetuadas as posições 07.11, 08.12 e 0814.00.00;NCM;08031000;;Frutas de casca rija não regionais, produtos relacionados nos Anexos I e XV, Posições 07.11, 08.12 e 0814.00.00;VEDADO;Listado no Anexo XV;2026-01-01;;https://dfe-portal.svrs.rs.gov.br/DFE/TabelaClassificacaoTributaria
200034;VII;Frutas, produtos hortícolas e demais produtos vegetais, sem adição de açúcar ou de outros edulcorantes, classificados nos capítulos 7 e 8 da NCM/SH, ressalvados as frutas de casca rija não regionais e os produtos relacionados nos Anexos I e XV e excetuadas as posições 07.11, 08.12 e 0814.00.00;NCM;08039000;;Frutas de casca rija não regionais, produtos relacionados nos Anexos I e XV, Posições 07.11, 08.12 e 0814.00.00;VEDADO;Listado no Anexo XV;2026-01-01;;https://dfe-portal.svrs.rs.gov.br/DFE/TabelaClassificacaoTributaria
200034;VII;Frutas, produtos hortícolas e demais produtos vegetais, sem adição de açúcar ou de outros edulcorantes, classificados nos capítulos 7 e 8 da NCM/SH, ressalvados as frutas de casca rija não regionais e os produtos relacionados nos Anexos I e XV e excetuadas as posições 07.11, 08.12 e 0814.00.00;NCM;08041010;;Frutas de casca rija não regionais, produtos relacionados nos Anexos I e XV, Posições 07.11, 08.12 e 0814.00.00;VEDADO;Listado no Anexo XV;2026-01-01;;https://dfe-portal.svrs.rs.gov.br/DFE/TabelaClassificacaoTributaria
200034;VII;Frutas, produtos hortícolas e demais produtos vegetais, sem adição de açúcar ou de outros edulcorantes, classificados nos capítulos 7 e 8 da NCM/SH, ressalvados as frutas de casca rija não regionais e os produtos relacionados nos Anexos I e XV e excetuadas as posições 07.11, 08.12 e 0814.00.00;NCM;08041020;;Frutas de casca rija não regionais, produtos relacionados nos Anexos I e XV, Posições 07.11, 08.12 e 0814.00.00;VEDADO;Listado no Anexo XV;2026-01-01;;https://dfe-portal.svrs.rs.gov.br/DFE/TabelaClassificacaoTributaria
200034;VII;Frutas, produtos hortícolas e demais produtos vegetais, sem adição de açúcar ou de outros edulcorantes, classificados nos capítulos 7 e 8 da NCM/SH, ressalvados as frutas de casca rija não regionais e os produtos relacionados nos Anexos I e XV e excetuadas as posições 07.11, 08.12 e 0814.00.00;NCM;08042010;;Frutas de casca rija não regionais, produtos relacionados nos Anexos I e XV, Posições 07.11, 08.12 e 0814.00.00;VEDADO;Listado no Anexo XV;2026-01-01;;https://dfe-portal.svrs.rs.gov.br/DFE/TabelaClassificacaoTributaria
200034;VII;Frutas, produtos hortícolas e demais produtos vegetais, sem adição de açúcar ou de outros edulcorantes, classificados nos capítulos 7 e 8 da NCM/SH, ressalvados as frutas de casca rija não regionais e os produtos relacionados nos Anexos I e XV e excetuadas as posições 07.11, 08.12 e 0814.00.00;NCM;08042020;;Frutas de casca rija não regionais, produtos relacionados nos Anexos I e XV, Posições 07.11, 08.12 e 0814.00.00;VEDADO;Listado no Anexo XV;2026-01-01;;https://dfe-portal.svrs.rs.gov.br/DFE/TabelaClassificacaoTributaria
200034;VII;Frutas, produtos hortícolas e demais produtos vegetais, sem adição de açúcar ou de outros edulcorantes, classificados nos capítulos 7 e 8 da NCM/SH, ressalvados as frutas de casca rija não regionais e os produtos relacionados nos Anexos I e XV e excetuadas as posições 07.11, 08.12 e 0814.00.00;NCM;08043000;;Frutas de casca rija não regionais, produtos relacionados nos Anexos I e XV, Posições 07.11, 08.12 e 0814.00.00;VEDADO;Listado no Anexo XV;2026-01-01;;https://dfe-portal.svrs.rs.gov.br/DFE/TabelaClassificacaoTributaria
200034;VII;Frutas, produtos hortícolas e demais produtos vegetais, sem adição de açúcar ou de outros edulcorantes, classificados nos capítulos 7 e 8 da NCM/SH, ressalvados as frutas de casca rija não regionais e os produtos relacionados nos Anexos I e XV e excetuadas as posições 07.11, 08.12 e 0814.00.00;NCM;08044000;;Frutas de casca rija não regionais, produtos relacionados nos Anexos I e XV, Posições 07.11, 08.12 e 0814.00.00;VEDADO;Listado no Anexo XV;2026-01-01;;https://dfe-portal.svrs.rs.gov.br/DFE/TabelaClassificacaoTributaria
200034;VII;Frutas, produtos hortícolas e demais produtos vegetais, sem adição de açúcar ou de outros edulcorantes, classificados nos capítulos 7 e 8 da NCM/SH, ressalvados as frutas de casca rija não regionais e os produtos relacionados nos Anexos I e XV e excetuadas as posições 07.11, 08.12 e 0814.00.00;NCM;08045010;;Frutas de casca rija não regionais, produtos relacionados nos Anexos I e XV, Posições 07.11, 08.12 e 0814.00.00;VEDADO;Listado no Anexo XV;2026-01-01;;https://dfe-portal.svrs.rs.gov.br/DFE/TabelaClassificacaoTributaria
200034;VII;Frutas, produtos hortícolas e demais produtos vegetais, sem adição de açúcar ou de outros edulcorantes, classificados nos capítulos 7 e 8 da NCM/SH, ressalvados as frutas de casca rija não regionais e os produtos relacionados nos Anexos I e XV e excetuadas as posições 07.11, 08.12 e 0814.00.00;NCM;08045020;;Frutas de casca rija não regionais, produtos relacionados nos Anexos I e XV, Posições 07.11, 08.12 e 0814.00.00;VEDADO;Listado no Anexo XV;2026-01-01;;https://dfe-portal.svrs.rs.gov.br/DFE/TabelaClassificacaoTributaria
200034;VII;Frutas, produtos hortícolas e demais produtos vegetais, sem adição de açúcar ou de outros edulcorantes, classificados nos capítulos 7 e 8 da NCM/SH, ressalvados as frutas de casca rija não regionais e os produtos relacionados nos Anexos I e XV e excetuadas as posições 07.11, 08.12 e 0814.00.00;NCM;08045030;;Frutas de casca rija não regionais, produtos relacionados nos Anexos I e XV, Posições 07.11, 08.12 e 0814.00.00;VEDADO;Listado no Anexo XV;2026-01-01;;https://dfe-portal.svrs.rs.gov.br/DFE/TabelaClassificacaoTributaria
200034;VII;Frutas, produtos hortícolas e demais produtos vegetais, sem adição de açúcar ou de outros edulcorantes, classificados nos capítulos 7 e 8 da NCM/SH, ressalvados as frutas de casca rija não regionais e os produtos relacionados nos Anexos I e XV e excetuadas as posições 07.11, 08.12 e 0814.00.00;NCM;08051000;;Frutas de casca rija não regionais, produtos relacionados nos Anexos I e XV, Posições 07.11, 08.12 e 0814.00.00;VEDADO;Listado no Anexo XV;2026-01-01;;https://dfe-portal.svrs.rs.gov.br/DFE/TabelaClassificacaoTributaria
200034;VII;Frutas, produtos hortícolas e demais produtos vegetais, sem adição de açúcar ou de outros edulcorantes, classificados nos capítulos 7 e 8 da NCM/SH, ressalvados as frutas de casca rija não regionais e os produtos relacionados nos Anexos I e XV e excetuadas as posições 07.11, 08.12 e 0814.00.00;NCM;08052100;;Frutas de casca rija não regionais, produtos relacionados nos Anexos I e XV, Posições 07.11, 08.12 e 0814.00.00;VEDADO;Listado no Anexo XV;2026-01-01;;https://dfe-portal.svrs.rs.gov.br/DFE/TabelaClassificacaoTributaria
200034;VII;Frutas, produtos hortícolas e demais produtos vegetais, sem adição de açúcar ou de outros edulcorantes, classificados nos capítulos 7 e 8 da NCM/SH, ressalvados as frutas de casca rija não regionais e os produtos relacionados nos Anexos I e XV e excetuadas as posições 07.11, 08.12 e 0814.00.00;NCM;08052200;;Frutas de casca rija não regionais, produtos relacionados nos Anexos I e XV, Posições 07.11, 08.12 e 0814.00.00;VEDADO;Listado no Anexo XV;2026-01-01;;https://dfe-portal.svrs.rs.gov.br/DFE/TabelaClassificacaoTributaria
200034;VII;Frutas, produtos hortícolas e demais produtos vegetais, sem adição de açúcar ou de outros edulcorantes, classificados nos capítulos 7 e 8 da NCM/SH, ressalvados as frutas de casca rija não regionais e os produtos relacionados nos Anexos I e XV e excetuadas as posições 07.11, 08.12 e 0814.00.00;NCM;08052900;;Frutas de casca rija não regionais, produtos relacionados nos Anexos I e XV, Posições 07.11, 08.12 e 0814.00.00;VEDADO;Listado no Anexo XV;2026-01-01;;https://dfe-portal.svrs.rs.gov.br/DFE/TabelaClassificacaoTributaria
200034;VII;Frutas, produtos hortícolas e demais produtos vegetais, sem adição de açúcar ou de outros edulcorantes, classificados nos capítulos 7 e 8 da NCM/SH, ressalvados as frutas de casca rija não regionais e os produtos relacionados nos Anexos I e XV e excetuadas as posições 07.11, 08.12 e 0814.00.00;NCM;08054000;;Frutas de casca rija não regionais, produtos relacionados nos Anexos I e XV, Posições 07.11, 08.12 e 0814.00.00;VEDADO;Listado no Anexo XV;2026-01-01;;https://dfe-portal.svrs.rs.gov.br/DFE/TabelaClassificacaoTributaria
200034;VII;Frutas, produtos hortícolas e demais produtos vegetais, sem adição de açúcar ou de outros edulcorantes, classificados nos capítulos 7 e 8 da NCM/SH, ressalvados as frutas de casca rija não regionais e os produtos relacionados nos Anexos I e XV e excetuadas as posições 07.11, 08.12 e 0814.00.00;NCM;08055000;;Frutas de casca rija não regionais, produtos relacionados nos Anexos I e XV, Posições 07.11, 08.12 e 0814.00.00;VEDADO;Listado no Anexo XV;2026-01-01;;https://dfe-portal.svrs.rs.gov.br/DFE/TabelaClassificacaoTributaria
200034;VII;Frutas, produtos hortícolas e demais produtos vegetais, sem adição de açúcar ou de outros edulcorantes, classificados nos capítulos 7 e 8 da NCM/SH, ressalvados as frutas de casca rija não regionais e os produtos relacionados nos Anexos I e XV e excetuadas as posições 07.11, 08.12 e 0814.00.00;NCM;08059000;;Frutas de casca rija não regionais, produtos relacionados nos Anexos I e XV, Posições 07.11, 08.12 e 0814.00.00;VEDADO;Listado no Anexo XV;2026-01-01;;https://dfe-portal.svrs.rs.gov.br/DFE/TabelaClassificacaoTributaria
200034;VII;Frutas, produtos hortícolas e demais produtos vegetais, sem adição de açúcar ou de outros edulcorantes, classificados nos capítulos 7 e 8 da NCM/SH, ressalvados as frutas de casca rija não regionais e os produtos relacionados nos Anexos I e XV e excetuadas as posições 07.11, 08.12 e 0814.00.00;NCM;08061000;;Frutas de casca rija não regionais, produtos relacionados nos Anexos I e XV, Posições 07.11, 08.12 e 0814.00.00;VEDADO;Listado no Anexo XV;2026-01-01;;https://dfe-portal.svrs.rs.gov.br/DFE/TabelaClassificacaoTributaria
200034;VII;Frutas, produtos hortícolas e demais produtos vegetais, sem adição de açúcar ou de outros edulcorantes, classificados nos capítulos 7 e 8 da NCM/SH, ressalvados as frutas de casca rija não regionais e os produtos relacionados nos Anexos I e XV e excetuadas as posições 07.11, 08.12 e 0814.00.00;NCM;08062000;;Frutas de casca rija não regionais, produtos relacionados nos Anexos I e XV, Posições 07.11, 08.12 e 0814.00.00;VEDADO;Listado no Anexo XV;2026-01-01;;https://dfe-portal.svrs.rs.gov.br/DFE/TabelaClassificacaoTributaria
200034;VII;Frutas, produtos hortícolas e demais produtos vegetais, sem adição de açúcar ou de outros edulcorantes, classificados nos capítulos 7 e 8 da NCM/SH, ressalvados as frutas de casca rija não regionais e os produtos relacionados nos Anexos I e XV e excetuadas as posições 07.11, 08.12 e 0814.00.00;NCM;08071100;;Frutas de casca rija não regionais, produtos relacionados nos Anexos I e XV, Posições 07.11, 08.12 e 0814.00.00;VEDADO;Listado no Anexo XV;2026-01-01;;https://dfe-portal.svrs.rs.gov.br/DFE/TabelaClassificacaoTributaria
200034;VII;Frutas, produtos hortícolas e demais produtos vegetais, sem adição de açúcar ou de outros edulcorantes, classificados nos capítulos 7 e 8 da NCM/SH, ressalvados as frutas de casca rija não regionais e os produtos relacionados nos Anexos I e XV e excetuadas as posições 07.11, 08.12 e 0814.00.00;NCM;08071900;;Frutas de casca rija não regionais, produtos relacionados nos Anexos I e XV, Posições 07.11, 08.12 e 0814.00.00;VEDADO;Listado no Anexo XV;2026-01-01;;https://dfe-portal.svrs.rs.gov.br/DFE/TabelaClassificacaoTributaria
200034;VII;Frutas, produtos hortícolas e demais produtos vegetais, sem adição de açúcar ou de outros edulcorantes, classificados nos capítulos 7 e 8 da NCM/SH, ressalvados as frutas de casca rija não regionais e os produtos relacionados nos Anexos I e XV e excetuadas as posições 07.11, 08.12 e 0814.00.00;NCM;08072000;;Frutas de casca rija não regionais, produtos relacionados nos Anexos I e XV, Posições 07.11, 08.12 e 0814.00.00;VEDADO;Listado no Anexo XV;2026-01-01;;https://dfe-portal.svrs.rs.gov.br/DFE/TabelaClassificacaoTributaria
200034;VII;Frutas, produtos hortícolas e demais produtos vegetais, sem adição de açúcar ou de outros edulcorantes, classificados nos capítulos 7 e 8 da NCM/SH, ressalvados as frutas de casca rija não regionais e os produtos relacionados nos Anexos I e XV e excetuadas as posições 07.11, 08.12 e 0814.00.00;NCM;08081000;;Frutas de casca rija não regionais, produtos relacionados nos Anexos I e XV, Posições 07.11, 08.12 e 0814.00.00;VEDADO;Listado no Anexo XV;2026-01-01;;https://dfe-portal.svrs.rs.gov.br/DFE/TabelaClassificacaoTributaria
200034;VII;Frutas, produtos hortícolas e demais produtos vegetais, sem adição de açúcar ou de outros edulcorantes, classificados nos capítulos 7 e 8 da NCM/SH, ressalvados as frutas de casca rija não regionais e os produtos relacionados nos Anexos I e XV e excetuadas as posições 07.11, 08.12 e 0814.00.00;NCM;08083000;;Frutas de casca rija não regionais, produtos relacionados nos Anexos I e XV, Posições 07.11, 08.12 e 0814.00.00;VEDADO;Listado no Anexo XV;2026-01-01;;https://dfe-portal.svrs.rs.gov.br/DFE/TabelaClassificacaoTributaria
200034;VII;Frutas, produtos hortícolas e demais produtos vegetais, sem adição de açúcar ou de outros edulcorantes, classificados nos capítulos 7 e 8 da NCM/SH, ressalvados as frutas de casca rija não regionais e os produtos relacionados nos Anexos I e XV e excetuadas as posições 07.11, 08.12 e 0814.00.00;NCM;08084000;;Frutas de casca rija não regionais, produtos relacionados nos Anexos I e XV, Posições 07.11, 08.12 e 0814.00.00;VEDADO;Listado no Anexo XV;2026-01-01;;https://dfe-portal.svrs.rs.gov.br/DFE/TabelaClassificacaoTributaria
200034;VII;Frutas, produtos hortícolas e demais produtos vegetais, sem adição de açúcar ou de outros edulcorantes, classificados nos capítulos 7 e 8 da NCM/SH, ressalvados as frutas de casca rija não regionais e os produtos relacionados nos Anexos I e XV e excetuadas as posições 07.11, 08.12 e 0814.00.00;NCM;08091000;;Frutas de casca rija não regionais, produtos relacionados nos Anexos I e XV, Posições 07.11, 08.12 e 0814.00.00;VEDADO;Listado no Anexo XV;2026-01-01;;https://dfe-portal.svrs.rs.gov.br/DFE/TabelaClassificacaoTributaria
200034;VII;Frutas, produtos hortícolas e demais produtos vegetais, sem adição de açúcar ou de outros edulcorantes, classificados nos capítulos 7 e 8 da NCM/SH, ressalvados as frutas de casca rija não regionais e os produtos relacionados nos Anexos I e XV e excetuadas as posições 07.11, 08.12 e 0814.00.00;NCM;08092100;;Frutas de casca rija não regionais, produtos relacionados nos Anexos I e XV, Posições 07.11, 08.12 e 0814.00.00;VEDADO;Listado no Anexo XV;2026-01-01;;https://dfe-portal.svrs.rs.gov.br/DFE/TabelaClassificacaoTributaria
200034;VII;Frutas, produtos hortícolas e demais produtos vegetais, sem adição de açúcar ou de outros edulcorantes, classificados nos capítulos 7 e 8 da NCM/SH, ressalvados as frutas de casca rija não regionais e os produtos relacionados nos Anexos I e XV e excetuadas as posições 07.11, 08.12 e 0814.00.00;NCM;08092900;;Frutas de casca rija não regionais, produtos relacionados nos Anexos I e XV, Posições 07.11, 08.12 e 0814.00.00;VEDADO;Listado no Anexo XV;2026-01-01;;https://dfe-portal.svrs.rs.gov.br/DFE/TabelaClassificacaoTributaria
200034;VII;Frutas, produtos hortícolas e demais produtos vegetais, sem adição de açúcar ou de outros edulcorantes, classificados nos capítulos 7 e 8 da NCM/SH, ressalvados as frutas de casca rija não regionais e os produtos relacionados nos Anexos I e XV e excetuadas as posições 07.11, 08.12 e 0814.00.00;NCM;08093010;;Frutas de casca rija não regionais, produtos relacionados nos Anexos I e XV, Posições 07.11, 08.12 e 0814.00.00;VEDADO;Listado no Anexo XV;2026-01-01;;https://dfe-portal.svrs.rs.gov.br/DFE/TabelaClassificacaoTributaria
200034;VII;Frutas, produtos hortícolas e demais produtos vegetais, sem adição de açúcar ou de outros edulcorantes, classificados nos capítulos 7 e 8 da NCM/SH, ressalvados as frutas de casca rija não regionais e os produtos relacionados nos Anexos I e XV e excetuadas as posições 07.11, 08.12 e 0814.00.00;NCM;08093020;;Frutas de casca rija não regionais, produtos relacionados nos Anexos I e XV, Posições 07.11, 08.12 e 0814.00.00;VEDADO;Listado no Anexo XV;2026-01-01;;https://dfe-portal.svrs.rs.gov.br/DFE/TabelaClassificacaoTributaria
200034;VII;Frutas, produtos hortícolas e demais produtos vegetais, sem adição de açúcar ou de outros edulcorantes, classificados nos capítulos 7 e 8 da NCM/SH, ressalvados as frutas de casca rija não regionais e os produtos relacionados nos Anexos I e XV e excetuadas as posições 07.11, 08.12 e 0814.00.00;NCM;08094000;;Frutas de casca rija não regionais, produtos relacionados nos Anexos I e XV, Posições 07.11, 08.12 e 0814.00.00;VEDADO;Listado no Anexo XV;2026-01-01;;https://dfe-portal.svrs.rs.gov.br/DFE/TabelaClassificacaoTributaria
200034;VII;Frutas, produtos hortícolas e demais produtos vegetais, sem adição de açúcar ou de outros edulcorantes, classificados nos capítulos 7 e 8 da NCM/SH, ressalvados as frutas de casca rija não regionais e os produtos relacionados nos Anexos I e XV e excetuadas as posições 07.11, 08.12 e 0814.00.00;NCM;08101000;;Frutas de casca rija não regionais, produtos relacionados nos Anexos I e XV, Posições 07.11, 08.12 e 0814.00.00;VEDADO;Listado no Anexo XV;2026-01-01;;https://dfe-portal.svrs.rs.gov.br/DFE/TabelaClassificacaoTributaria
200034;VII;Frutas, produtos hortícolas e demais produtos vegetais, sem adição de açúcar ou de outros edulcorantes, classificados nos capítulos 7 e 8 da NCM/SH, ressalvados as frutas de casca rija não regionais e os produtos relacionados nos Anexos I e XV e excetuadas as posições 07.11, 08.12 e 0814.00.00;NCM;08102000;;Frutas de casca rija não regionais, produtos relacionados nos Anexos I e XV, Posições 07.11, 08.12 e 0814.00.00;VEDADO;Listado no Anexo XV;2026-01-01;;https://dfe-portal.svrs.rs.gov.br/DFE/TabelaClassificacaoTributaria
200034;VII;Frutas, produtos hortícolas e demais produtos vegetais, sem adição de açúcar ou de outros edulcorantes, classificados nos capítulos 7 e 8 da NCM/SH, ressalvados as frutas de casca rija não regionais e os produtos relacionados nos Anexos I e XV e excetuadas as posições 07.11, 08.12 e 0814.00.00;NCM;08103000;;Frutas de casca rija não regionais, produtos relacionados nos Anexos I e XV, Posições 07.11, 08.12 e 0814.00.00;VEDADO;Listado no Anexo XV;2026-01-01;;https://dfe-portal.svrs.rs.gov.br/DFE/TabelaClassificacaoTributaria
200034;VII;Frutas, produtos hortícolas e demais produtos vegetais, sem adição de açúcar ou de outros edulcorantes, classificados nos capítulos 7 e 8 da NCM/SH, ressalvados as frutas de casca rija não regionais e os produtos relacionados nos Anexos I e XV e excetuadas as posições 07.11, 08.12 e 0814.00.00;NCM;08104000;;Frutas de casca rija não regionais, produtos relacionados nos Anexos I e XV, Posições 07.11, 08.12 e 0814.00.00;VEDADO;Listado no Anexo XV;2026-01-01;;https://dfe-portal.svrs.rs.gov.br/DFE/TabelaClassificacaoTributaria
200034;VII;Frutas, produtos hortícolas e demais produtos vegetais, sem adição de açúcar ou de outros edulcorantes, classificados nos capítulos 7 e 8 da NCM/SH, ressalvados as frutas de casca rija não regionais e os produtos relacionados nos Anexos I e XV e excetuadas as posições 07.11, 08.12 e 0814.00.00;NCM;08105000;;Frutas de casca rija não regionais, produtos relacionados nos Anexos I e XV, Posições 07.11, 08.12 e 0814.00.00;VEDADO;Listado no Anexo XV;2026-01-01;;https://dfe-portal.svrs.rs.gov.br/DFE/TabelaClassificacaoTributaria
200034;VII;Frutas, produtos hortícolas e demais produtos vegetais, sem adição de açúcar ou de outros edulcorantes, classificados nos capítulos 7 e 8 da NCM/SH, ressalvados as frutas de casca rija não regionais e os produtos relacionados nos Anexos I e XV e excetuadas as posições 07.11, 08.12 e 0814.00.00;NCM;08106000;;Frutas de casca rija não regionais, produtos relacionados nos Anexos I e XV, Posições 07.11, 08.12 e 0814.00.00;VEDADO;Listado no Anexo XV;2026-01-01;;https://dfe-portal.svrs.rs.gov.br/DFE/TabelaClassificacaoTributaria
200034;VII;Frutas, produtos hortícolas e demais produtos vegetais, sem adição de açúcar ou de outros edulcorantes, classificados nos capítulos 7 e 8 da NCM/SH, ressalvados as frutas de casca rija não regionais e os produtos relacionados nos Anexos I e XV e excetuadas as posições 07.11, 08.12 e 0814.00.00;NCM;08107000;;Frutas de casca rija não regionais, produtos relacionados nos Anexos I e XV, Posições 07.11, 08.12 e 0814.00.00;VEDADO;Listado no Anexo XV;2026-01-01;;https://dfe-portal.svrs.rs.gov.br/DFE/TabelaClassificacaoTributaria
200034;VII;Frutas, produtos hortícolas e demais produtos vegetais, sem adição de açúcar ou de outros edulcorantes, classificados nos capítulos 7 e 8 da NCM/SH, ressalvados as frutas de casca rija não regionais e os produtos relacionados nos Anexos I e XV e excetuadas as posições 07.11, 08.12 e 0814.00.00;NCM;08109011;;Frutas de casca rija não regionais, produtos relacionados nos Anexos I e XV, Posições 07.11, 08.12 e 0814.00.00;VEDADO;Listado no Anexo XV;2026-01-01;;https://dfe-portal.svrs.rs.gov.br/DFE/TabelaClassificacaoTributaria
200034;VII;Frutas, produtos hortícolas e demais produtos vegetais, sem adição de açúcar ou de outros edulcorantes, classificados nos capítulos 7 e 8 da NCM/SH, ressalvados as frutas de casca rija não regionais e os produtos relacionados nos Anexos I e XV e excetuadas as posições 07.11, 08.12 e 0814.00.00;NCM;08109012;;Frutas de casca rija não regionais, produtos relacionados nos Anexos I e XV, Posições 07.11, 08.12 e 0814.00.00;VEDADO;Listado no Anexo XV;2026-01-01;;https://dfe-portal.svrs.rs.gov.br/DFE/TabelaClassificacaoTributaria
200034;VII;Frutas, produtos hortícolas e demais produtos vegetais, sem adição de açúcar ou de outros edulcorantes, classificados nos capítulos 7 e 8 da NCM/SH, ressalvados as frutas de casca rija não regionais e os produtos relacionados nos Anexos I e XV e excetuadas as posições 07.11, 08.12 e 0814.00.00;NCM;08109013;;Frutas de casca rija não regionais, produtos relacionados nos Anexos I e XV, Posições 07.11, 08.12 e 0814.00.00;VEDADO;Listado no Anexo XV;2026-01-01;;https://dfe-portal.svrs.rs.gov.br/DFE/TabelaClassificacaoTributaria
200034;VII;Frutas, produtos hortícolas e demais produtos vegetais, sem adição de açúcar ou de outros edulcorantes, classificados nos capítulos 7 e 8 da NCM/SH, ressalvados as frutas de casca rija não regionais e os produtos relacionados nos Anexos I e XV e excetuadas as posições 07.11, 08.12 e 0814.00.00;NCM;08109014;;Frutas de casca rija não regionais, produtos relacionados nos Anexos I e XV, Posições 07.11, 08.12 e 0814.00.00;VEDADO;Listado no Anexo XV;2026-01-01;;https://dfe-portal.svrs.rs.gov.br/DFE/TabelaClassificacaoTributaria
200034;VII;Frutas, produtos hortícolas e demais produtos vegetais, sem adição de açúcar ou de outros edulcorantes, classificados nos capítulos 7 e 8 da NCM/SH, ressalvados as frutas de casca rija não regionais e os produtos relacionados nos Anexos I e XV e excetuadas as posições 07.11, 08.12 e 0814.00.00;NCM;08109015;;Frutas de casca rija não regionais, produtos relacionados nos Anexos I e XV, Posições 07.11, 08.12 e 0814.00.00;VEDADO;Listado no Anexo XV;2026-01-01;;https://dfe-portal.svrs.rs.gov.br/DFE/TabelaClassificacaoTributaria
200034;VII;Frutas, produtos hortícolas e demais produtos vegetais, sem adição de açúcar ou de outros edulcorantes, classificados nos capítulos 7 e 8 da NCM/SH, ressalvados as frutas de casca rija não regionais e os produtos relacionados nos Anexos I e XV e excetuadas as posições 07.11, 08.12 e 0814.00.00;NCM;08109016;;Frutas de casca rija não regionais, produtos relacionados nos Anexos I e XV, Posições 07.11, 08.12 e 0814.00.00;VEDADO;Listado no Anexo XV;2026-01-01;;https://dfe-portal.svrs.rs.gov.br/DFE/TabelaClassificacaoTributaria
200034;VII;Frutas, produtos hortícolas e demais produtos vegetais, sem adição de açúcar ou de outros edulcorantes, classificados nos capítulos 7 e 8 da NCM/SH, ressalvados as frutas de casca rija não regionais e os produtos relacionados nos Anexos I e XV e excetuadas as posições 07.11, 08.12 e 0814.00.00;NCM;08109017;;Frutas de casca rija não regionais, produtos relacionados nos Anexos I e XV, Posições 07.11, 08.12 e 0814.00.00;VEDADO;Listado no Anexo XV;2026-01-01;;https://dfe-portal.svrs.rs.gov.br/DFE/TabelaClassificacaoTributaria
200034;VII;Frutas, produtos hortícolas e demais produtos vegetais, sem adição de açúcar ou de outros edulcorantes, classificados nos capítulos 7 e 8 da NCM/SH, ressalvados as frutas de casca rija não regionais e os produtos relacionados nos Anexos I e XV e excetuadas as posições 07.11, 08.12 e 0814.00.00;NCM;08109090;;Frutas de casca rija não regionais, produtos relacionados nos Anexos I e XV, Posições 07.11, 08.12 e 0814.00.00;VEDADO;Listado no Anexo XV;2026-01-01;;https://dfe-portal.svrs.rs.gov.br/DFE/TabelaClassificacaoTributaria
200034;VII;Frutas, produtos hortícolas e demais produtos vegetais, sem adição de açúcar ou de outros edulcorantes, classificados nos capítulos 7 e 8 da NCM/SH, ressalvados as frutas de casca rija não regionais e os produtos relacionados nos Anexos I e XV e excetuadas as posições 07.11, 08.12 e 0814.00.00;NCM;08111000;;Frutas de casca rija não regionais, produtos relacionados nos Anexos I e XV, Posições 07.11, 08.12 e 0814.00.00;VEDADO;Listado no Anexo XV;2026-01-01;;https://dfe-portal.svrs.rs.gov.br/DFE/TabelaClassificacaoTributaria
200034;VII;Frutas, produtos hortícolas e demais produtos vegetais, sem adição de açúcar ou de outros edulcorantes, classificados nos capítulos 7 e 8 da NCM/SH, ressalvados as frutas de casca rija não regionais e os produtos relacionados nos Anexos I e XV e excetuadas as posições 07.11, 08.12 e 0814.00.00;NCM;08112000;;Frutas de casca rija não regionais, produtos relacionados nos Anexos I e XV, Posições 07.11, 08.12 e 0814.00.00;VEDADO;Listado no Anexo XV;2026-01-01;;https://dfe-portal.svrs.rs.gov.br/DFE/TabelaClassificacaoTributaria
200034;VII;Frutas, produtos hortícolas e demais produtos vegetais, sem adição de açúcar ou de outros edulcorantes, classificados nos capítulos 7 e 8 da NCM/SH, ressalvados as frutas de casca rija não regionais e os produtos relacionados nos Anexos I e XV e excetuadas as posições 07.11, 08.12 e 0814.00.00;NCM;08119000;;Frutas de casca rija não regionais, produtos relacionados nos Anexos I e XV, Posições 07.11, 08.12 e 0814.00.00;VEDADO;Listado no Anexo XV;2026-01-01;;https://dfe-portal.svrs.rs.gov.br/DFE/TabelaClassificacaoTributaria
200034;VII;Frutas, produtos hortícolas e demais produtos vegetais, sem adição de açúcar ou de outros edulcorantes, classificados nos capítulos 7 e 8 da NCM/SH, ressalvados as frutas de casca rija não regionais e os produtos relacionados nos Anexos I e XV e excetuadas as posições 07.11, 08.12 e 0814.00.00;NCM;08121000;;Frutas de casca rija não regionais, produtos relacionados nos Anexos I e XV, Posições 07.11, 08.12 e 0814.00.00;VEDADO;Listado no Anexo XV;2026-01-01;;https://dfe-portal.svrs.rs.gov.br/DFE/TabelaClassificacaoTributaria
200034;VII;Frutas, produtos hortícolas e demais produtos vegetais, sem adição de açúcar ou de outros edulcorantes, classificados nos capítulos 7 e 8 da NCM/SH, ressalvados as frutas de casca rija não regionais e os produtos relacionados nos Anexos I e XV e excetuadas as posições 07.11, 08.12 e 0814.00.00;NCM;08129000;;Frutas de casca rija não regionais, produtos relacionados nos Anexos I e XV, Posições 07.11, 08.12 e 0814.00.00;VEDADO;Listado no Anexo XV;2026-01-01;;https://dfe-portal.svrs.rs.gov.br/DFE/TabelaClassificacaoTributaria
200034;VII;Frutas, produtos hortícolas e demais produtos vegetais, sem adição de açúcar ou de outros edulcorantes, classificados nos capítulos 7 e 8 da NCM/SH, ressalvados as frutas de casca rija não regionais e os produtos relacionados nos Anexos I e XV e excetuadas as posições 07.11, 08.12 e 0814.00.00;NCM;08140000;;Frutas de casca rija não regionais, produtos relacionados nos Anexos I e XV, Posições 07.11, 08.12 e 0814.00.00;VEDADO;;2026-01-01;;https://dfe-portal.svrs.rs.gov.br/DFE/TabelaClassificacaoTributaria
200034;VII;Cereais do capítulo 10 e sementes e frutos oleaginosos classificados no capítulo 12, ambos da NCM/SH, ressalvados os produtos relacionados no Anexo I;NCM;10011100;ALIMENTOS DESTINADOS AO CONSUMO HUMANO;Produtos relacionados no Anexo I;PERMITIDO;;2026-01-01;;https://dfe-portal.svrs.rs.gov.br/DFE/TabelaClassificacaoTributaria
200034;VII;Cereais do capítulo 10 e sementes e frutos oleaginosos classificados no capítulo 12, ambos da NCM/SH, ressalvados os produtos relacionados no Anexo I;NCM;10011900;ALIMENTOS DESTINADOS AO CONSUMO HUMANO;Produtos relacionados no Anexo I;PERMITIDO;;2026-01-01;;https://dfe-portal.svrs.rs.gov.br/DFE/TabelaClassificacaoTributaria
200034;VII;Cereais do capítulo 10 e sementes e frutos oleaginosos classificados no capítulo 12, ambos da NCM/SH, ressalvados os produtos relacionados no Anexo I;NCM;10019100;ALIMENTOS DESTINADOS AO CONSUMO HUMANO;Produtos relacionados no Anexo I;PERMITIDO;;2026-01-01;;https://dfe-portal.svrs.rs.gov.br/DFE/TabelaClassificacaoTributaria
200034;VII;Cereais do capítulo 10 e sementes e frutos oleaginosos classificados no capítulo 12, ambos da NCM/SH, ressalvados os produtos relacionados no Anexo I;NCM;10019900;ALIMENTOS DESTINADOS AO CONSUMO HUMANO;Produtos relacionados no Anexo I;PERMITIDO;;2026-01-01;;https://dfe-portal.svrs.rs.gov.br/DFE/TabelaClassificacaoTributaria
200034;VII;Cereais do capítulo 10 e sementes e frutos oleaginosos classificados no capítulo 12, ambos da NCM/SH, ressalvados os produtos relacionados no Anexo I;NCM;10021000;ALIMENTOS DESTINADOS AO CONSUMO HUMANO;Produtos relacionados no Anexo I;PERMITIDO;;2026-01-01;;https://dfe-portal.svrs.rs.gov.br/DFE/TabelaClassificacaoTributaria
200034;VII;Cereais do capítulo 10 e sementes e frutos oleaginosos classificados no capítulo 12, ambos da NCM/SH, ressalvados os produtos relacionados no Anexo I;NCM;10029000;ALIMENTOS DESTINADOS AO CONSUMO HUMANO;Produtos relacionados no Anexo I;PERMITIDO;;2026-01-01;;https://dfe-portal.svrs.rs.gov.br/DFE/TabelaClassificacaoTributaria
200034;VII;Cereais do capítulo 10 e sementes e frutos oleaginosos classificados no capítulo 12, ambos da NCM/SH, ressalvados os produtos relacionados no Anexo I;NCM;10031000;ALIMENTOS DESTINADOS AO CONSUMO HUMANO;Produtos relacionados no Anexo I;PERMITIDO;;2026-01-01;;https://dfe-portal.svrs.rs.gov.br/DFE/TabelaClassificacaoTributaria
200034;VII;Cereais do capítulo 10 e sementes e frutos oleaginosos classificados no capítulo 12, ambos da NCM/SH, ressalvados os produtos relacionados no Anexo I;NCM;10039010;ALIMENTOS DESTINADOS AO CONSUMO HUMANO;Produtos relacionados no Anexo I;PERMITIDO;;2026-01-01;;https://dfe-portal.svrs.rs.gov.br/DFE/TabelaClassificacaoTributaria
200034;VII;Cereais do capítulo 10 e sementes e frutos oleaginosos classificados no capítulo 12, ambos da NCM/SH, ressalvados os produtos relacionados no Anexo I;NCM;10039080;ALIMENTOS DESTINADOS AO CONSUMO HUMANO;Produtos relacionados no Anexo I;PERMITIDO;;2026-01-01;;https://dfe-portal.svrs.rs.gov.br/DFE/TabelaClassificacaoTributaria
200034;VII;Cereais do capítulo 10 e sementes e frutos oleaginosos classificados no capítulo 12, ambos da NCM/SH, ressalvados os produtos relacionados no Anexo I;NCM;10039090;ALIMENTOS DESTINADOS AO CONSUMO HUMANO;Produtos relacionados no Anexo I;PERMITIDO;;2026-01-01;;https://dfe-portal.svrs.rs.gov.br/DFE/TabelaClassificacaoTributaria
200034;VII;Cereais do capítulo 10 e sementes e frutos oleaginosos classificados no capítulo 12, ambos da NCM/SH, ressalvados os produtos relacionados no Anexo I;NCM;10041000;ALIMENTOS DESTINADOS AO CONSUMO HUMANO;Produtos relacionados no Anexo I;PERMITIDO;;2026-01-01;;https://dfe-portal.svrs.rs.gov.br/DFE/TabelaClassificacaoTributaria
200034;VII;Cereais do capítulo 10 e sementes e frutos oleaginosos classificados no capítulo 12, ambos da NCM/SH, ressalvados os produtos relacionados no Anexo I;NCM;10049000;ALIMENTOS DESTINADOS AO CONSUMO HUMANO;Produtos relacionados no Anexo I;PERMITIDO;;2026-01-01;;https://dfe-portal.svrs.rs.gov.br/DFE/TabelaClassificacaoTributaria
200034;VII;Cereais do capítulo 10 e sementes e frutos oleaginosos classificados no capítulo 12, ambos da NCM/SH, ressalvados os produtos relacionados no Anexo I;NCM;10051000;ALIMENTOS DESTINADOS AO CONSUMO HUMANO;Produtos relacionados no Anexo I;PERMITIDO;;2026-01-01;;https://dfe-portal.svrs.rs.gov.br/DFE/TabelaClassificacaoTributaria
200034;VII;Cereais do capítulo 10 e sementes e frutos oleaginosos classificados no capítulo 12, ambos da NCM/SH, ressalvados os produtos relacionados no Anexo I;NCM;10059010;ALIMENTOS DESTINADOS AO CONSUMO HUMANO;Produtos relacionados no Anexo I;PERMITIDO;;2026-01-01;;https://dfe-portal.svrs.rs.gov.br/DFE/TabelaClassificacaoTributaria
200034;VII;Cereais do capítulo 10 e sementes e frutos oleaginosos classificados no capítulo 12, ambos da NCM/SH, ressalvados os produtos relacionados no Anexo I;NCM;10059090;ALIMENTOS DESTINADOS AO CONSUMO HUMANO;Produtos relacionados no Anexo I;PERMITIDO;;2026-01-01;;https://dfe-portal.svrs.rs.gov.br/DFE/TabelaClassificacaoTributaria
200034;VII;Cereais do capítulo 10 e sementes e frutos oleaginosos classificados no capítulo 12, ambos da NCM/SH, ressalvados os produtos relacionados no Anexo I;NCM;10061010;ALIMENTOS DESTINADOS AO CONSUMO HUMANO;Produtos relacionados no Anexo I;PERMITIDO;;2026-01-01;;https://dfe-portal.svrs.rs.gov.br/DFE/TabelaClassificacaoTributaria
200034;VII;Cereais do capítulo 10 e sementes e frutos oleaginosos classificados no capítulo 12, ambos da NCM/SH, ressalvados os produtos relacionados no Anexo I;NCM;10061091;ALIMENTOS DESTINADOS AO CONSUMO HUMANO;Produtos relacionados no Anexo I;PERMITIDO;;2026-01-01;;https://dfe-portal.svrs.rs.gov.br/DFE/TabelaClassificacaoTributaria
200034;VII;Cereais do capítulo 10 e sementes e frutos oleaginosos classificados no capítulo 12, ambos da NCM/SH, ressalvados os produtos relacionados no Anexo I;NCM;10061092;ALIMENTOS DESTINADOS AO CONSUMO HUMANO;Produtos relacionados no Anexo I;PERMITIDO;;2026-01-01;;https://dfe-portal.svrs.rs.gov.br/DFE/TabelaClassificacaoTributaria
200034;VII;Cereais do capítulo 10 e sementes e frutos oleaginosos classificados no capítulo 12, ambos da NCM/SH, ressalvados os produtos relacionados no Anexo I;NCM;10071000;ALIMENTOS DESTINADOS AO CONSUMO HUMANO;Produtos relacionados no Anexo I;PERMITIDO;;2026-01-01;;https://dfe-portal.svrs.rs.gov.br/DFE/TabelaClassificacaoTributaria
200034;VII;Cereais do capítulo 10 e sementes e frutos oleaginosos classificados no capítulo 12, ambos da NCM/SH, ressalvados os produtos relacionados no Anexo I;NCM;10079000;ALIMENTOS DESTINADOS AO CONSUMO HUMANO;Produtos relacionados no Anexo I;PERMITIDO;;2026-01-01;;https://dfe-portal.svrs.rs.gov.br/DFE/TabelaClassificacaoTributaria
200034;VII;Cereais do capítulo 10 e sementes e frutos oleaginosos classificados no capítulo 12, ambos da NCM/SH, ressalvados os produtos relacionados no Anexo I;NCM;10081010;ALIMENTOS DESTINADOS AO CONSUMO HUMANO;Produtos relacionados no Anexo I;PERMITIDO;;2026-01-01;;https://dfe-portal.svrs.rs.gov.br/DFE/TabelaClassificacaoTributaria
200034;VII;Cereais do capítulo 10 e sementes e frutos oleaginosos classificados no capítulo 12, ambos da NCM/SH, ressalvados os produtos relacionados no Anexo I;NCM;10081090;ALIMENTOS DESTINADOS AO CONSUMO HUMANO;Produtos relacionados no Anexo I;PERMITIDO;;2026-01-01;;https://dfe-portal.svrs.rs.gov.br/DFE/TabelaClassificacaoTributaria
200034;VII;Cereais do capítulo 10 e sementes e frutos oleaginosos classificados no capítulo 12, ambos da NCM/SH, ressalvados os produtos relacionados no Anexo I;NCM;10082110;ALIMENTOS DESTINADOS AO CONSUMO HUMANO;Produtos relacionados no Anexo I;PERMITIDO;;2026-01-01;;https://dfe-portal.svrs.rs.gov.br/DFE/TabelaClassificacaoTributaria
200034;VII;Cereais do capítulo 10 e sementes e frutos oleaginosos classificados no capítulo 12, ambos da NCM/SH, ressalvados os produtos relacionados no Anexo I;NCM;10082190;ALIMENTOS DESTINADOS AO CONSUMO HUMANO;Produtos relacionados no Anexo I;PERMITIDO;;2026-01-01;;https://dfe-portal.svrs.rs.gov.br/DFE/TabelaClassificacaoTributaria
200034;VII;Cereais do capítulo 10 e sementes e frutos oleaginosos classificados no capítulo 12, ambos da NCM/SH, ressalvados os produtos relacionados no Anexo I;NCM;10082910;ALIMENTOS DESTINADOS AO CONSUMO HUMANO;Produtos relacionados no Anexo I;PERMITIDO;;2026-01-01;;https://dfe-portal.svrs.rs.gov.br/DFE/TabelaClassificacaoTributaria
200034;VII;Cereais do capítulo 10 e sementes e frutos oleaginosos classificados no capítulo 12, ambos da NCM/SH, ressalvados os produtos relacionados no Anexo I;NCM;10082990;ALIMENTOS DESTINADOS AO CONSUMO HUMANO;Produtos relacionados no Anexo I;PERMITIDO;;2026-01-01;;https://dfe-portal.svrs.rs.gov.br/DFE/TabelaClassificacaoTributaria
200034;VII;Cereais do capítulo 10 e sementes e frutos oleaginosos classificados no capítulo 12, ambos da NCM/SH, ressalvados os produtos relacionados no Anexo I;NCM;10083010;ALIMENTOS DESTINADOS AO CONSUMO HUMANO;Produtos relacionados no Anexo I;PERMITIDO;;2026-01-01;;https://dfe-portal.svrs.rs.gov.br/DFE/TabelaClassificacaoTributaria
200034;VII;Cereais do capítulo 10 e sementes e frutos oleaginosos classificados no capítulo 12, ambos da NCM/SH, ressalvados os produtos relacionados no Anexo I;NCM;10083090;ALIMENTOS DESTINADOS AO CONSUMO HUMANO;Produtos relacionados no Anexo I;PERMITIDO;;2026-01-01;;https://dfe-portal.svrs.rs.gov.br/DFE/TabelaClassificacaoTributaria
200034;VII;Cereais do capítulo 10 e sementes e frutos oleaginosos classificados no capítulo 12, ambos da NCM/SH, ressalvados os produtos relacionados no Anexo I;NCM;10084010;ALIMENTOS DESTINADOS AO CONSUMO HUMANO;Produtos relacionados no Anexo I;PERMITIDO;;2026-01-01;;https://dfe-portal.svrs.rs.gov.br/DFE/TabelaClassificacaoTributaria
200034;VII;Cereais do capítulo 10 e sementes e frutos oleaginosos classificados no capítulo 12, ambos da NCM/SH, ressalvados os produtos relacionados no Anexo I;NCM;10084090;ALIMENTOS DESTINADOS AO CONSUMO HUMANO;Produtos relacionados no Anexo I;PERMITIDO;;2026-01-01;;https://dfe-portal.svrs.rs.gov.br/DFE/TabelaClassificacaoTributaria
200034;VII;Cereais do capítulo 10 e sementes e frutos oleaginosos classificados no capítulo 12, ambos da NCM/SH, ressalvados os produtos relacionados no Anexo I;NCM;10085010;ALIMENTOS DESTINADOS AO CONSUMO HUMANO;Produtos relacionados no Anexo I;PERMITIDO;;2026-01-01;;https://dfe-portal.svrs.rs.gov.br/DFE/TabelaClassificacaoTributaria
200034;VII;Cereais do capítulo 10 e sementes e frutos oleaginosos classificados no capítulo 12, ambos da NCM/SH, ressalvados os produtos relacionados no Anexo I;NCM;10085090;ALIMENTOS DESTINADOS AO CONSUMO HUMANO;Produtos relacionados no Anexo I;PERMITIDO;;2026-01-01;;https://dfe-portal.svrs.rs.gov.br/DFE/TabelaClassificacaoTributaria
200034;VII;Cereais do capítulo 10 e sementes e frutos oleaginosos classificados no capítulo 12, ambos da NCM/SH, ressalvados os produtos relacionados no Anexo I;NCM;10086010;ALIMENTOS DESTINADOS AO CONSUMO HUMANO;Produtos relacionados no Anexo I;PERMITIDO;;2026-01-01;;https://dfe-portal.svrs.rs.gov.br/DFE/TabelaClassificacaoTributaria
200034;VII;Cereais do capítulo 10 e sementes e frutos oleaginosos classificados no capítulo 12, ambos da NCM/SH, ressalvados os produtos relacionados no Anexo I;NCM;10086090;ALIMENTOS DESTINADOS AO CONSUMO HUMANO;Produtos relacionados no Anexo I;PERMITIDO;;2026-01-01;;https://dfe-portal.svrs.rs.gov.br/DFE/TabelaClassificacaoTributaria
200034;VII;Cereais do capítulo 10 e sementes e frutos oleaginosos classificados no capítulo 12, ambos da NCM/SH, ressalvados os produtos relacionados no Anexo I;NCM;10089010;ALIMENTOS DESTINADOS AO CONSUMO HUMANO;Produtos relacionados no Anexo I;PERMITIDO;;2026-01-01;;https://dfe-portal.svrs.rs.gov.br/DFE/TabelaClassificacaoTributaria
200034;VII;Cereais do capítulo 10 e sementes e frutos oleaginosos classificados no capítulo 12, ambos da NCM/SH, ressalvados os produtos relacionados no Anexo I;NCM;10089090;ALIMENTOS DESTINADOS AO CONSUMO HUMANO;Produtos relacionados no Anexo I;PERMITIDO;;2026-01-01;;https://dfe-portal.svrs.rs.gov.br/DFE/TabelaClassificacaoTributaria
200034;VII;Cereais do capítulo 10 e sementes e frutos oleaginosos classificados no capítulo 12, ambos da NCM/SH, ressalvados os produtos relacionados no Anexo I;NCM;10062010;;Produtos relacionados no Anexo I;VEDADO;Listado no Anexo I;2026-01-01;;https://dfe-portal.svrs.rs.gov.br/DFE/TabelaClassificacaoTributaria
200034;VII;Cereais do capítulo 10 e sementes e frutos oleaginosos classificados no capítulo 12, ambos da NCM/SH, ressalvados os produtos relacionados no Anexo I;NCM;10062020;;Produtos relacionados no Anexo I;VEDADO;Listado no Anexo I;2026-01-01;;https://dfe-portal.svrs.rs.gov.br/DFE/TabelaClassificacaoTributaria
200034;VII;Cereais do capítulo 10 e sementes e frutos oleaginosos classificados no capítulo 12, ambos da NCM/SH, ressalvados os produtos relacionados no Anexo I;NCM;10063011;;Produtos relacionados no Anexo I;VEDADO;Listado no Anexo I;2026-01-01;;https://dfe-portal.svrs.rs.gov.br/DFE/TabelaClassificacaoTributaria
200034;VII;Cereais do capítulo 10 e sementes e frutos oleaginosos classificados no capítulo 12, ambos da NCM/SH, ressalvados os produtos relacionados no Anexo I;NCM;10063019;;Produtos relacionados no Anexo I;VEDADO;Listado no Anexo I;2026-01-01;;https://dfe-portal.svrs.rs.gov.br/DFE/TabelaClassificacaoTributaria
200034;VII;Cereais do capítulo 10 e sementes e frutos oleaginosos classificados no capítulo 12, ambos da NCM/SH, ressalvados os produtos relacionados no Anexo I;NCM;10063021;;Produtos relacionados no Anexo I;VEDADO;Listado no Anexo I;2026-01-01;;https://dfe-portal.svrs.rs.gov.br/DFE/TabelaClassificacaoTributaria
200034;VII;Cereais do capítulo 10 e sementes e frutos oleaginosos classificados no capítulo 12, ambos da NCM/SH, ressalvados os produtos relacionados no Anexo I;NCM;10063029;;Produtos relacionados no Anexo I;VEDADO;Listado no Anexo I;2026-01-01;;https://dfe-portal.svrs.rs.gov.br/DFE/TabelaClassificacaoTributaria
200034;VII;Cereais do capítulo 10 e sementes e frutos oleaginosos classificados no capítulo 12, ambos da NCM/SH, ressalvados os produtos relacionados no Anexo I;NCM;10064000;;Produtos relacionados no Anexo I;VEDADO;Listado no Anexo I;2026-01-01;;https://dfe-portal.svrs.rs.gov.br/DFE/TabelaClassificacaoTributaria
200034;VII;Cereais do capítulo 10 e sementes e frutos oleaginosos classificados no capítulo 12, ambos da NCM/SH, ressalvados os produtos relacionados no Anexo I;NCM;12011000;ALIMENTOS DESTINADOS AO CONSUMO HUMANO;Produtos relacionados no Anexo I;PERMITIDO;;2026-01-01;;https://dfe-portal.svrs.rs.gov.br/DFE/TabelaClassificacaoTributaria
200034;VII;Cereais do capítulo 10 e sementes e frutos oleaginosos classificados no capítulo 12, ambos da NCM/SH, ressalvados os produtos relacionados no Anexo I;NCM;12019000;ALIMENTOS DESTINADOS AO CONSUMO HUMANO;Produtos relacionados no Anexo I;PERMITIDO;;2026-01-01;;https://dfe-portal.svrs.rs.gov.br/DFE/TabelaClassificacaoTributaria
200034;VII;Cereais do capítulo 10 e sementes e frutos oleaginosos classificados no capítulo 12, ambos da NCM/SH, ressalvados os produtos relacionados no Anexo I;NCM;12023000;ALIMENTOS DESTINADOS AO CONSUMO HUMANO;Produtos relacionados no Anexo I;PERMITIDO;;2026-01-01;;https://dfe-portal.svrs.rs.gov.br/DFE/TabelaClassificacaoTributaria
200034;VII;Cereais do capítulo 10 e sementes e frutos oleaginosos classificados no capítulo 12, ambos da NCM/SH, ressalvados os produtos relacionados no Anexo I;NCM;12024100;ALIMENTOS DESTINADOS AO CONSUMO HUMANO;Produtos relacionados no Anexo I;PERMITIDO;;2026-01-01;;https://dfe-portal.svrs.rs.gov.br/DFE/TabelaClassificacaoTributaria
200034;VII;Cereais do capítulo 10 e sementes e frutos oleaginosos classificados no capítulo 12, ambos da NCM/SH, ressalvados os produtos relacionados no Anexo I;NCM;12024200;ALIMENTOS DESTINADOS AO CONSUMO HUMANO;Produtos relacionados no Anexo I;PERMITIDO;;2026-01-01;;https://dfe-portal.svrs.rs.gov.br/DFE/TabelaClassificacaoTributaria
200034;VII;Cereais do capítulo 10 e sementes e frutos oleaginosos classificados no capítulo 12, ambos da NCM/SH, ressalvados os produtos relacionados no Anexo I;NCM;12030000;ALIMENTOS DESTINADOS AO CONSUMO HUMANO;Produtos relacionados no Anexo I;PERMITIDO;;2026-01-01;;https://dfe-portal.svrs.rs.gov.br/DFE/TabelaClassificacaoTributaria
200034;VII;Cereais do capítulo 10 e sementes e frutos oleaginosos classificados no capítulo 12, ambos da NCM/SH, ressalvados os produtos relacionados no Anexo I;NCM;12040010;ALIMENTOS DESTINADOS AO CONSUMO HUMANO;Produtos relacionados no Anexo I;PERMITIDO;;2026-01-01;;https://dfe-portal.svrs.rs.gov.br/DFE/TabelaClassificacaoTributaria
200034;VII;Cereais do capítulo 10 e sementes e frutos oleaginosos classificados no capítulo 12, ambos da NCM/SH, ressalvados os produtos relacionados no Anexo I;NCM;12040090;ALIMENTOS DESTINADOS AO CONSUMO HUMANO;Produtos relacionados no Anexo I;PERMITIDO;;2026-01-01;;https://dfe-portal.svrs.rs.gov.br/DFE/TabelaClassificacaoTributaria
200034;VII;Cereais do capítulo 10 e sementes e frutos oleaginosos classificados no capítulo 12, ambos da NCM/SH, ressalvados os produtos relacionados no Anexo I;NCM;12051010;ALIMENTOS DESTINADOS AO CONSUMO HUMANO;Produtos relacionados no Anexo I;PERMITIDO;;2026-01-01;;https://dfe-portal.svrs.rs.gov.br/DFE/TabelaClassificacaoTributaria
200034;VII;Cereais do capítulo 10 e sementes e frutos oleaginosos classificados no capítulo 12, ambos da NCM/SH, ressalvados os produtos relacionados no Anexo I;NCM;12051090;ALIMENTOS DESTINADOS AO CONSUMO HUMANO;Produtos relacionados no Anexo I;PERMITIDO;;2026-01-01;;https://dfe-portal.svrs.rs.gov.br/DFE/TabelaClassificacaoTributaria
200034;VII;Cereais do capítulo 10 e sementes e frutos oleaginosos classificados no capítulo 12, ambos da NCM/SH, ressalvados os produtos relacionados no Anexo I;NCM;12059010;ALIMENTOS DESTINADOS AO CONSUMO HUMANO;Produtos relacionados no Anexo I;PERMITIDO;;2026-01-01;;https://dfe-portal.svrs.rs.gov.br/DFE/TabelaClassificacaoTributaria
200034;VII;Cereais do capítulo 10 e sementes e frutos oleaginosos classificados no capítulo 12, ambos da NCM/SH, ressalvados os produtos relacionados no Anexo I;NCM;12059090;ALIMENTOS DESTINADOS AO CONSUMO HUMANO;Produtos relacionados no Anexo I;PERMITIDO;;2026-01-01;;https://dfe-portal.svrs.rs.gov.br/DFE/TabelaClassificacaoTributaria
200034;VII;Cereais do capítulo 10 e sementes e frutos oleaginosos classificados no capítulo 12, ambos da NCM/SH, ressalvados os produtos relacionados no Anexo I;NCM;12060010;ALIMENTOS DESTINADOS AO CONSUMO HUMANO;Produtos relacionados no Anexo I;PERMITIDO;;2026-01-01;;https://dfe-portal.svrs.rs.gov.br/DFE/TabelaClassificacaoTributaria
200034;VII;Cereais do capítulo 10 e sementes e frutos oleaginosos classificados no capítulo 12, ambos da NCM/SH, ressalvados os produtos relacionados no Anexo I;NCM;12060090;ALIMENTOS DESTINADOS AO CONSUMO HUMANO;Produtos relacionados no Anexo I;PERMITIDO;;2026-01-01;;https://dfe-portal.svrs.rs.gov.br/DFE/TabelaClassificacaoTributaria
200034;VII;Cereais do capítulo 10 e sementes e frutos oleaginosos classificados no capítulo 12, ambos da NCM/SH, ressalvados os produtos relacionados no Anexo I;NCM;12071010;ALIMENTOS DESTINADOS AO CONSUMO HUMANO;Produtos relacionados no Anexo I;PERMITIDO;;2026-01-01;;https://dfe-portal.svrs.rs.gov.br/DFE/TabelaClassificacaoTributaria
200034;VII;Cereais do capítulo 10 e sementes e frutos oleaginosos classificados no capítulo 12, ambos da NCM/SH, ressalvados os produtos relacionados no Anexo I;NCM;12071090;ALIMENTOS DESTINADOS AO CONSUMO HUMANO;Produtos relacionados no Anexo I;PERMITIDO;;2026-01-01;;https://dfe-portal.svrs.rs.gov.br/DFE/TabelaClassificacaoTributaria
200034;VII;Cereais do capítulo 10 e sementes e frutos oleaginosos classificados no capítulo 12, ambos da NCM/SH, ressalvados os produtos relacionados no Anexo I;NCM;12072100;ALIMENTOS DESTINADOS AO CONSUMO HUMANO;Produtos relacionados no Anexo I;PERMITIDO;;2026-01-01;;https://dfe-portal.svrs.rs.gov.br/DFE/TabelaClassificacaoTributaria
200034;VII;Cereais do capítulo 10 e sementes e frutos oleaginosos classificados no capítulo 12, ambos da NCM/SH, ressalvados os produtos relacionados no Anexo I;NCM;12072900;ALIMENTOS DESTINADOS AO CONSUMO HUMANO;Produtos relacionados no Anexo I;PERMITIDO;;2026-01-01;;https://dfe-portal.svrs.rs.gov.br/DFE/TabelaClassificacaoTributaria
200034;VII;Cereais do capítulo 10 e sementes e frutos oleaginosos classificados no capítulo 12, ambos da NCM/SH, ressalvados os produtos relacionados no Anexo I;NCM;12073010;ALIMENTOS DESTINADOS AO CONSUMO HUMANO;Produtos relacionados no Anexo I;PERMITIDO;;2026-01-01;;https://dfe-portal.svrs.rs.gov.br/DFE/TabelaClassificacaoTributaria
200034;VII;Cereais do capítulo 10 e sementes e frutos oleaginosos classificados no capítulo 12, ambos da NCM/SH, ressalvados os produtos relacionados no Anexo I;NCM;12073090;ALIMENTOS DESTINADOS AO CONSUMO HUMANO;Produtos relacionados no Anexo I;PERMITIDO;;2026-01-01;;https://dfe-portal.svrs.rs.gov.br/DFE/TabelaClassificacaoTributaria
200034;VII;Cereais do capítulo 10 e sementes e frutos oleaginosos classificados no capítulo 12, ambos da NCM/SH, ressalvados os produtos relacionados no Anexo I;NCM;12074010;ALIMENTOS DESTINADOS AO CONSUMO HUMANO;Produtos relacionados no Anexo I;PERMITIDO;;2026-01-01;;https://dfe-portal.svrs.rs.gov.br/DFE/TabelaClassificacaoTributaria
200034;VII;Cereais do capítulo 10 e sementes e frutos oleaginosos classificados no capítulo 12, ambos da NCM/SH, ressalvados os produtos relacionados no Anexo I;NCM;12074090;ALIMENTOS DESTINADOS AO CONSUMO HUMANO;Produtos relacionados no Anexo I;PERMITIDO;;2026-01-01;;https://dfe-portal.svrs.rs.gov.br/DFE/TabelaClassificacaoTributaria
200034;VII;Cereais do capítulo 10 e sementes e frutos oleaginosos classificados no capítulo 12, ambos da NCM/SH, ressalvados os produtos relacionados no Anexo I;NCM;12075010;ALIMENTOS DESTINADOS AO CONSUMO HUMANO;Produtos relacionados no Anexo I;PERMITIDO;;2026-01-01;;https://dfe-portal.svrs.rs.gov.br/DFE/TabelaClassificacaoTributaria
200034;VII;Cereais do capítulo 10 e sementes e frutos oleaginosos classificados no capítulo 12, ambos da NCM/SH, ressalvados os produtos relacionados no Anexo I;NCM;12075090;ALIMENTOS DESTINADOS AO CONSUMO HUMANO;Produtos relacionados no Anexo I;PERMITIDO;;2026-01-01;;https://dfe-portal.svrs.rs.gov.br/DFE/TabelaClassificacaoTributaria
200034;VII;Cereais do capítulo 10 e sementes e frutos oleaginosos classificados no capítulo 12, ambos da NCM/SH, ressalvados os produtos relacionados no Anexo I;NCM;12076010;ALIMENTOS DESTINADOS AO CONSUMO HUMANO;Produtos relacionados no Anexo I;PERMITIDO;;2026-01-01;;https://dfe-portal.svrs.rs.gov.br/DFE/TabelaClassificacaoTributaria
200034;VII;Cereais do capítulo 10 e sementes e frutos oleaginosos classificados no capítulo 12, ambos da NCM/SH, ressalvados os produtos relacionados no Anexo I;NCM;12076090;ALIMENTOS DESTINADOS AO CONSUMO HUMANO;Produtos relacionados no Anexo I;PERMITIDO;;2026-01-01;;https://dfe-portal.svrs.rs.gov.br/DFE/TabelaClassificacaoTributaria
200034;VII;Cereais do capítulo 10 e sementes e frutos oleaginosos classificados no capítulo 12, ambos da NCM/SH, ressalvados os produtos relacionados no Anexo I;NCM;12077010;ALIMENTOS DESTINADOS AO CONSUMO HUMANO;Produtos relacionados no Anexo I;PERMITIDO;;2026-01-01;;https://dfe-portal.svrs.rs.gov.br/DFE/TabelaClassificacaoTributaria
200034;VII;Cereais do capítulo 10 e sementes e frutos oleaginosos classificados no capítulo 12, ambos da NCM/SH, ressalvados os produtos relacionados no Anexo I;NCM;12077090;ALIMENTOS DESTINADOS AO CONSUMO HUMANO;Produtos relacionados no Anexo I;PERMITIDO;;2026-01-01;;https://dfe-portal.svrs.rs.gov.br/DFE/TabelaClassificacaoTributaria
200034;VII;Cereais do capítulo 10 e sementes e frutos oleaginosos classificados no capítulo 12, ambos da NCM/SH, ressalvados os produtos relacionados no Anexo I;NCM;12079110;ALIMENTOS DESTINADOS AO CONSUMO HUMANO;Produtos relacionados no Anexo I;PERMITIDO;;2026-01-01;;https://dfe-portal.svrs.rs.gov.br/DFE/TabelaClassificacaoTributaria
200034;VII;Cereais do capítulo 10 e sementes e frutos oleaginosos classificados no capítulo 12, ambos da NCM/SH, ressalvados os produtos relacionados no Anexo I;NCM;12079190;ALIMENTOS DESTINADOS AO CONSUMO HUMANO;Produtos relacionados no Anexo I;PERMITIDO;;2026-01-01;;https://dfe-portal.svrs.rs.gov.br/DFE/TabelaClassificacaoTributaria
200034;VII;Cereais do capítulo 10 e sementes e frutos oleaginosos classificados no capítulo 12, ambos da NCM/SH, ressalvados os produtos relacionados no Anexo I;NCM;12079910;ALIMENTOS DESTINADOS AO CONSUMO HUMANO;Produtos relacionados no Anexo I;PERMITIDO;;2026-01-01;;https://dfe-portal.svrs.rs.gov.br/DFE/TabelaClassificacaoTributaria
200034;VII;Cereais do capítulo 10 e sementes e frutos oleaginosos classificados no capítulo 12, ambos da NCM/SH, ressalvados os produtos relacionados no Anexo I;NCM;12079990;ALIMENTOS DESTINADOS AO CONSUMO HUMANO;Produtos relacionados no Anexo I;PERMITIDO;;2026-01-01;;https://dfe-portal.svrs.rs.gov.br/DFE/TabelaClassificacaoTributaria
200034;VII;Cereais do capítulo 10 e sementes e frutos oleaginosos classificados no capítulo 12, ambos da NCM/SH, ressalvados os produtos relacionados no Anexo I;NCM;12081000;ALIMENTOS DESTINADOS AO CONSUMO HUMANO;Produtos relacionados no Anexo I;PERMITIDO;;2026-01-01;;https://dfe-portal.svrs.rs.gov.br/DFE/TabelaClassificacaoTributaria
200034;VII;Cereais do capítulo 10 e sementes e frutos oleaginosos classificados no capítulo 12, ambos da NCM/SH, ressalvados os produtos relacionados no Anexo I;NCM;12089000;ALIMENTOS DESTINADOS AO CONSUMO HUMANO;Produtos relacionados no Anexo I;PERMITIDO;;2026-01-01;;https://dfe-portal.svrs.rs.gov.br/DFE/TabelaClassificacaoTributaria
200034;VII;Cereais do capítulo 10 e sementes e frutos oleaginosos classificados no capítulo 12, ambos da NCM/SH, ressalvados os produtos relacionados no Anexo I;NCM;12091000;ALIMENTOS DESTINADOS AO CONSUMO HUMANO;Produtos relacionados no Anexo I;PERMITIDO;;2026-01-01;;https://dfe-portal.svrs.rs.gov.br/DFE/TabelaClassificacaoTributaria
200034;VII;Cereais do capítulo 10 e sementes e frutos oleaginosos classificados no capítulo 12, ambos da NCM/SH, ressalvados os produtos relacionados no Anexo I;NCM;12092100;ALIMENTOS DESTINADOS AO CONSUMO HUMANO;Produtos relacionados no Anexo I;PERMITIDO;;2026-01-01;;https://dfe-portal.svrs.rs.gov.br/DFE/TabelaClassificacaoTributaria
200034;VII;Cereais do capítulo 10 e sementes e frutos oleaginosos classificados no capítulo 12, ambos da NCM/SH, ressalvados os produtos relacionados no Anexo I;NCM;12092200;ALIMENTOS DESTINADOS AO CONSUMO HUMANO;Produtos relacionados no Anexo I;PERMITIDO;;2026-01-01;;https://dfe-portal.svrs.rs.gov.br/DFE/TabelaClassificacaoTributaria
200034;VII;Cereais do capítulo 10 e sementes e frutos oleaginosos classificados no capítulo 12, ambos da NCM/SH, ressalvados os produtos relacionados no Anexo I;NCM;12092300;ALIMENTOS DESTINADOS AO CONSUMO HUMANO;Produtos relacionados no Anexo I;PERMITIDO;;2026-01-01;;https://dfe-portal.svrs.rs.gov.br/DFE/TabelaClassificacaoTributaria
200034;VII;Cereais do capítulo 10 e sementes e frutos oleaginosos classificados no capítulo 12, ambos da NCM/SH, ressalvados os produtos relacionados no Anexo I;NCM;12092400;ALIMENTOS DESTINADOS AO CONSUMO HUMANO;Produtos relacionados no Anexo I;PERMITIDO;;2026-01-01;;https://dfe-portal.svrs.rs.gov.br/DFE/TabelaClassificacaoTributaria
200034;VII;Cereais do capítulo 10 e sementes e frutos oleaginosos classificados no capítulo 12, ambos da NCM/SH, ressalvados os produtos relacionados no Anexo I;NCM;12092500;ALIMENTOS DESTINADOS AO CONSUMO HUMANO;Produtos relacionados no Anexo I;PERMITIDO;;2026-01-01;;https://dfe-portal.svrs.rs.gov.br/DFE/TabelaClassificacaoTributaria
200034;VII;Cereais do capítulo 10 e sementes e frutos oleaginosos classificados no capítulo 12, ambos da NCM/SH, ressalvados os produtos relacionados no Anexo I;NCM;12092900;ALIMENTOS DESTINADOS AO CONSUMO HUMANO;Produtos relacionados no Anexo I;PERMITIDO;;2026-01-01;;https://dfe-portal.svrs.rs.gov.br/DFE/TabelaClassificacaoTributaria
200034;VII;Cereais do capítulo 10 e sementes e frutos oleaginosos classificados no capítulo 12, ambos da NCM/SH, ressalvados os produtos relacionados no Anexo I;NCM;12093000;ALIMENTOS DESTINADOS AO CONSUMO HUMANO;Produtos relacionados no Anexo I;PERMITIDO;;2026-01-01;;https://dfe-portal.svrs.rs.gov.br/DFE/TabelaClassificacaoTributaria
200034;VII;Cereais do capítulo 10 e sementes e frutos oleaginosos classificados no capítulo 12, ambos da NCM/SH, ressalvados os produtos relacionados no Anexo I;NCM;12099100;ALIMENTOS DESTINADOS AO CONSUMO HUMANO;Produtos relacionados no Anexo I;PERMITIDO;;2026-01-01;;https://dfe-portal.svrs.rs.gov.br/DFE/TabelaClassificacaoTributaria
200034;VII;Cereais do capítulo 10 e sementes e frutos oleaginosos classificados no capítulo 12, ambos da NCM/SH, ressalvados os produtos relacionados no Anexo I;NCM;12099900;ALIMENTOS DESTINADOS AO CONSUMO HUMANO;Produtos relacionados no Anexo I;PERMITIDO;;2026-01-01;;https://dfe-portal.svrs.rs.gov.br/DFE/TabelaClassificacaoTributaria
200034;VII;Cereais do capítulo 10 e sementes e frutos oleaginosos classificados no capítulo 12, ambos da NCM/SH, ressalvados os produtos relacionados no Anexo I;NCM;12101000;ALIMENTOS DESTINADOS AO CONSUMO HUMANO;Produtos relacionados no Anexo I;PERMITIDO;;2026-01-01;;https://dfe-portal.svrs.rs.gov.br/DFE/TabelaClassificacaoTributaria
200034;VII;Cereais do capítulo 10 e sementes e frutos oleaginosos classificados no capítulo 12, ambos da NCM/SH, ressalvados os produtos relacionados no Anexo I;NCM;12102010;ALIMENTOS DESTINADOS AO CONSUMO HUMANO;Produtos relacionados no Anexo I;PERMITIDO;;2026-01-01;;https://dfe-portal.svrs.rs.gov.br/DFE/TabelaClassificacaoTributaria
200034;VII;Cereais do capítulo 10 e sementes e frutos oleaginosos classificados no capítulo 12, ambos da NCM/SH, ressalvados os produtos relacionados no Anexo I;NCM;12102020;ALIMENTOS DESTINADOS AO CONSUMO HUMANO;Produtos relacionados no Anexo I;PERMITIDO;;2026-01-01;;https://dfe-portal.svrs.rs.gov.br/DFE/TabelaClassificacaoTributaria
200034;VII;Cereais do capítulo 10 e sementes e frutos oleaginosos classificados no capítulo 12, ambos da NCM/SH, ressalvados os produtos relacionados no Anexo I;NCM;12112000;ALIMENTOS DESTINADOS AO CONSUMO HUMANO;Produtos relacionados no Anexo I;PERMITIDO;;2026-01-01;;https://dfe-portal.svrs.rs.gov.br/DFE/TabelaClassificacaoTributaria
200034;VII;Cereais do capítulo 10 e sementes e frutos oleaginosos classificados no capítulo 12, ambos da NCM/SH, ressalvados os produtos relacionados no Anexo I;NCM;12113000;ALIMENTOS DESTINADOS AO CONSUMO HUMANO;Produtos relacionados no Anexo I;PERMITIDO;;2026-01-01;;https://dfe-portal.svrs.rs.gov.br/DFE/TabelaClassificacaoTributaria
200034;VII;Cereais do capítulo 10 e sementes e frutos oleaginosos classificados no capítulo 12, ambos da NCM/SH, ressalvados os produtos relacionados no Anexo I;NCM;12114000;ALIMENTOS DESTINADOS AO CONSUMO HUMANO;Produtos relacionados no Anexo I;PERMITIDO;;2026-01-01;;https://dfe-portal.svrs.rs.gov.br/DFE/TabelaClassificacaoTributaria
200034;VII;Cereais do capítulo 10 e sementes e frutos oleaginosos classificados no capítulo 12, ambos da NCM/SH, ressalvados os produtos relacionados no Anexo I;NCM;12115000;ALIMENTOS DESTINADOS AO CONSUMO HUMANO;Produtos relacionados no Anexo I;PERMITIDO;;2026-01-01;;https://dfe-portal.svrs.rs.gov.br/DFE/TabelaClassificacaoTributaria
200034;VII;Cereais do capítulo 10 e sementes e frutos oleaginosos classificados no capítulo 12, ambos da NCM/SH, ressalvados os produtos relacionados no Anexo I;NCM;12116000;ALIMENTOS DESTINADOS AO CONSUMO HUMANO;Produtos relacionados no Anexo I;PERMITIDO;;2026-01-01;;https://dfe-portal.svrs.rs.gov.br/DFE/TabelaClassificacaoTributaria
200034;VII;Cereais do capítulo 10 e sementes e frutos oleaginosos classificados no capítulo 12, ambos da NCM/SH, ressalvados os produtos relacionados no Anexo I;NCM;12119010;ALIMENTOS DESTINADOS AO CONSUMO HUMANO;Produtos relacionados no Anexo I;PERMITIDO;;2026-01-01;;https://dfe-portal.svrs.rs.gov.br/DFE/TabelaClassificacaoTributaria
200034;VII;Cereais do capítulo 10 e sementes e frutos oleaginosos classificados no capítulo 12, ambos da NCM/SH, ressalvados os produtos relacionados no Anexo I;NCM;12119090;ALIMENTOS DESTINADOS AO CONSUMO HUMANO;Produtos relacionados no Anexo I;PERMITIDO;;2026-01-01;;https://dfe-portal.svrs.rs.gov.br/DFE/TabelaClassificacaoTributaria
200034;VII;Cereais do capítulo 10 e sementes e frutos oleaginosos classificados no capítulo 12, ambos da NCM/SH, ressalvados os produtos relacionados no Anexo I;NCM;12122100;ALIMENTOS DESTINADOS AO CONSUMO HUMANO;Produtos relacionados no Anexo I;PERMITIDO;;2026-01-01;;https://dfe-portal.svrs.rs.gov.br/DFE/TabelaClassificacaoTributaria
200034;VII;Cereais do capítulo 10 e sementes e frutos oleaginosos classificados no capítulo 12, ambos da NCM/SH, ressalvados os produtos relacionados no Anexo I;NCM;12122900;ALIMENTOS DESTINADOS AO CONSUMO HUMANO;Produtos relacionados no Anexo I;PERMITIDO;;2026-01-01;;https://dfe-portal.svrs.rs.gov.br/DFE/TabelaClassificacaoTributaria
200034;VII;Cereais do capítulo 10 e sementes e frutos oleaginosos classificados no capítulo 12, ambos da NCM/SH, ressalvados os produtos relacionados no Anexo I;NCM;12129100;ALIMENTOS DESTINADOS AO CONSUMO HUMANO;Produtos relacionados no Anexo I;PERMITIDO;;2026-01-01;;https://dfe-portal.svrs.rs.gov.br/DFE/TabelaClassificacaoTributaria
200034;VII;Cereais do capítulo 10 e sementes e frutos oleaginosos classificados no capítulo 12, ambos da NCM/SH, ressalvados os produtos relacionados no Anexo I;NCM;12129200;ALIMENTOS DESTINADOS AO CONSUMO HUMANO;Produtos relacionados no Anexo I;PERMITIDO;;2026-01-01;;https://dfe-portal.svrs.rs.gov.br/DFE/TabelaClassificacaoTributaria
200034;VII;Cereais do capítulo 10 e sementes e frutos oleaginosos classificados no capítulo 12, ambos da NCM/SH, ressalvados os produtos relacionados no Anexo I;NCM;12129300;ALIMENTOS DESTINADOS AO CONSUMO HUMANO;Produtos relacionados no Anexo I;PERMITIDO;;2026-01-01;;https://dfe-portal.svrs.rs.gov.br/DFE/TabelaClassificacaoTributaria
200034;VII;Cereais do capítulo 10 e sementes e frutos oleaginosos classificados no capítulo 12, ambos da NCM/SH, ressalvados os produtos relacionados no Anexo I;NCM;12129400;ALIMENTOS DESTINADOS AO CONSUMO HUMANO;Produtos relacionados no Anexo I;PERMITIDO;;2026-01-01;;https://dfe-portal.svrs.rs.gov.br/DFE/TabelaClassificacaoTributaria
200034;VII;Cereais do capítulo 10 e sementes e frutos oleaginosos classificados no capítulo 12, ambos da NCM/SH, ressalvados os produtos relacionados no Anexo I;NCM;12129910;ALIMENTOS DESTINADOS AO CONSUMO HUMANO;Produtos relacionados no Anexo I;PERMITIDO;;2026-01-01;;https://dfe-portal.svrs.rs.gov.br/DFE/TabelaClassificacaoTributaria
200034;VII;Cereais do capítulo 10 e sementes e frutos oleaginosos classificados no capítulo 12, ambos da NCM/SH, ressalvados os produtos relacionados no Anexo I;NCM;12129990;ALIMENTOS DESTINADOS AO CONSUMO HUMANO;Produtos relacionados no Anexo I;PERMITIDO;;2026-01-01;;https://dfe-portal.svrs.rs.gov.br/DFE/TabelaClassificacaoTributaria
200034;VII;Cereais do capítulo 10 e sementes e frutos oleaginosos classificados no capítulo 12, ambos da NCM/SH, ressalvados os produtos relacionados no Anexo I;NCM;12130000;ALIMENTOS DESTINADOS AO CONSUMO HUMANO;Produtos relacionados no Anexo I;PERMITIDO;;2026-01-01;;https://dfe-portal.svrs.rs.gov.br/DFE/TabelaClassificacaoTributaria
200034;VII;Cereais do capítulo 10 e sementes e frutos oleaginosos classificados no capítulo 12, ambos da NCM/SH, ressalvados os produtos relacionados no Anexo I;NCM;12141000;ALIMENTOS DESTINADOS AO CONSUMO HUMANO;Produtos relacionados no Anexo I;PERMITIDO;;2026-01-01;;https://dfe-portal.svrs.rs.gov.br/DFE/TabelaClassificacaoTributaria
200034;VII;Cereais do capítulo 10 e sementes e frutos oleaginosos classificados no capítulo 12, ambos da NCM/SH, ressalvados os produtos relacionados no Anexo I;NCM;12149000;ALIMENTOS DESTINADOS AO CONSUMO HUMANO;Produtos relacionados no Anexo I;PERMITIDO;;2026-01-01;;https://dfe-portal.svrs.rs.gov.br/DFE/TabelaClassificacaoTributaria
200034;VII;Produtos hortícolas, mesmo misturados entre si, apenas pré-cozidos ou cozidos em água ou vapor, sem adição de sal ou de quaisquer outros produtos e substâncias, classificados nas posições 20.04 e 20.05 e no código 2002.10.00 da NCM/SH;NCM;20021000;ALIMENTOS DESTINADOS AO CONSUMO HUMANO;;PERMITIDO;;2026-01-01;;https://dfe-portal.svrs.rs.gov.br/DFE/TabelaClassificacaoTributaria
200034;VII;Produtos hortícolas, mesmo misturados entre si, apenas pré-cozidos ou cozidos em água ou vapor, sem adição de sal ou de quaisquer outros produtos e substâncias, classificados nas posições 20.04 e 20.05 e no código 2002.10.00 da NCM/SH;NCM;20041000;ALIMENTOS DESTINADOS AO CONSUMO HUMANO;;PERMITIDO;;2026-01-01;;https://dfe-portal.svrs.rs.gov.br/DFE/TabelaClassificacaoTributaria
200034;VII;Produtos hortícolas, mesmo misturados entre si, apenas pré-cozidos ou cozidos em água ou vapor, sem adição de sal ou de quaisquer outros produtos e substâncias, classificados nas posições 20.04 e 20.05 e no código 2002.10.00 da NCM/SH;NCM;20049000;ALIMENTOS DESTINADOS AO CONSUMO HUMANO;;PERMITIDO;;2026-01-01;;https://dfe-portal.svrs.rs.gov.br/DFE/TabelaClassificacaoTributaria
200034;VII;Produtos hortícolas, mesmo misturados entre si, apenas pré-cozidos ou cozidos em água ou vapor, sem adição de sal ou de quaisquer outros produtos e substâncias, classificados nas posições 20.04 e 20.05 e no código 2002.10.00 da NCM/SH;NCM;20051000;ALIMENTOS DESTINADOS AO CONSUMO HUMANO;;PERMITIDO;;2026-01-01;;https://dfe-portal.svrs.rs.gov.br/DFE/TabelaClassificacaoTributaria
200034;VII;Produtos hortícolas, mesmo misturados entre si, apenas pré-cozidos ou cozidos em água ou vapor, sem adição de sal ou de quaisquer outros produtos e substâncias, classificados nas posições 20.04 e 20.05 e no código 2002.10.00 da NCM/SH;NCM;20052000;ALIMENTOS DESTINADOS AO CONSUMO HUMANO;;PERMITIDO;;2026-01-01;;https://dfe-portal.svrs.rs.gov.br/DFE/TabelaClassificacaoTributaria
200034;VII;Produtos hortícolas, mesmo misturados entre si, apenas pré-cozidos ou cozidos em água ou vapor, sem adição de sal ou de quaisquer outros produtos e substâncias, classificados nas posições 20.04 e 20.05 e no código 2002.10.00 da NCM/SH;NCM;20054000;ALIMENTOS DESTINADOS AO CONSUMO HUMANO;;PERMITIDO;;2026-01-01;;https://dfe-portal.svrs.rs.gov.br/DFE/TabelaClassificacaoTributaria
200034;VII;Produtos hortícolas, mesmo misturados entre si, apenas pré-cozidos ou cozidos em água ou vapor, sem adição de sal ou de quaisquer outros produtos e substâncias, classificados nas posições 20.04 e 20.05 e no código 2002.10.00 da NCM/SH;NCM;20055100;ALIMENTOS DESTINADOS AO CONSUMO HUMANO;;PERMITIDO;;2026-01-01;;https://dfe-portal.svrs.rs.gov.br/DFE/TabelaClassificacaoTributaria
200034;VII;Produtos hortícolas, mesmo misturados entre si, apenas pré-cozidos ou cozidos em água ou vapor, sem adição de sal ou de quaisquer outros produtos e substâncias, classificados nas posições 20.04 e 20.05 e no código 2002.10.00 da NCM/SH;NCM;20055900;ALIMENTOS DESTINADOS AO CONSUMO HUMANO;;PERMITIDO;;2026-01-01;;https://dfe-portal.svrs.rs.gov.br/DFE/TabelaClassificacaoTributaria
200034;VII;Produtos hortícolas, mesmo misturados entre si, apenas pré-cozidos ou cozidos em água ou vapor, sem adição de sal ou de quaisquer outros produtos e substâncias, classificados nas posições 20.04 e 20.05 e no código 2002.10.00 da NCM/SH;NCM;20056000;ALIMENTOS DESTINADOS AO CONSUMO HUMANO;;PERMITIDO;;2026-01-01;;https://dfe-portal.svrs.rs.gov.br/DFE/TabelaClassificacaoTributaria
200034;VII;Produtos hortícolas, mesmo misturados entre si, apenas pré-cozidos ou cozidos em água ou vapor, sem adição de sal ou de quaisquer outros produtos e substâncias, classificados nas posições 20.04 e 20.05 e no código 2002.10.00 da NCM/SH;NCM;20057000;ALIMENTOS DESTINADOS AO CONSUMO HUMANO;;PERMITIDO;;2026-01-01;;https://dfe-portal.svrs.rs.gov.br/DFE/TabelaClassificacaoTributaria
200034;VII;Produtos hortícolas, mesmo misturados entre si, apenas pré-cozidos ou cozidos em água ou vapor, sem adição de sal ou de quaisquer outros produtos e substâncias, classificados nas posições 20.04 e 20.05 e no código 2002.10.00 da NCM/SH;NCM;20058000;ALIMENTOS DESTINADOS AO CONSUMO HUMANO;;PERMITIDO;;2026-01-01;;https://dfe-portal.svrs.rs.gov.br/DFE/TabelaClassificacaoTributaria
200034;VII;Produtos hortícolas, mesmo misturados entre si, apenas pré-cozidos ou cozidos em água ou vapor, sem adição de sal ou de quaisquer outros produtos e substâncias, classificados nas posições 20.04 e 20.05 e no código 2002.10.00 da NCM/SH;NCM;20059100;ALIMENTOS DESTINADOS AO CONSUMO HUMANO;;PERMITIDO;;2026-01-01;;https://dfe-portal.svrs.rs.gov.br/DFE/TabelaClassificacaoTributaria
200034;VII;Produtos hortícolas, mesmo misturados entre si, apenas pré-cozidos ou cozidos em água ou vapor, sem adição de sal ou de quaisquer outros produtos e substâncias, classificados nas posições 20.04 e 20.05 e no código 2002.10.00 da NCM/SH;NCM;20059900;ALIMENTOS DESTINADOS AO CONSUMO HUMANO;;PERMITIDO;;2026-01-01;;https://dfe-portal.svrs.rs.gov.br/DFE/TabelaClassificacaoTributaria
200034;VII;Fruta de casca rija regional, amendoins e outras sementes, mesmo misturados entre si, apenas torrados ou cozidos, sem adição de sal ou de quaisquer outros produtos e substâncias, classificados na subposição 2008.1 da NCM/SH;NCM;20081100;ALIMENTOS DESTINADOS AO CONSUMO HUMANO;;PERMITIDO;;2026-01-01;;https://dfe-portal.svrs.rs.gov.br/DFE/TabelaClassificacaoTributaria
200034;VII;Fruta de casca rija regional, amendoins e outras sementes, mesmo misturados entre si, apenas torrados ou cozidos, sem adição de sal ou de quaisquer outros produtos e substâncias, classificados na subposição 2008.1 da NCM/SH;NCM;20081900;ALIMENTOS DESTINADOS AO CONSUMO HUMANO;;PERMITIDO;;2026-01-01;;https://dfe-portal.svrs.rs.gov.br/DFE/TabelaClassificacaoTributaria